-- phpMyAdmin SQL Dump
-- version 4.5.4.1deb2ubuntu2.1
-- http://www.phpmyadmin.net
--
-- Хост: localhost
-- Время создания: Сен 17 2020 г., 02:17
-- Версия сервера: 5.7.30-0ubuntu0.16.04.1
-- Версия PHP: 7.2.31-1+ubuntu16.04.1+deb.sury.org+1

SET SQL_MODE = "NO_AUTO_VALUE_ON_ZERO";
SET time_zone = "+00:00";


/*!40101 SET @OLD_CHARACTER_SET_CLIENT=@@CHARACTER_SET_CLIENT */;
/*!40101 SET @OLD_CHARACTER_SET_RESULTS=@@CHARACTER_SET_RESULTS */;
/*!40101 SET @OLD_COLLATION_CONNECTION=@@COLLATION_CONNECTION */;
/*!40101 SET NAMES utf8mb4 */;

--
-- База данных: `wednote`
--

-- --------------------------------------------------------

--
-- Структура таблицы `budgets`
--

CREATE TABLE `budgets` (
  `id` int(10) UNSIGNED NOT NULL,
  `job_id` int(10) UNSIGNED NOT NULL,
  `qty` int(11) DEFAULT NULL,
  `price` int(11) DEFAULT NULL,
  `difference` int(11) DEFAULT NULL
) ENGINE=MyISAM DEFAULT CHARSET=utf8mb4 COLLATE=utf8mb4_unicode_ci;

--
-- Дамп данных таблицы `budgets`
--

INSERT INTO `budgets` (`id`, `job_id`, `qty`, `price`, `difference`) VALUES
(10, 167, 3, 2, 1),
(14, 7, 3, 1, 2),
(15, 4, 0, 0, 0),
(16, 5, 0, 0, 0),
(17, 169, 10, 2, 8),
(19, 170, 15, 3, 12),
(20, 12, 500, 300, 200),
(21, 174, 500, 500, 0),
(22, 173, 500, 500, 0),
(23, 171, 500, 110, 390),
(26, 175, 500, 300, 200),
(27, 44, 200, 100, 100),
(28, 181, 500, 500, 0),
(29, 176, 0, 0, 0),
(30, 177, 0, 0, 0),
(31, 58, 300, 200, 100),
(32, 54, 100, 100, 0),
(33, 53, 2000, 1000, 1000),
(34, 55, 22000, 12001, 9999),
(35, 56, 1000, 380, 620),
(36, 8, 300, 300, 0),
(37, 172, 200, 100, 100),
(41, 252, 123, 22, 101),
(42, 270, 0, 0, 0),
(43, 297, 0, 0, 0),
(44, 294, 0, 0, 0),
(45, 289, 0, 0, 0),
(46, 315, 0, 0, 0),
(47, 410, 0, 0, 0),
(48, 330, 0, 0, 0),
(49, 331, 0, 0, 0),
(50, 341, 0, 0, 0),
(51, 411, 0, 0, 0),
(52, 345, 0, 0, 0),
(53, 412, 10000, 3600, 6400),
(54, 413, 8000, 3000, 5000),
(55, 414, 0, 0, 0),
(56, 415, 0, 0, 0),
(57, 416, 0, 0, 0),
(58, 417, 0, 0, 0),
(59, 418, 0, 0, 0),
(60, 419, 0, 0, 0),
(61, 420, 0, 0, 0),
(62, 421, 0, 0, 0),
(63, 422, 0, 0, 0),
(64, 423, 0, 0, 0),
(65, 424, 0, 0, 0),
(66, 333, 0, 0, 0),
(67, 425, 0, 0, 0),
(68, 426, 0, 0, 0),
(69, 427, 0, 0, 0),
(70, 428, 0, 0, 0),
(71, 429, 0, 0, 0),
(72, 430, 0, 0, 0),
(73, 431, 0, 0, 0),
(74, 432, 0, 0, 0),
(75, 433, 0, 0, 0),
(76, 434, 0, 0, 0),
(77, 435, 0, 0, 0),
(78, 436, 0, 0, 0),
(79, 437, 0, 0, 0),
(80, 438, 0, 0, 0),
(81, 439, 0, 0, 0),
(82, 440, 0, 0, 0),
(83, 441, 0, 0, 0),
(84, 442, 0, 0, 0),
(85, 443, 0, 0, 0),
(86, 444, 0, 0, 0),
(87, 445, 0, 0, 0),
(88, 446, 0, 0, 0),
(89, 447, 0, 0, 0),
(90, 449, 0, 0, 0),
(91, 529, 0, 0, 0),
(92, 530, 0, 0, 0),
(93, 531, 0, 0, 0),
(94, 532, 0, 0, 0),
(95, 533, 0, 0, 0),
(96, 534, 0, 0, 0),
(97, 535, 0, 0, 0),
(98, 536, 0, 0, 0),
(99, 537, 0, 0, 0),
(100, 538, 0, 0, 0),
(101, 539, 0, 0, 0),
(102, 540, 0, 0, 0),
(103, 541, 0, 0, 0),
(104, 542, 0, 0, 0),
(105, 543, 0, 0, 0),
(106, 544, 0, 0, 0),
(107, 545, 0, 0, 0),
(108, 546, 0, 0, 0),
(109, 547, 0, 0, 0),
(110, 548, 0, 0, 0),
(111, 549, 0, 0, 0),
(112, 550, 0, 0, 0),
(113, 551, 0, 0, 0),
(114, 552, 0, 0, 0),
(115, 553, 0, 0, 0),
(116, 554, 0, 0, 0),
(117, 555, 0, 0, 0),
(118, 556, 0, 0, 0),
(119, 557, 0, 0, 0),
(120, 558, 0, 0, 0),
(121, 559, 0, 0, 0),
(122, 560, 0, 0, 0),
(123, 561, 0, 0, 0),
(124, 562, 0, 0, 0),
(125, 563, 0, 0, 0),
(126, 564, 0, 0, 0),
(127, 565, 0, 0, 0),
(128, 724, 1000, 111, 889),
(129, 725, 0, 0, 0),
(130, 726, 0, 0, 0),
(131, 727, 0, 0, 0),
(132, 1439, 0, 0, 0),
(133, 1518, 0, 0, 0),
(134, 1444, 0, 0, 0),
(135, 1519, 0, 0, 0),
(136, 1520, 0, 0, 0),
(137, 7, NULL, NULL, NULL),
(138, 12, NULL, NULL, NULL),
(139, 13, NULL, NULL, NULL),
(140, 13, NULL, NULL, NULL),
(141, 13, NULL, NULL, NULL),
(142, 13, NULL, NULL, NULL),
(143, 13, NULL, NULL, NULL),
(144, 14, NULL, NULL, NULL),
(145, 14, NULL, NULL, NULL),
(146, 16, NULL, NULL, NULL),
(147, 16, NULL, NULL, NULL),
(148, 21, NULL, NULL, NULL),
(149, 21, NULL, NULL, NULL),
(150, 21, NULL, NULL, NULL),
(151, 21, NULL, NULL, NULL),
(152, 21, NULL, NULL, NULL),
(153, 21, NULL, NULL, NULL),
(154, 16, NULL, NULL, NULL),
(155, 16, NULL, NULL, NULL),
(156, 22, NULL, NULL, NULL),
(157, 22, NULL, NULL, NULL),
(158, 22, NULL, NULL, NULL),
(159, 22, NULL, NULL, NULL),
(160, 22, NULL, NULL, NULL),
(161, 22, NULL, NULL, NULL),
(162, 15, NULL, NULL, NULL),
(163, 15, NULL, NULL, NULL),
(164, 1600, 0, 0, 0),
(165, 1680, 0, 0, 0);

-- --------------------------------------------------------

--
-- Структура таблицы `calendars`
--

CREATE TABLE `calendars` (
  `id` int(10) UNSIGNED NOT NULL,
  `user_id` int(11) NOT NULL,
  `job_id` int(11) NOT NULL,
  `event` varchar(255) COLLATE utf8mb4_unicode_ci NOT NULL,
  `place` varchar(255) COLLATE utf8mb4_unicode_ci NOT NULL,
  `description` varchar(255) COLLATE utf8mb4_unicode_ci NOT NULL,
  `done` varchar(255) COLLATE utf8mb4_unicode_ci NOT NULL,
  `creation` date NOT NULL,
  `deadline` date NOT NULL,
  `created_at` timestamp NULL DEFAULT NULL,
  `updated_at` timestamp NULL DEFAULT NULL
) ENGINE=InnoDB DEFAULT CHARSET=utf8mb4 COLLATE=utf8mb4_unicode_ci;

--
-- Дамп данных таблицы `calendars`
--

INSERT INTO `calendars` (`id`, `user_id`, `job_id`, `event`, `place`, `description`, `done`, `creation`, `deadline`, `created_at`, `updated_at`) VALUES
(3, 11, 412, 'Вернуть невесту на хуй', 'Киев', 'Надоела она мне', '1', '2020-02-04', '2020-06-22', '2020-02-04 09:32:28', '2020-02-04 11:21:19'),
(11, 11, 439, '111', 'Киев', '...', '0', '2020-02-10', '2020-02-20', '2020-02-10 03:09:09', '2020-02-10 03:09:09'),
(12, 11, 500, 'Удалить кредит', 'Одесса', 'Избавится от кредита', '0', '2020-02-06', '2020-02-06', '2020-02-10 14:29:53', '2020-02-10 14:29:53'),
(20, 11, 444, 'Новое дело', 'Киев', '...', '0', '2020-02-10', '2012-02-20', '2020-02-10 16:30:33', '2020-02-10 16:30:33'),
(23, 11, 447, 'Новое дело', 'Киев', '...', '0', '2020-02-10', '2012-02-20', '2020-02-10 16:33:41', '2020-02-10 16:33:41'),
(24, 11, 449, 'Новое дело', 'Киев', '...', '0', '2020-02-10', '2020-02-18', '2020-02-10 16:45:48', '2020-02-10 16:45:48'),
(33, 12, 0, 'Новое дело', 'Киев', '...', '0', '2020-02-10', '2020-02-10', '2020-02-10 18:32:54', '2020-02-10 18:32:54'),
(35, 12, 0, 'Привет Андрей', 'Москва', 'Привет', '0', '2020-02-11', '2020-02-20', '2020-02-11 00:51:11', '2020-02-11 00:51:11'),
(38, 12, 0, 'Привет', 'Киев', 'Примечание', '0', '2011-02-20', '2020-02-11', '2020-02-11 03:02:05', '2020-02-11 03:02:05'),
(40, 12, 0, 'Новое дело', 'Киев', '...', '0', '2011-02-20', '2020-02-11', '2020-02-11 05:18:00', '2020-02-11 05:18:00'),
(41, 27, 0, 'составить список гостей', 'Киев', '...', '0', '2016-06-20', '2020-06-16', '2020-06-16 17:04:02', '2020-06-16 17:04:02');

-- --------------------------------------------------------

--
-- Структура таблицы `calendar_events`
--

CREATE TABLE `calendar_events` (
  `id` int(10) UNSIGNED NOT NULL,
  `job_id` int(10) UNSIGNED NOT NULL,
  `creation` date NOT NULL,
  `deadline` date NOT NULL
) ENGINE=MyISAM DEFAULT CHARSET=utf8mb4 COLLATE=utf8mb4_unicode_ci;

--
-- Дамп данных таблицы `calendar_events`
--

INSERT INTO `calendar_events` (`id`, `job_id`, `creation`, `deadline`) VALUES
(2, 2, '2017-05-29', '2017-08-21'),
(3, 3, '2017-05-29', '2017-08-21'),
(4, 4, '2017-05-29', '2017-08-21'),
(5, 5, '2017-05-29', '2017-08-21'),
(6, 6, '2017-05-29', '2017-08-21'),
(7, 7, '2017-05-29', '2017-07-30'),
(8, 8, '2017-05-29', '2017-08-21'),
(9, 9, '2017-05-29', '2017-08-21'),
(10, 10, '2017-05-29', '2017-08-21'),
(11, 11, '2017-05-29', '2017-08-21'),
(12, 12, '2017-05-29', '2017-08-21'),
(13, 13, '2017-05-29', '2017-08-21'),
(14, 14, '2017-05-29', '2017-08-21'),
(15, 15, '2017-05-29', '2017-08-21'),
(16, 16, '2017-05-29', '2017-08-21'),
(17, 17, '2017-05-29', '2017-08-21'),
(18, 18, '2017-05-29', '2017-08-21'),
(19, 19, '2017-05-29', '2017-08-21'),
(20, 20, '2017-05-29', '2017-08-21'),
(21, 21, '2017-05-29', '2017-08-21'),
(22, 22, '2017-05-29', '2017-08-21'),
(23, 23, '2017-05-29', '2017-08-21'),
(24, 24, '2017-05-29', '2017-08-21'),
(25, 25, '2017-05-29', '2017-08-21'),
(26, 26, '2017-05-29', '2017-08-21'),
(27, 27, '2017-05-29', '2017-08-21'),
(28, 28, '2017-05-29', '2017-08-21'),
(29, 29, '2017-05-29', '2017-08-21'),
(30, 30, '2017-05-29', '2017-08-21'),
(31, 31, '2017-05-29', '2017-08-21'),
(32, 32, '2017-05-29', '2017-08-21'),
(33, 33, '2017-05-29', '2017-08-21'),
(34, 34, '2017-05-29', '2017-08-21'),
(35, 35, '2017-05-29', '2017-08-21'),
(36, 36, '2017-05-29', '2017-08-21'),
(37, 37, '2017-05-29', '2017-08-21'),
(38, 38, '2017-05-29', '2017-08-21'),
(39, 39, '2017-05-29', '2017-08-21'),
(40, 40, '2017-05-29', '2017-08-21'),
(41, 41, '2017-05-29', '2017-08-21'),
(42, 42, '2017-05-29', '2017-08-21'),
(43, 43, '2017-05-29', '2017-08-21'),
(44, 44, '2017-05-29', '2017-08-21'),
(45, 45, '2017-05-29', '2017-08-21'),
(46, 46, '2017-05-29', '2017-08-21'),
(47, 47, '2017-05-29', '2017-08-21'),
(48, 48, '2017-05-29', '2017-08-21'),
(49, 49, '2017-05-29', '2017-08-21'),
(50, 50, '2017-05-29', '2017-08-21'),
(51, 51, '2017-05-29', '2017-08-21'),
(52, 52, '2017-05-29', '2017-08-21'),
(53, 53, '2017-05-29', '2017-08-21'),
(54, 54, '2017-05-29', '2017-08-21'),
(55, 55, '2017-05-29', '2017-08-21'),
(56, 56, '2017-05-29', '2017-08-21'),
(57, 57, '2017-05-29', '2017-08-21'),
(58, 58, '2017-05-29', '2017-08-21'),
(59, 59, '2017-05-29', '2017-08-21'),
(60, 60, '2017-05-29', '2017-08-21'),
(61, 61, '2017-05-29', '2017-08-21'),
(62, 62, '2017-05-29', '2017-08-21'),
(63, 63, '2017-05-29', '2017-08-21'),
(64, 64, '2017-05-29', '2017-08-21'),
(65, 65, '2017-05-29', '2017-08-21'),
(66, 66, '2017-05-29', '2017-08-21'),
(67, 67, '2017-05-29', '2017-08-21'),
(68, 68, '2017-05-29', '2017-08-21'),
(69, 69, '2017-05-29', '2017-08-21'),
(70, 70, '2017-05-29', '2017-08-21'),
(71, 71, '2017-05-29', '2017-08-21'),
(72, 72, '2017-05-29', '2017-08-21'),
(73, 73, '2017-05-29', '2017-08-21'),
(74, 74, '2017-05-29', '2017-08-21'),
(75, 75, '2017-05-29', '2017-08-21'),
(76, 76, '2017-05-29', '2017-08-21'),
(77, 77, '2017-05-29', '2017-08-21'),
(78, 78, '2017-05-29', '2017-08-21'),
(79, 79, '2017-05-29', '2017-08-21'),
(167, 167, '2017-06-10', '2017-08-21'),
(169, 169, '2017-06-23', '2017-07-24'),
(170, 170, '2017-06-25', '2017-07-30'),
(171, 171, '2017-06-25', '2017-09-18'),
(172, 172, '2017-06-25', '2017-09-18'),
(173, 173, '2017-06-25', '2017-09-20'),
(174, 174, '2017-06-25', '2017-09-18'),
(175, 175, '2017-06-25', '2017-09-20'),
(176, 176, '2017-06-25', '2017-09-18'),
(177, 177, '2017-06-25', '2017-09-18'),
(178, 178, '2017-06-25', '2017-09-18'),
(179, 179, '2017-06-25', '2017-09-18'),
(180, 180, '2017-06-25', '2017-09-18'),
(181, 181, '2017-06-25', '2017-09-18'),
(182, 182, '2017-06-25', '2017-09-18'),
(183, 183, '2017-06-25', '2017-09-18'),
(184, 184, '2017-06-25', '2017-09-18'),
(185, 185, '2017-06-25', '2017-09-18'),
(186, 186, '2017-06-25', '2017-09-18'),
(187, 187, '2017-06-25', '2017-09-18'),
(188, 188, '2017-06-25', '2017-09-18'),
(189, 189, '2017-06-25', '2017-09-18'),
(190, 190, '2017-06-25', '2017-09-18'),
(191, 191, '2017-06-25', '2017-09-18'),
(192, 192, '2017-06-25', '2017-09-18'),
(193, 193, '2017-06-25', '2017-09-18'),
(194, 194, '2017-06-25', '2017-09-18'),
(195, 195, '2017-06-25', '2017-09-18'),
(196, 196, '2017-06-25', '2017-09-18'),
(197, 197, '2017-06-25', '2017-09-18'),
(198, 198, '2017-06-25', '2017-09-18'),
(199, 199, '2017-06-25', '2017-09-18'),
(200, 200, '2017-06-25', '2017-09-18'),
(201, 201, '2017-06-25', '2017-09-18'),
(202, 202, '2017-06-25', '2017-09-18'),
(203, 203, '2017-06-25', '2017-09-18'),
(204, 204, '2017-06-25', '2017-09-18'),
(205, 205, '2017-06-25', '2017-09-18'),
(206, 206, '2017-06-25', '2017-09-18'),
(207, 207, '2017-06-25', '2017-09-18'),
(208, 208, '2017-06-25', '2017-09-18'),
(209, 209, '2017-06-25', '2017-09-18'),
(210, 210, '2017-06-25', '2017-09-18'),
(211, 211, '2017-06-25', '2017-09-18'),
(212, 212, '2017-06-25', '2017-09-18'),
(213, 213, '2017-06-25', '2017-09-18'),
(214, 214, '2017-06-25', '2017-09-18'),
(215, 215, '2017-06-25', '2017-09-18'),
(216, 216, '2017-06-25', '2017-09-18'),
(217, 217, '2017-06-25', '2017-09-18'),
(218, 218, '2017-06-25', '2017-09-18'),
(219, 219, '2017-06-25', '2017-09-18'),
(220, 220, '2017-06-25', '2017-09-18'),
(221, 221, '2017-06-25', '2017-09-18'),
(222, 222, '2017-06-25', '2017-09-18'),
(223, 223, '2017-06-25', '2017-09-18'),
(224, 224, '2017-06-25', '2017-09-18'),
(225, 225, '2017-06-25', '2017-09-18'),
(226, 226, '2017-06-25', '2017-09-18'),
(227, 227, '2017-06-25', '2017-09-18'),
(228, 228, '2017-06-25', '2017-09-18'),
(229, 229, '2017-06-25', '2017-09-18'),
(230, 230, '2017-06-25', '2017-09-18'),
(231, 231, '2017-06-25', '2017-09-18'),
(232, 232, '2017-06-25', '2017-09-18'),
(233, 233, '2017-06-25', '2017-09-18'),
(234, 234, '2017-06-25', '2017-09-18'),
(235, 235, '2017-06-25', '2017-09-18'),
(236, 236, '2017-06-25', '2017-09-18'),
(237, 237, '2017-06-25', '2017-09-18'),
(238, 238, '2017-06-25', '2017-09-18'),
(239, 239, '2017-06-25', '2017-09-18'),
(240, 240, '2017-06-25', '2017-09-18'),
(241, 241, '2017-06-25', '2017-09-18'),
(242, 242, '2017-06-25', '2017-09-18'),
(243, 243, '2017-06-25', '2017-09-18'),
(244, 244, '2017-06-25', '2017-09-18'),
(245, 245, '2017-06-25', '2017-09-18'),
(246, 246, '2017-06-25', '2017-09-18'),
(247, 247, '2017-06-25', '2017-09-18'),
(248, 248, '2017-06-25', '2017-09-18'),
(249, 249, '2017-06-25', '2017-09-18'),
(251, 251, '2017-08-19', '2017-08-30'),
(252, 252, '2017-08-19', '2017-08-30'),
(253, 253, '2017-08-19', '2017-08-30'),
(254, 254, '2017-08-19', '2017-08-30'),
(255, 255, '2017-08-19', '2017-08-30'),
(256, 256, '2017-08-19', '2017-08-30'),
(257, 257, '2017-08-19', '2017-08-30'),
(258, 258, '2017-08-19', '2017-08-30'),
(259, 259, '2017-08-19', '2017-08-30'),
(260, 260, '2017-08-19', '2017-08-30'),
(261, 261, '2017-08-19', '2017-08-30'),
(262, 262, '2017-08-19', '2017-08-30'),
(263, 263, '2017-08-19', '2017-08-30'),
(264, 264, '2017-08-19', '2017-08-30'),
(265, 265, '2017-08-19', '2017-08-30'),
(266, 266, '2017-08-19', '2017-08-30'),
(267, 267, '2017-08-19', '2017-08-30'),
(268, 268, '2017-08-19', '2017-08-30'),
(269, 269, '2017-08-19', '2017-08-30'),
(270, 270, '2017-08-19', '2017-08-30'),
(271, 271, '2017-08-19', '2017-08-30'),
(272, 272, '2017-08-19', '2017-08-30'),
(273, 273, '2017-08-19', '2017-08-30'),
(274, 274, '2017-08-19', '2017-08-30'),
(275, 275, '2017-08-19', '2017-08-30'),
(276, 276, '2017-08-19', '2017-08-30'),
(277, 277, '2017-08-19', '2017-08-30'),
(278, 278, '2017-08-19', '2017-08-30'),
(279, 279, '2017-08-19', '2017-08-30'),
(280, 280, '2017-08-19', '2017-08-30'),
(281, 281, '2017-08-19', '2017-08-30'),
(282, 282, '2017-08-19', '2017-08-30'),
(283, 283, '2017-08-19', '2017-08-30'),
(284, 284, '2017-08-19', '2017-08-30'),
(285, 285, '2017-08-19', '2017-08-30'),
(286, 286, '2017-08-19', '2017-08-30'),
(287, 287, '2017-08-19', '2017-08-30'),
(288, 288, '2017-08-19', '2017-08-30'),
(289, 289, '2017-08-19', '2017-08-30'),
(290, 290, '2017-08-19', '2017-08-30'),
(291, 291, '2017-08-19', '2017-08-30'),
(292, 292, '2017-08-19', '2017-08-30'),
(293, 293, '2017-08-19', '2017-08-30'),
(294, 294, '2017-08-19', '2017-08-30'),
(295, 295, '2017-08-19', '2017-08-30'),
(296, 296, '2017-08-19', '2017-08-30'),
(297, 297, '2017-08-19', '2017-08-30'),
(298, 298, '2017-08-19', '2017-08-30'),
(299, 299, '2017-08-19', '2017-08-30'),
(300, 300, '2017-08-19', '2017-08-30'),
(301, 301, '2017-08-19', '2017-08-30'),
(302, 302, '2017-08-19', '2017-08-30'),
(303, 303, '2017-08-19', '2017-08-30'),
(304, 304, '2017-08-19', '2017-08-30'),
(305, 305, '2017-08-19', '2017-08-30'),
(306, 306, '2017-08-19', '2017-08-30'),
(307, 307, '2017-08-19', '2017-08-30'),
(308, 308, '2017-08-19', '2017-08-30'),
(309, 309, '2017-08-19', '2017-08-30'),
(310, 310, '2017-08-19', '2017-08-30'),
(311, 311, '2017-08-19', '2017-08-30'),
(312, 312, '2017-08-19', '2017-08-30'),
(313, 313, '2017-08-19', '2017-08-30'),
(314, 314, '2017-08-19', '2017-08-30'),
(315, 315, '2017-08-19', '2017-08-30'),
(316, 316, '2017-08-19', '2017-08-30'),
(317, 317, '2017-08-19', '2017-08-30'),
(318, 318, '2017-08-19', '2017-08-30'),
(319, 319, '2017-08-19', '2017-08-30'),
(320, 320, '2017-08-19', '2017-08-30'),
(321, 321, '2017-08-19', '2017-08-30'),
(322, 322, '2017-08-19', '2017-08-30'),
(323, 323, '2017-08-19', '2017-08-30'),
(324, 324, '2017-08-19', '2017-08-30'),
(325, 325, '2017-08-19', '2017-08-30'),
(326, 326, '2017-08-19', '2017-08-30'),
(327, 327, '2017-08-19', '2017-08-30'),
(328, 328, '2017-08-19', '2017-08-30'),
(329, 329, '2017-08-19', '2017-08-30'),
(330, 330, '2020-02-04', '2020-06-22'),
(331, 331, '2020-02-04', '2020-06-22'),
(332, 332, '2020-02-04', '2020-06-22'),
(333, 333, '2020-02-04', '2020-06-22'),
(334, 334, '2020-02-04', '2020-06-22'),
(335, 335, '2020-02-04', '2020-06-22'),
(336, 336, '2020-02-04', '2020-06-22'),
(337, 337, '2020-02-04', '2020-06-22'),
(338, 338, '2020-02-04', '2020-06-22'),
(339, 339, '2020-02-04', '2020-06-22'),
(340, 340, '2020-02-04', '2020-06-22'),
(341, 341, '2020-02-04', '2020-06-22'),
(342, 342, '2020-02-04', '2020-06-22'),
(343, 343, '2020-02-04', '2020-06-22'),
(344, 344, '2020-02-04', '2020-06-22'),
(345, 345, '2020-02-04', '2020-06-22'),
(346, 346, '2020-02-04', '2020-06-22'),
(347, 347, '2020-02-04', '2020-06-22'),
(348, 348, '2020-02-04', '2020-06-22'),
(349, 349, '2020-02-04', '2020-06-22'),
(350, 350, '2020-02-04', '2020-06-22'),
(351, 351, '2020-02-04', '2020-06-22'),
(352, 352, '2020-02-04', '2020-06-22'),
(353, 353, '2020-02-04', '2020-06-22'),
(354, 354, '2020-02-04', '2020-06-22'),
(355, 355, '2020-02-04', '2020-06-22'),
(356, 356, '2020-02-04', '2020-06-22'),
(357, 357, '2020-02-04', '2020-06-22'),
(358, 358, '2020-02-04', '2020-06-22'),
(359, 359, '2020-02-04', '2020-06-22'),
(360, 360, '2020-02-04', '2020-06-22'),
(361, 361, '2020-02-04', '2020-06-22'),
(362, 362, '2020-02-04', '2020-06-22'),
(363, 363, '2020-02-04', '2020-06-22'),
(364, 364, '2020-02-04', '2020-06-22'),
(365, 365, '2020-02-04', '2020-06-22'),
(366, 366, '2020-02-04', '2020-06-22'),
(367, 367, '2020-02-04', '2020-06-22'),
(368, 368, '2020-02-04', '2020-06-22'),
(369, 369, '2020-02-04', '2020-06-22'),
(370, 370, '2020-02-04', '2020-06-22'),
(371, 371, '2020-02-04', '2020-06-22'),
(372, 372, '2020-02-04', '2020-06-22'),
(373, 373, '2020-02-04', '2020-06-22'),
(374, 374, '2020-02-04', '2020-06-22'),
(375, 375, '2020-02-04', '2020-06-22'),
(376, 376, '2020-02-04', '2020-06-22'),
(377, 377, '2020-02-04', '2020-06-22'),
(378, 378, '2020-02-04', '2020-06-22'),
(379, 379, '2020-02-04', '2020-06-22'),
(380, 380, '2020-02-04', '2020-06-22'),
(381, 381, '2020-02-04', '2020-06-22'),
(382, 382, '2020-02-04', '2020-06-22'),
(383, 383, '2020-02-04', '2020-06-22'),
(384, 384, '2020-02-04', '2020-06-22'),
(385, 385, '2020-02-04', '2020-06-22'),
(386, 386, '2020-02-04', '2020-06-22'),
(387, 387, '2020-02-04', '2020-06-22'),
(388, 388, '2020-02-04', '2020-06-22'),
(389, 389, '2020-02-04', '2020-06-22'),
(390, 390, '2020-02-04', '2020-06-22'),
(391, 391, '2020-02-04', '2020-06-22'),
(392, 392, '2020-02-04', '2020-06-22'),
(393, 393, '2020-02-04', '2020-06-22'),
(394, 394, '2020-02-04', '2020-06-22'),
(395, 395, '2020-02-04', '2020-06-22'),
(396, 396, '2020-02-04', '2020-06-22'),
(397, 397, '2020-02-04', '2020-06-22'),
(398, 398, '2020-02-04', '2020-06-22'),
(399, 399, '2020-02-04', '2020-06-22'),
(400, 400, '2020-02-04', '2020-06-22'),
(401, 401, '2020-02-04', '2020-06-22'),
(402, 402, '2020-02-04', '2020-06-22'),
(403, 403, '2020-02-04', '2020-06-22'),
(404, 404, '2020-02-04', '2020-06-22'),
(405, 405, '2020-02-04', '2020-06-22'),
(406, 406, '2020-02-04', '2020-06-22'),
(407, 407, '2020-02-04', '2020-06-22'),
(408, 408, '2020-02-04', '2020-06-22'),
(409, 409, '2020-02-04', '2020-06-22'),
(410, 410, '2020-02-04', '2020-06-27'),
(411, 411, '2020-02-04', '2020-06-22'),
(412, 412, '2020-02-04', '2020-06-22'),
(413, 413, '2020-02-04', '2020-06-22'),
(414, 414, '2020-02-05', '2020-06-22'),
(415, 415, '2020-02-05', '2020-06-22'),
(416, 416, '2020-02-05', '2020-06-22'),
(417, 417, '2020-02-05', '2020-06-22'),
(418, 418, '2020-02-05', '2020-06-22'),
(419, 419, '2020-02-05', '2020-06-22'),
(420, 420, '2020-02-05', '2020-06-22'),
(421, 421, '2020-02-05', '2020-06-22'),
(422, 422, '2020-02-05', '2020-06-22'),
(423, 423, '2020-02-05', '2020-06-22'),
(424, 424, '2020-02-05', '2020-06-22'),
(425, 425, '2020-02-05', '2020-06-22'),
(426, 426, '2020-02-05', '2020-06-22'),
(427, 427, '2020-02-05', '2020-06-22'),
(428, 428, '2020-02-05', '2020-06-22'),
(429, 429, '2020-02-05', '2020-06-22'),
(430, 430, '2020-02-05', '2020-06-22'),
(431, 431, '2020-02-06', '2020-02-07'),
(432, 432, '2020-02-06', '2020-06-22'),
(433, 433, '2020-02-06', '2020-06-22'),
(434, 434, '2020-02-06', '2020-06-22'),
(435, 435, '2020-02-10', '2020-06-22'),
(436, 436, '2020-02-10', '2020-06-22'),
(437, 437, '2020-02-10', '2020-02-11'),
(438, 438, '2020-02-10', '2020-02-12'),
(439, 439, '2020-02-10', '2020-02-20'),
(440, 440, '2020-02-10', '2020-06-22'),
(441, 441, '2020-02-10', '2020-06-22'),
(442, 442, '2020-02-10', '2020-06-22'),
(443, 443, '2020-02-10', '2020-06-22'),
(444, 444, '2020-02-10', '2020-02-12'),
(445, 445, '2020-02-10', '2020-02-20'),
(446, 446, '2020-02-10', '2020-02-12'),
(447, 447, '2020-02-10', '2020-02-12'),
(448, 448, '2020-02-10', '2020-02-15'),
(449, 449, '2020-02-10', '2020-02-18'),
(450, 450, '2020-02-10', '2020-06-12'),
(451, 451, '2020-02-10', '2020-06-12'),
(452, 452, '2020-02-10', '2020-06-12'),
(453, 453, '2020-02-10', '2020-06-12'),
(454, 454, '2020-02-10', '2020-06-12'),
(455, 455, '2020-02-10', '2020-06-12'),
(456, 456, '2020-02-10', '2020-06-12'),
(457, 457, '2020-02-10', '2020-06-12'),
(458, 458, '2020-02-10', '2020-06-12'),
(459, 459, '2020-02-10', '2020-06-12'),
(460, 460, '2020-02-10', '2020-06-12'),
(461, 461, '2020-02-10', '2020-06-12'),
(462, 462, '2020-02-10', '2020-06-12'),
(463, 463, '2020-02-10', '2020-06-12'),
(464, 464, '2020-02-10', '2020-06-12'),
(465, 465, '2020-02-10', '2020-06-12'),
(466, 466, '2020-02-10', '2020-06-12'),
(467, 467, '2020-02-10', '2020-06-12'),
(468, 468, '2020-02-10', '2020-06-12'),
(469, 469, '2020-02-10', '2020-06-12'),
(470, 470, '2020-02-10', '2020-06-12'),
(471, 471, '2020-02-10', '2020-06-12'),
(472, 472, '2020-02-10', '2020-06-12'),
(473, 473, '2020-02-10', '2020-06-12'),
(474, 474, '2020-02-10', '2020-06-12'),
(475, 475, '2020-02-10', '2020-06-12'),
(476, 476, '2020-02-10', '2020-06-12'),
(477, 477, '2020-02-10', '2020-06-12'),
(478, 478, '2020-02-10', '2020-06-12'),
(479, 479, '2020-02-10', '2020-06-12'),
(480, 480, '2020-02-10', '2020-06-12'),
(481, 481, '2020-02-10', '2020-06-12'),
(482, 482, '2020-02-10', '2020-06-12'),
(483, 483, '2020-02-10', '2020-06-12'),
(484, 484, '2020-02-10', '2020-06-12'),
(485, 485, '2020-02-10', '2020-06-12'),
(486, 486, '2020-02-10', '2020-06-12'),
(487, 487, '2020-02-10', '2020-06-12'),
(488, 488, '2020-02-10', '2020-06-12'),
(489, 489, '2020-02-10', '2020-06-12'),
(490, 490, '2020-02-10', '2020-06-12'),
(491, 491, '2020-02-10', '2020-06-12'),
(492, 492, '2020-02-10', '2020-06-12'),
(493, 493, '2020-02-10', '2020-06-12'),
(494, 494, '2020-02-10', '2020-06-12'),
(495, 495, '2020-02-10', '2020-06-12'),
(496, 496, '2020-02-10', '2020-06-12'),
(497, 497, '2020-02-10', '2020-06-12'),
(498, 498, '2020-02-10', '2020-06-12'),
(499, 499, '2020-02-10', '2020-06-12'),
(500, 500, '2020-02-10', '2020-06-12'),
(501, 501, '2020-02-10', '2020-06-12'),
(502, 502, '2020-02-10', '2020-06-12'),
(503, 503, '2020-02-10', '2020-06-12'),
(504, 504, '2020-02-10', '2020-06-12'),
(505, 505, '2020-02-10', '2020-06-12'),
(506, 506, '2020-02-10', '2020-06-12'),
(507, 507, '2020-02-10', '2020-06-12'),
(508, 508, '2020-02-10', '2020-06-12'),
(509, 509, '2020-02-10', '2020-06-12'),
(510, 510, '2020-02-10', '2020-06-12'),
(511, 511, '2020-02-10', '2020-06-12'),
(512, 512, '2020-02-10', '2020-06-12'),
(513, 513, '2020-02-10', '2020-06-12'),
(514, 514, '2020-02-10', '2020-06-12'),
(515, 515, '2020-02-10', '2020-06-12'),
(516, 516, '2020-02-10', '2020-06-12'),
(517, 517, '2020-02-10', '2020-06-12'),
(518, 518, '2020-02-10', '2020-06-12'),
(519, 519, '2020-02-10', '2020-06-12'),
(520, 520, '2020-02-10', '2020-06-12'),
(521, 521, '2020-02-10', '2020-06-12'),
(522, 522, '2020-02-10', '2020-06-12'),
(523, 523, '2020-02-10', '2020-06-12'),
(524, 524, '2020-02-10', '2020-06-12'),
(525, 525, '2020-02-10', '2020-06-12'),
(526, 526, '2020-02-10', '2020-06-12'),
(527, 527, '2020-02-10', '2020-06-12'),
(528, 528, '2020-02-10', '2020-06-12'),
(529, 529, '2020-02-10', '2020-06-12'),
(530, 530, '2020-02-10', '2020-02-18'),
(531, 531, '2020-02-10', '2020-06-12'),
(532, 532, '2020-02-10', '2020-06-12'),
(533, 533, '2020-02-10', '2020-06-12'),
(534, 534, '2020-02-10', '2020-06-12'),
(535, 535, '2020-02-10', '2020-06-12'),
(536, 536, '2020-02-10', '2020-06-12'),
(537, 537, '2020-02-10', '2020-06-12'),
(538, 538, '2020-02-10', '2020-06-12'),
(539, 539, '2020-02-10', '2020-06-12'),
(540, 540, '2020-02-10', '2020-06-12'),
(541, 541, '2020-02-10', '2020-06-12'),
(542, 542, '2020-02-10', '2020-06-12'),
(543, 543, '2020-02-10', '2020-06-12'),
(544, 544, '2020-02-10', '2020-06-12'),
(545, 545, '2020-02-10', '2020-06-12'),
(546, 546, '2020-02-10', '2020-06-12'),
(547, 547, '2020-02-10', '2020-06-12'),
(548, 548, '2020-02-10', '2020-06-12'),
(549, 549, '2020-02-10', '2020-06-12'),
(550, 550, '2020-02-10', '2020-06-12'),
(551, 551, '2020-02-10', '2020-06-12'),
(552, 552, '2020-02-10', '2020-06-12'),
(553, 553, '2020-02-11', '2020-02-14'),
(554, 554, '2020-02-11', '2020-02-15'),
(555, 555, '2020-02-11', '2020-06-12'),
(556, 556, '2020-02-11', '2020-06-12'),
(557, 557, '2020-02-11', '2020-06-12'),
(558, 558, '2020-02-11', '2020-06-12'),
(559, 559, '2020-02-11', '2020-06-12'),
(560, 560, '2020-02-11', '2020-06-12'),
(561, 561, '2020-02-11', '2020-06-12'),
(562, 562, '2020-02-12', '2020-06-23'),
(563, 563, '2020-02-12', '2020-06-23'),
(564, 564, '2020-02-13', '2020-06-23'),
(565, 565, '2020-02-13', '2020-06-23'),
(566, 566, '2020-02-17', '2020-07-07'),
(567, 567, '2020-02-17', '2020-07-07'),
(568, 568, '2020-02-17', '2020-07-07'),
(569, 569, '2020-02-17', '2020-07-07'),
(570, 570, '2020-02-17', '2020-07-07'),
(571, 571, '2020-02-17', '2020-07-07'),
(572, 572, '2020-02-17', '2020-07-07'),
(573, 573, '2020-02-17', '2020-07-07'),
(574, 574, '2020-02-17', '2020-07-07'),
(575, 575, '2020-02-17', '2020-07-07'),
(576, 576, '2020-02-17', '2020-07-07'),
(577, 577, '2020-02-17', '2020-07-07'),
(578, 578, '2020-02-17', '2020-07-07'),
(579, 579, '2020-02-17', '2020-07-07'),
(580, 580, '2020-02-17', '2020-07-07'),
(581, 581, '2020-02-17', '2020-07-07'),
(582, 582, '2020-02-17', '2020-07-07'),
(583, 583, '2020-02-17', '2020-07-07'),
(584, 584, '2020-02-17', '2020-07-07'),
(585, 585, '2020-02-17', '2020-07-07'),
(586, 586, '2020-02-17', '2020-07-07'),
(587, 587, '2020-02-17', '2020-07-07'),
(588, 588, '2020-02-17', '2020-07-07'),
(589, 589, '2020-02-17', '2020-07-07'),
(590, 590, '2020-02-17', '2020-07-07'),
(591, 591, '2020-02-17', '2020-07-07'),
(592, 592, '2020-02-17', '2020-07-07'),
(593, 593, '2020-02-17', '2020-07-07'),
(594, 594, '2020-02-17', '2020-07-07'),
(595, 595, '2020-02-17', '2020-07-07'),
(596, 596, '2020-02-17', '2020-07-07'),
(597, 597, '2020-02-17', '2020-07-07'),
(598, 598, '2020-02-17', '2020-07-07'),
(599, 599, '2020-02-17', '2020-07-07'),
(600, 600, '2020-02-17', '2020-07-07'),
(601, 601, '2020-02-17', '2020-07-07'),
(602, 602, '2020-02-17', '2020-07-07'),
(603, 603, '2020-02-17', '2020-07-07'),
(604, 604, '2020-02-17', '2020-07-07'),
(605, 605, '2020-02-17', '2020-07-07'),
(606, 606, '2020-02-17', '2020-07-07'),
(607, 607, '2020-02-17', '2020-07-07'),
(608, 608, '2020-02-17', '2020-07-07'),
(609, 609, '2020-02-17', '2020-07-07'),
(610, 610, '2020-02-17', '2020-07-07'),
(611, 611, '2020-02-17', '2020-07-07'),
(612, 612, '2020-02-17', '2020-07-07'),
(613, 613, '2020-02-17', '2020-07-07'),
(614, 614, '2020-02-17', '2020-07-07'),
(615, 615, '2020-02-17', '2020-07-07'),
(616, 616, '2020-02-17', '2020-07-07'),
(617, 617, '2020-02-17', '2020-07-07'),
(618, 618, '2020-02-17', '2020-07-07'),
(619, 619, '2020-02-17', '2020-07-07'),
(620, 620, '2020-02-17', '2020-07-07'),
(621, 621, '2020-02-17', '2020-07-07'),
(622, 622, '2020-02-17', '2020-07-07'),
(623, 623, '2020-02-17', '2020-07-07'),
(624, 624, '2020-02-17', '2020-07-07'),
(625, 625, '2020-02-17', '2020-07-07'),
(626, 626, '2020-02-17', '2020-07-07'),
(627, 627, '2020-02-17', '2020-07-07'),
(628, 628, '2020-02-17', '2020-07-07'),
(629, 629, '2020-02-17', '2020-07-07'),
(630, 630, '2020-02-17', '2020-07-07'),
(631, 631, '2020-02-17', '2020-07-07'),
(632, 632, '2020-02-17', '2020-07-07'),
(633, 633, '2020-02-17', '2020-07-07'),
(634, 634, '2020-02-17', '2020-07-07'),
(635, 635, '2020-02-17', '2020-07-07'),
(636, 636, '2020-02-17', '2020-07-07'),
(637, 637, '2020-02-17', '2020-07-07'),
(638, 638, '2020-02-17', '2020-07-07'),
(639, 639, '2020-02-17', '2020-07-07'),
(640, 640, '2020-02-17', '2020-07-07'),
(641, 641, '2020-02-17', '2020-07-07'),
(642, 642, '2020-02-17', '2020-07-07'),
(643, 643, '2020-02-17', '2020-07-07'),
(644, 644, '2020-02-17', '2020-07-07'),
(645, 645, '2020-02-18', '2020-04-06'),
(646, 646, '2020-02-18', '2020-04-06'),
(647, 647, '2020-02-18', '2020-04-06'),
(648, 648, '2020-02-18', '2020-04-06'),
(649, 649, '2020-02-18', '2020-04-06'),
(650, 650, '2020-02-18', '2020-04-06'),
(651, 651, '2020-02-18', '2020-04-06'),
(652, 652, '2020-02-18', '2020-04-06'),
(653, 653, '2020-02-18', '2020-04-06'),
(654, 654, '2020-02-18', '2020-04-06'),
(655, 655, '2020-02-18', '2020-04-06'),
(656, 656, '2020-02-18', '2020-04-06'),
(657, 657, '2020-02-18', '2020-04-06'),
(658, 658, '2020-02-18', '2020-04-06'),
(659, 659, '2020-02-18', '2020-04-06'),
(660, 660, '2020-02-18', '2020-04-06'),
(661, 661, '2020-02-18', '2020-04-06'),
(662, 662, '2020-02-18', '2020-04-06'),
(663, 663, '2020-02-18', '2020-04-06'),
(664, 664, '2020-02-18', '2020-04-06'),
(665, 665, '2020-02-18', '2020-04-06'),
(666, 666, '2020-02-18', '2020-04-06'),
(667, 667, '2020-02-18', '2020-04-06'),
(668, 668, '2020-02-18', '2020-04-06'),
(669, 669, '2020-02-18', '2020-04-06'),
(670, 670, '2020-02-18', '2020-04-06'),
(671, 671, '2020-02-18', '2020-04-06'),
(672, 672, '2020-02-18', '2020-04-06'),
(673, 673, '2020-02-18', '2020-04-06'),
(674, 674, '2020-02-18', '2020-04-06'),
(675, 675, '2020-02-18', '2020-04-06'),
(676, 676, '2020-02-18', '2020-04-06'),
(677, 677, '2020-02-18', '2020-04-06'),
(678, 678, '2020-02-18', '2020-04-06'),
(679, 679, '2020-02-18', '2020-04-06'),
(680, 680, '2020-02-18', '2020-04-06'),
(681, 681, '2020-02-18', '2020-04-06'),
(682, 682, '2020-02-18', '2020-04-06'),
(683, 683, '2020-02-18', '2020-04-06'),
(684, 684, '2020-02-18', '2020-04-06'),
(685, 685, '2020-02-18', '2020-04-06'),
(686, 686, '2020-02-18', '2020-04-06'),
(687, 687, '2020-02-18', '2020-04-06'),
(688, 688, '2020-02-18', '2020-04-06'),
(689, 689, '2020-02-18', '2020-04-06'),
(690, 690, '2020-02-18', '2020-04-06'),
(691, 691, '2020-02-18', '2020-04-06'),
(692, 692, '2020-02-18', '2020-04-06'),
(693, 693, '2020-02-18', '2020-04-06'),
(694, 694, '2020-02-18', '2020-04-06'),
(695, 695, '2020-02-18', '2020-04-06'),
(696, 696, '2020-02-18', '2020-04-06'),
(697, 697, '2020-02-18', '2020-04-06'),
(698, 698, '2020-02-18', '2020-04-06'),
(699, 699, '2020-02-18', '2020-04-06'),
(700, 700, '2020-02-18', '2020-04-06'),
(701, 701, '2020-02-18', '2020-04-06'),
(702, 702, '2020-02-18', '2020-04-06'),
(703, 703, '2020-02-18', '2020-04-06'),
(704, 704, '2020-02-18', '2020-04-06'),
(705, 705, '2020-02-18', '2020-04-06'),
(706, 706, '2020-02-18', '2020-04-06'),
(707, 707, '2020-02-18', '2020-04-06'),
(708, 708, '2020-02-18', '2020-04-06'),
(709, 709, '2020-02-18', '2020-04-06'),
(710, 710, '2020-02-18', '2020-04-06'),
(711, 711, '2020-02-18', '2020-04-06'),
(712, 712, '2020-02-18', '2020-04-06'),
(713, 713, '2020-02-18', '2020-04-06'),
(714, 714, '2020-02-18', '2020-04-06'),
(715, 715, '2020-02-18', '2020-04-06'),
(716, 716, '2020-02-18', '2020-04-06'),
(717, 717, '2020-02-18', '2020-04-06'),
(718, 718, '2020-02-18', '2020-04-06'),
(719, 719, '2020-02-18', '2020-04-06'),
(720, 720, '2020-02-18', '2020-04-06'),
(721, 721, '2020-02-18', '2020-04-06'),
(722, 722, '2020-02-18', '2020-04-06'),
(723, 723, '2020-02-18', '2020-04-06'),
(724, 724, '2020-02-20', '2020-06-23'),
(725, 725, '2020-02-20', '2020-06-23'),
(726, 726, '2020-02-20', '2020-06-23'),
(727, 727, '2020-02-20', '2020-06-23'),
(728, 728, '2020-02-21', '2020-06-14'),
(729, 729, '2020-02-21', '2020-06-14'),
(730, 730, '2020-02-21', '2020-06-14'),
(731, 731, '2020-02-21', '2020-06-14'),
(732, 732, '2020-02-21', '2020-06-14'),
(733, 733, '2020-02-21', '2020-06-14'),
(734, 734, '2020-02-21', '2020-06-14'),
(735, 735, '2020-02-21', '2020-06-14'),
(736, 736, '2020-02-21', '2020-06-14'),
(737, 737, '2020-02-21', '2020-06-14'),
(738, 738, '2020-02-21', '2020-06-14'),
(739, 739, '2020-02-21', '2020-06-14'),
(740, 740, '2020-02-21', '2020-06-14'),
(741, 741, '2020-02-21', '2020-06-14'),
(742, 742, '2020-02-21', '2020-06-14'),
(743, 743, '2020-02-21', '2020-06-14'),
(744, 744, '2020-02-21', '2020-06-14'),
(745, 745, '2020-02-21', '2020-06-14'),
(746, 746, '2020-02-21', '2020-06-14'),
(747, 747, '2020-02-21', '2020-06-14'),
(748, 748, '2020-02-21', '2020-06-14'),
(749, 749, '2020-02-21', '2020-06-14'),
(750, 750, '2020-02-21', '2020-06-14'),
(751, 751, '2020-02-21', '2020-06-14'),
(752, 752, '2020-02-21', '2020-06-14'),
(753, 753, '2020-02-21', '2020-06-14'),
(754, 754, '2020-02-21', '2020-06-14'),
(755, 755, '2020-02-21', '2020-06-14'),
(756, 756, '2020-02-21', '2020-06-14'),
(757, 757, '2020-02-21', '2020-06-14'),
(758, 758, '2020-02-21', '2020-06-14'),
(759, 759, '2020-02-21', '2020-06-14'),
(760, 760, '2020-02-21', '2020-06-14'),
(761, 761, '2020-02-21', '2020-06-14'),
(762, 762, '2020-02-21', '2020-06-14'),
(763, 763, '2020-02-21', '2020-06-14'),
(764, 764, '2020-02-21', '2020-06-14'),
(765, 765, '2020-02-21', '2020-06-14'),
(766, 766, '2020-02-21', '2020-06-14'),
(767, 767, '2020-02-21', '2020-06-14'),
(768, 768, '2020-02-21', '2020-06-14'),
(769, 769, '2020-02-21', '2020-06-14'),
(770, 770, '2020-02-21', '2020-06-14'),
(771, 771, '2020-02-21', '2020-06-14'),
(772, 772, '2020-02-21', '2020-06-14'),
(773, 773, '2020-02-21', '2020-06-14'),
(774, 774, '2020-02-21', '2020-06-14'),
(775, 775, '2020-02-21', '2020-06-14'),
(776, 776, '2020-02-21', '2020-06-14'),
(777, 777, '2020-02-21', '2020-06-14'),
(778, 778, '2020-02-21', '2020-06-14'),
(779, 779, '2020-02-21', '2020-06-14'),
(780, 780, '2020-02-21', '2020-06-14'),
(781, 781, '2020-02-21', '2020-06-14'),
(782, 782, '2020-02-21', '2020-06-14'),
(783, 783, '2020-02-21', '2020-06-14'),
(784, 784, '2020-02-21', '2020-06-14'),
(785, 785, '2020-02-21', '2020-06-14'),
(786, 786, '2020-02-21', '2020-06-14'),
(787, 787, '2020-02-21', '2020-06-14'),
(788, 788, '2020-02-21', '2020-06-14'),
(789, 789, '2020-02-21', '2020-06-14'),
(790, 790, '2020-02-21', '2020-06-14'),
(791, 791, '2020-02-21', '2020-06-14'),
(792, 792, '2020-02-21', '2020-06-14'),
(793, 793, '2020-02-21', '2020-06-14'),
(794, 794, '2020-02-21', '2020-06-14'),
(795, 795, '2020-02-21', '2020-06-14'),
(796, 796, '2020-02-21', '2020-06-14'),
(797, 797, '2020-02-21', '2020-06-14'),
(798, 798, '2020-02-21', '2020-06-14'),
(799, 799, '2020-02-21', '2020-06-14'),
(800, 800, '2020-02-21', '2020-06-14'),
(801, 801, '2020-02-21', '2020-06-14'),
(802, 802, '2020-02-21', '2020-06-14'),
(803, 803, '2020-02-21', '2020-06-14'),
(804, 804, '2020-02-21', '2020-06-14'),
(805, 805, '2020-02-21', '2020-06-14'),
(806, 806, '2020-02-21', '2020-06-14'),
(807, 807, '2020-02-21', '2020-05-03'),
(808, 808, '2020-02-21', '2020-05-03'),
(809, 809, '2020-02-21', '2020-05-03'),
(810, 810, '2020-02-21', '2020-05-03'),
(811, 811, '2020-02-21', '2020-05-03'),
(812, 812, '2020-02-21', '2020-05-03'),
(813, 813, '2020-02-21', '2020-05-03'),
(814, 814, '2020-02-21', '2020-05-03'),
(815, 815, '2020-02-21', '2020-05-03'),
(816, 816, '2020-02-21', '2020-05-03'),
(817, 817, '2020-02-21', '2020-05-03'),
(818, 818, '2020-02-21', '2020-05-03'),
(819, 819, '2020-02-21', '2020-05-03'),
(820, 820, '2020-02-21', '2020-05-03'),
(821, 821, '2020-02-21', '2020-05-03'),
(822, 822, '2020-02-21', '2020-05-03'),
(823, 823, '2020-02-21', '2020-05-03'),
(824, 824, '2020-02-21', '2020-05-03'),
(825, 825, '2020-02-21', '2020-05-03'),
(826, 826, '2020-02-21', '2020-05-03'),
(827, 827, '2020-02-21', '2020-05-03'),
(828, 828, '2020-02-21', '2020-05-03'),
(829, 829, '2020-02-21', '2020-05-03'),
(830, 830, '2020-02-21', '2020-05-03'),
(831, 831, '2020-02-21', '2020-05-03'),
(832, 832, '2020-02-21', '2020-05-03'),
(833, 833, '2020-02-21', '2020-05-03'),
(834, 834, '2020-02-21', '2020-05-03'),
(835, 835, '2020-02-21', '2020-05-03'),
(836, 836, '2020-02-21', '2020-05-03'),
(837, 837, '2020-02-21', '2020-05-03'),
(838, 838, '2020-02-21', '2020-05-03'),
(839, 839, '2020-02-21', '2020-05-03'),
(840, 840, '2020-02-21', '2020-05-03'),
(841, 841, '2020-02-21', '2020-05-03'),
(842, 842, '2020-02-21', '2020-05-03'),
(843, 843, '2020-02-21', '2020-05-03'),
(844, 844, '2020-02-21', '2020-05-03'),
(845, 845, '2020-02-21', '2020-05-03'),
(846, 846, '2020-02-21', '2020-05-03'),
(847, 847, '2020-02-21', '2020-05-03'),
(848, 848, '2020-02-21', '2020-05-03'),
(849, 849, '2020-02-21', '2020-05-03'),
(850, 850, '2020-02-21', '2020-05-03'),
(851, 851, '2020-02-21', '2020-05-03'),
(852, 852, '2020-02-21', '2020-05-03'),
(853, 853, '2020-02-21', '2020-05-03'),
(854, 854, '2020-02-21', '2020-05-03'),
(855, 855, '2020-02-21', '2020-05-03'),
(856, 856, '2020-02-21', '2020-05-03'),
(857, 857, '2020-02-21', '2020-05-03'),
(858, 858, '2020-02-21', '2020-05-03'),
(859, 859, '2020-02-21', '2020-05-03'),
(860, 860, '2020-02-21', '2020-05-03'),
(861, 861, '2020-02-21', '2020-05-03'),
(862, 862, '2020-02-21', '2020-05-03'),
(863, 863, '2020-02-21', '2020-05-03'),
(864, 864, '2020-02-21', '2020-05-03'),
(865, 865, '2020-02-21', '2020-05-03'),
(866, 866, '2020-02-21', '2020-05-03'),
(867, 867, '2020-02-21', '2020-05-03'),
(868, 868, '2020-02-21', '2020-05-03'),
(869, 869, '2020-02-21', '2020-05-03'),
(870, 870, '2020-02-21', '2020-05-03'),
(871, 871, '2020-02-21', '2020-05-03'),
(872, 872, '2020-02-21', '2020-05-03'),
(873, 873, '2020-02-21', '2020-05-03'),
(874, 874, '2020-02-21', '2020-05-03'),
(875, 875, '2020-02-21', '2020-05-03'),
(876, 876, '2020-02-21', '2020-05-03'),
(877, 877, '2020-02-21', '2020-05-03'),
(878, 878, '2020-02-21', '2020-05-03'),
(879, 879, '2020-02-21', '2020-05-03'),
(880, 880, '2020-02-21', '2020-05-03'),
(881, 881, '2020-02-21', '2020-05-03'),
(882, 882, '2020-02-21', '2020-05-03'),
(883, 883, '2020-02-21', '2020-05-03'),
(884, 884, '2020-02-21', '2020-05-03'),
(885, 885, '2020-02-21', '2020-05-03'),
(886, 886, '2020-02-21', '2020-06-05'),
(887, 887, '2020-02-21', '2020-06-05'),
(888, 888, '2020-02-21', '2020-06-05'),
(889, 889, '2020-02-21', '2020-06-05'),
(890, 890, '2020-02-21', '2020-06-05'),
(891, 891, '2020-02-21', '2020-06-05'),
(892, 892, '2020-02-21', '2020-06-05'),
(893, 893, '2020-02-21', '2020-06-05'),
(894, 894, '2020-02-21', '2020-06-05'),
(895, 895, '2020-02-21', '2020-06-05'),
(896, 896, '2020-02-21', '2020-06-05'),
(897, 897, '2020-02-21', '2020-06-05'),
(898, 898, '2020-02-21', '2020-06-05'),
(899, 899, '2020-02-21', '2020-06-05'),
(900, 900, '2020-02-21', '2020-06-05'),
(901, 901, '2020-02-21', '2020-06-05'),
(902, 902, '2020-02-21', '2020-06-05'),
(903, 903, '2020-02-21', '2020-06-05'),
(904, 904, '2020-02-21', '2020-06-05'),
(905, 905, '2020-02-21', '2020-06-05'),
(906, 906, '2020-02-21', '2020-06-05'),
(907, 907, '2020-02-21', '2020-06-05'),
(908, 908, '2020-02-21', '2020-06-05'),
(909, 909, '2020-02-21', '2020-06-05'),
(910, 910, '2020-02-21', '2020-06-05'),
(911, 911, '2020-02-21', '2020-06-05'),
(912, 912, '2020-02-21', '2020-06-05'),
(913, 913, '2020-02-21', '2020-06-05'),
(914, 914, '2020-02-21', '2020-06-05'),
(915, 915, '2020-02-21', '2020-06-05'),
(916, 916, '2020-02-21', '2020-06-05'),
(917, 917, '2020-02-21', '2020-06-05'),
(918, 918, '2020-02-21', '2020-06-05'),
(919, 919, '2020-02-21', '2020-06-05'),
(920, 920, '2020-02-21', '2020-06-05'),
(921, 921, '2020-02-21', '2020-06-05'),
(922, 922, '2020-02-21', '2020-06-05'),
(923, 923, '2020-02-21', '2020-06-05'),
(924, 924, '2020-02-21', '2020-06-05'),
(925, 925, '2020-02-21', '2020-06-05'),
(926, 926, '2020-02-21', '2020-06-05'),
(927, 927, '2020-02-21', '2020-06-05'),
(928, 928, '2020-02-21', '2020-06-05'),
(929, 929, '2020-02-21', '2020-06-05'),
(930, 930, '2020-02-21', '2020-06-05'),
(931, 931, '2020-02-21', '2020-06-05'),
(932, 932, '2020-02-21', '2020-06-05'),
(933, 933, '2020-02-21', '2020-06-05'),
(934, 934, '2020-02-21', '2020-06-05'),
(935, 935, '2020-02-21', '2020-06-05'),
(936, 936, '2020-02-21', '2020-06-05'),
(937, 937, '2020-02-21', '2020-06-05'),
(938, 938, '2020-02-21', '2020-06-05'),
(939, 939, '2020-02-21', '2020-06-05'),
(940, 940, '2020-02-21', '2020-06-05'),
(941, 941, '2020-02-21', '2020-06-05'),
(942, 942, '2020-02-21', '2020-06-05'),
(943, 943, '2020-02-21', '2020-06-05'),
(944, 944, '2020-02-21', '2020-06-05'),
(945, 945, '2020-02-21', '2020-06-05'),
(946, 946, '2020-02-21', '2020-06-05'),
(947, 947, '2020-02-21', '2020-06-05'),
(948, 948, '2020-02-21', '2020-06-05'),
(949, 949, '2020-02-21', '2020-06-05'),
(950, 950, '2020-02-21', '2020-06-05'),
(951, 951, '2020-02-21', '2020-06-05'),
(952, 952, '2020-02-21', '2020-06-05'),
(953, 953, '2020-02-21', '2020-06-05'),
(954, 954, '2020-02-21', '2020-06-05'),
(955, 955, '2020-02-21', '2020-06-05'),
(956, 956, '2020-02-21', '2020-06-05'),
(957, 957, '2020-02-21', '2020-06-05'),
(958, 958, '2020-02-21', '2020-06-05'),
(959, 959, '2020-02-21', '2020-06-05'),
(960, 960, '2020-02-21', '2020-06-05'),
(961, 961, '2020-02-21', '2020-06-05'),
(962, 962, '2020-02-21', '2020-06-05'),
(963, 963, '2020-02-21', '2020-06-05'),
(964, 964, '2020-02-21', '2020-06-05'),
(965, 965, '2020-02-21', '2020-05-03'),
(966, 966, '2020-02-21', '2020-05-03'),
(967, 967, '2020-02-21', '2020-05-03'),
(968, 968, '2020-02-21', '2020-05-03'),
(969, 969, '2020-02-21', '2020-05-03'),
(970, 970, '2020-02-21', '2020-05-03'),
(971, 971, '2020-02-21', '2020-05-03'),
(972, 972, '2020-02-21', '2020-05-03'),
(973, 973, '2020-02-21', '2020-05-03'),
(974, 974, '2020-02-21', '2020-05-03'),
(975, 975, '2020-02-21', '2020-05-03'),
(976, 976, '2020-02-21', '2020-05-03'),
(977, 977, '2020-02-21', '2020-05-03'),
(978, 978, '2020-02-21', '2020-05-03'),
(979, 979, '2020-02-21', '2020-05-03'),
(980, 980, '2020-02-21', '2020-05-03'),
(981, 981, '2020-02-21', '2020-05-03'),
(982, 982, '2020-02-21', '2020-05-03'),
(983, 983, '2020-02-21', '2020-05-03'),
(984, 984, '2020-02-21', '2020-05-03'),
(985, 985, '2020-02-21', '2020-05-03'),
(986, 986, '2020-02-21', '2020-05-03'),
(987, 987, '2020-02-21', '2020-05-03'),
(988, 988, '2020-02-21', '2020-05-03'),
(989, 989, '2020-02-21', '2020-05-03'),
(990, 990, '2020-02-21', '2020-05-03'),
(991, 991, '2020-02-21', '2020-05-03'),
(992, 992, '2020-02-21', '2020-05-03'),
(993, 993, '2020-02-21', '2020-05-03'),
(994, 994, '2020-02-21', '2020-05-03'),
(995, 995, '2020-02-21', '2020-05-03'),
(996, 996, '2020-02-21', '2020-05-03'),
(997, 997, '2020-02-21', '2020-05-03'),
(998, 998, '2020-02-21', '2020-05-03'),
(999, 999, '2020-02-21', '2020-05-03'),
(1000, 1000, '2020-02-21', '2020-05-03'),
(1001, 1001, '2020-02-21', '2020-05-03'),
(1002, 1002, '2020-02-21', '2020-05-03'),
(1003, 1003, '2020-02-21', '2020-05-03'),
(1004, 1004, '2020-02-21', '2020-05-03'),
(1005, 1005, '2020-02-21', '2020-05-03'),
(1006, 1006, '2020-02-21', '2020-05-03'),
(1007, 1007, '2020-02-21', '2020-05-03'),
(1008, 1008, '2020-02-21', '2020-05-03'),
(1009, 1009, '2020-02-21', '2020-05-03'),
(1010, 1010, '2020-02-21', '2020-05-03'),
(1011, 1011, '2020-02-21', '2020-05-03'),
(1012, 1012, '2020-02-21', '2020-05-03'),
(1013, 1013, '2020-02-21', '2020-05-03'),
(1014, 1014, '2020-02-21', '2020-05-03'),
(1015, 1015, '2020-02-21', '2020-05-03'),
(1016, 1016, '2020-02-21', '2020-05-03'),
(1017, 1017, '2020-02-21', '2020-05-03'),
(1018, 1018, '2020-02-21', '2020-05-03'),
(1019, 1019, '2020-02-21', '2020-05-03'),
(1020, 1020, '2020-02-21', '2020-05-03'),
(1021, 1021, '2020-02-21', '2020-05-03'),
(1022, 1022, '2020-02-21', '2020-05-03'),
(1023, 1023, '2020-02-21', '2020-05-03'),
(1024, 1024, '2020-02-21', '2020-05-03'),
(1025, 1025, '2020-02-21', '2020-05-03'),
(1026, 1026, '2020-02-21', '2020-05-03'),
(1027, 1027, '2020-02-21', '2020-05-03'),
(1028, 1028, '2020-02-21', '2020-05-03'),
(1029, 1029, '2020-02-21', '2020-05-03'),
(1030, 1030, '2020-02-21', '2020-05-03'),
(1031, 1031, '2020-02-21', '2020-05-03'),
(1032, 1032, '2020-02-21', '2020-05-03'),
(1033, 1033, '2020-02-21', '2020-05-03'),
(1034, 1034, '2020-02-21', '2020-05-03'),
(1035, 1035, '2020-02-21', '2020-05-03'),
(1036, 1036, '2020-02-21', '2020-05-03'),
(1037, 1037, '2020-02-21', '2020-05-03'),
(1038, 1038, '2020-02-21', '2020-05-03'),
(1039, 1039, '2020-02-21', '2020-05-03'),
(1040, 1040, '2020-02-21', '2020-05-03'),
(1041, 1041, '2020-02-21', '2020-05-03'),
(1042, 1042, '2020-02-21', '2020-05-03'),
(1043, 1043, '2020-02-21', '2020-05-03'),
(1044, 1044, '2020-02-21', '2020-05-16'),
(1045, 1045, '2020-02-21', '2020-05-16'),
(1046, 1046, '2020-02-21', '2020-05-16'),
(1047, 1047, '2020-02-21', '2020-05-16'),
(1048, 1048, '2020-02-21', '2020-05-16'),
(1049, 1049, '2020-02-21', '2020-05-16'),
(1050, 1050, '2020-02-21', '2020-05-16'),
(1051, 1051, '2020-02-21', '2020-05-16'),
(1052, 1052, '2020-02-21', '2020-05-16'),
(1053, 1053, '2020-02-21', '2020-05-16'),
(1054, 1054, '2020-02-21', '2020-05-16'),
(1055, 1055, '2020-02-21', '2020-05-16'),
(1056, 1056, '2020-02-21', '2020-05-16'),
(1057, 1057, '2020-02-21', '2020-05-16'),
(1058, 1058, '2020-02-21', '2020-05-16'),
(1059, 1059, '2020-02-21', '2020-05-16'),
(1060, 1060, '2020-02-21', '2020-05-16'),
(1061, 1061, '2020-02-21', '2020-05-16'),
(1062, 1062, '2020-02-21', '2020-05-16'),
(1063, 1063, '2020-02-21', '2020-05-16'),
(1064, 1064, '2020-02-21', '2020-05-16'),
(1065, 1065, '2020-02-21', '2020-05-16'),
(1066, 1066, '2020-02-21', '2020-05-16'),
(1067, 1067, '2020-02-21', '2020-05-16'),
(1068, 1068, '2020-02-21', '2020-05-16'),
(1069, 1069, '2020-02-21', '2020-05-16'),
(1070, 1070, '2020-02-21', '2020-05-16'),
(1071, 1071, '2020-02-21', '2020-05-16'),
(1072, 1072, '2020-02-21', '2020-05-16'),
(1073, 1073, '2020-02-21', '2020-05-16'),
(1074, 1074, '2020-02-21', '2020-05-16'),
(1075, 1075, '2020-02-21', '2020-05-16'),
(1076, 1076, '2020-02-21', '2020-05-16'),
(1077, 1077, '2020-02-21', '2020-05-16'),
(1078, 1078, '2020-02-21', '2020-05-16'),
(1079, 1079, '2020-02-21', '2020-05-16'),
(1080, 1080, '2020-02-21', '2020-05-16'),
(1081, 1081, '2020-02-21', '2020-05-16'),
(1082, 1082, '2020-02-21', '2020-05-16'),
(1083, 1083, '2020-02-21', '2020-05-16'),
(1084, 1084, '2020-02-21', '2020-05-16'),
(1085, 1085, '2020-02-21', '2020-05-16'),
(1086, 1086, '2020-02-21', '2020-05-16'),
(1087, 1087, '2020-02-21', '2020-05-16'),
(1088, 1088, '2020-02-21', '2020-05-16'),
(1089, 1089, '2020-02-21', '2020-05-16'),
(1090, 1090, '2020-02-21', '2020-05-16'),
(1091, 1091, '2020-02-21', '2020-05-16'),
(1092, 1092, '2020-02-21', '2020-05-16'),
(1093, 1093, '2020-02-21', '2020-05-16'),
(1094, 1094, '2020-02-21', '2020-05-16'),
(1095, 1095, '2020-02-21', '2020-05-16'),
(1096, 1096, '2020-02-21', '2020-05-16'),
(1097, 1097, '2020-02-21', '2020-05-16'),
(1098, 1098, '2020-02-21', '2020-05-16'),
(1099, 1099, '2020-02-21', '2020-05-16'),
(1100, 1100, '2020-02-21', '2020-05-16'),
(1101, 1101, '2020-02-21', '2020-05-16'),
(1102, 1102, '2020-02-21', '2020-05-16'),
(1103, 1103, '2020-02-21', '2020-05-16'),
(1104, 1104, '2020-02-21', '2020-05-16'),
(1105, 1105, '2020-02-21', '2020-05-16'),
(1106, 1106, '2020-02-21', '2020-05-16'),
(1107, 1107, '2020-02-21', '2020-05-16'),
(1108, 1108, '2020-02-21', '2020-05-16'),
(1109, 1109, '2020-02-21', '2020-05-16'),
(1110, 1110, '2020-02-21', '2020-05-16'),
(1111, 1111, '2020-02-21', '2020-05-16'),
(1112, 1112, '2020-02-21', '2020-05-16'),
(1113, 1113, '2020-02-21', '2020-05-16'),
(1114, 1114, '2020-02-21', '2020-05-16'),
(1115, 1115, '2020-02-21', '2020-05-16'),
(1116, 1116, '2020-02-21', '2020-05-16'),
(1117, 1117, '2020-02-21', '2020-05-16'),
(1118, 1118, '2020-02-21', '2020-05-16'),
(1119, 1119, '2020-02-21', '2020-05-16'),
(1120, 1120, '2020-02-21', '2020-05-16'),
(1121, 1121, '2020-02-21', '2020-05-16'),
(1122, 1122, '2020-02-21', '2020-05-16'),
(1123, 1123, '2020-02-21', '2020-03-30'),
(1124, 1124, '2020-02-21', '2020-03-30'),
(1125, 1125, '2020-02-21', '2020-03-30'),
(1126, 1126, '2020-02-21', '2020-03-30'),
(1127, 1127, '2020-02-21', '2020-03-30'),
(1128, 1128, '2020-02-21', '2020-03-30'),
(1129, 1129, '2020-02-21', '2020-03-30'),
(1130, 1130, '2020-02-21', '2020-03-30'),
(1131, 1131, '2020-02-21', '2020-03-30'),
(1132, 1132, '2020-02-21', '2020-03-30'),
(1133, 1133, '2020-02-21', '2020-03-30'),
(1134, 1134, '2020-02-21', '2020-03-30'),
(1135, 1135, '2020-02-21', '2020-03-30'),
(1136, 1136, '2020-02-21', '2020-03-30'),
(1137, 1137, '2020-02-21', '2020-03-30'),
(1138, 1138, '2020-02-21', '2020-03-30'),
(1139, 1139, '2020-02-21', '2020-03-30'),
(1140, 1140, '2020-02-21', '2020-03-30'),
(1141, 1141, '2020-02-21', '2020-03-30'),
(1142, 1142, '2020-02-21', '2020-03-30'),
(1143, 1143, '2020-02-21', '2020-03-30'),
(1144, 1144, '2020-02-21', '2020-03-30'),
(1145, 1145, '2020-02-21', '2020-03-30'),
(1146, 1146, '2020-02-21', '2020-03-30'),
(1147, 1147, '2020-02-21', '2020-03-30'),
(1148, 1148, '2020-02-21', '2020-03-30'),
(1149, 1149, '2020-02-21', '2020-03-30'),
(1150, 1150, '2020-02-21', '2020-03-30'),
(1151, 1151, '2020-02-21', '2020-03-30'),
(1152, 1152, '2020-02-21', '2020-03-30'),
(1153, 1153, '2020-02-21', '2020-03-30'),
(1154, 1154, '2020-02-21', '2020-03-30'),
(1155, 1155, '2020-02-21', '2020-03-30'),
(1156, 1156, '2020-02-21', '2020-03-30'),
(1157, 1157, '2020-02-21', '2020-03-30'),
(1158, 1158, '2020-02-21', '2020-03-30'),
(1159, 1159, '2020-02-21', '2020-03-30'),
(1160, 1160, '2020-02-21', '2020-03-30'),
(1161, 1161, '2020-02-21', '2020-03-30'),
(1162, 1162, '2020-02-21', '2020-03-30'),
(1163, 1163, '2020-02-21', '2020-03-30'),
(1164, 1164, '2020-02-21', '2020-03-30'),
(1165, 1165, '2020-02-21', '2020-03-30'),
(1166, 1166, '2020-02-21', '2020-03-30'),
(1167, 1167, '2020-02-21', '2020-03-30'),
(1168, 1168, '2020-02-21', '2020-03-30'),
(1169, 1169, '2020-02-21', '2020-03-30'),
(1170, 1170, '2020-02-21', '2020-03-30'),
(1171, 1171, '2020-02-21', '2020-03-30'),
(1172, 1172, '2020-02-21', '2020-03-30'),
(1173, 1173, '2020-02-21', '2020-03-30'),
(1174, 1174, '2020-02-21', '2020-03-30'),
(1175, 1175, '2020-02-21', '2020-03-30'),
(1176, 1176, '2020-02-21', '2020-03-30'),
(1177, 1177, '2020-02-21', '2020-03-30'),
(1178, 1178, '2020-02-21', '2020-03-30'),
(1179, 1179, '2020-02-21', '2020-03-30'),
(1180, 1180, '2020-02-21', '2020-03-30'),
(1181, 1181, '2020-02-21', '2020-03-30'),
(1182, 1182, '2020-02-21', '2020-03-30'),
(1183, 1183, '2020-02-21', '2020-03-30'),
(1184, 1184, '2020-02-21', '2020-03-30'),
(1185, 1185, '2020-02-21', '2020-03-30'),
(1186, 1186, '2020-02-21', '2020-03-30'),
(1187, 1187, '2020-02-21', '2020-03-30'),
(1188, 1188, '2020-02-21', '2020-03-30'),
(1189, 1189, '2020-02-21', '2020-03-30'),
(1190, 1190, '2020-02-21', '2020-03-30'),
(1191, 1191, '2020-02-21', '2020-03-30'),
(1192, 1192, '2020-02-21', '2020-03-30'),
(1193, 1193, '2020-02-21', '2020-03-30'),
(1194, 1194, '2020-02-21', '2020-03-30'),
(1195, 1195, '2020-02-21', '2020-03-30'),
(1196, 1196, '2020-02-21', '2020-03-30'),
(1197, 1197, '2020-02-21', '2020-03-30'),
(1198, 1198, '2020-02-21', '2020-03-30'),
(1199, 1199, '2020-02-21', '2020-03-30'),
(1200, 1200, '2020-02-21', '2020-03-30'),
(1201, 1201, '2020-02-21', '2020-03-30'),
(1202, 1202, '2020-02-21', '2020-03-30'),
(1203, 1203, '2020-02-21', '2020-03-30'),
(1204, 1204, '2020-02-21', '2020-03-30'),
(1205, 1205, '2020-02-21', '2020-03-30'),
(1206, 1206, '2020-02-21', '2020-03-30'),
(1207, 1207, '2020-02-21', '2020-03-30'),
(1208, 1208, '2020-02-21', '2020-03-30'),
(1209, 1209, '2020-02-21', '2020-03-30'),
(1210, 1210, '2020-02-21', '2020-03-30'),
(1211, 1211, '2020-02-21', '2020-03-30'),
(1212, 1212, '2020-02-21', '2020-03-30'),
(1213, 1213, '2020-02-21', '2020-03-30'),
(1214, 1214, '2020-02-21', '2020-03-30'),
(1215, 1215, '2020-02-21', '2020-03-30'),
(1216, 1216, '2020-02-21', '2020-03-30'),
(1217, 1217, '2020-02-21', '2020-03-30'),
(1218, 1218, '2020-02-21', '2020-03-30'),
(1219, 1219, '2020-02-21', '2020-03-30'),
(1220, 1220, '2020-02-21', '2020-03-30'),
(1221, 1221, '2020-02-21', '2020-03-30'),
(1222, 1222, '2020-02-21', '2020-03-30'),
(1223, 1223, '2020-02-21', '2020-03-30'),
(1224, 1224, '2020-02-21', '2020-03-30'),
(1225, 1225, '2020-02-21', '2020-03-30'),
(1226, 1226, '2020-02-21', '2020-03-30'),
(1227, 1227, '2020-02-21', '2020-03-30'),
(1228, 1228, '2020-02-21', '2020-03-30'),
(1229, 1229, '2020-02-21', '2020-03-30'),
(1230, 1230, '2020-02-21', '2020-03-30'),
(1231, 1231, '2020-02-21', '2020-03-30'),
(1232, 1232, '2020-02-21', '2020-03-30'),
(1233, 1233, '2020-02-21', '2020-03-30'),
(1234, 1234, '2020-02-21', '2020-03-30'),
(1235, 1235, '2020-02-21', '2020-03-30'),
(1236, 1236, '2020-02-21', '2020-03-30'),
(1237, 1237, '2020-02-21', '2020-03-30'),
(1238, 1238, '2020-02-21', '2020-03-30'),
(1239, 1239, '2020-02-21', '2020-03-30'),
(1240, 1240, '2020-02-21', '2020-03-30'),
(1241, 1241, '2020-02-21', '2020-03-30'),
(1242, 1242, '2020-02-21', '2020-03-30'),
(1243, 1243, '2020-02-21', '2020-03-30'),
(1244, 1244, '2020-02-21', '2020-03-30'),
(1245, 1245, '2020-02-21', '2020-03-30'),
(1246, 1246, '2020-02-21', '2020-03-30'),
(1247, 1247, '2020-02-21', '2020-03-30'),
(1248, 1248, '2020-02-21', '2020-03-30'),
(1249, 1249, '2020-02-21', '2020-03-30'),
(1250, 1250, '2020-02-21', '2020-03-30'),
(1251, 1251, '2020-02-21', '2020-03-30'),
(1252, 1252, '2020-02-21', '2020-03-30'),
(1253, 1253, '2020-02-21', '2020-03-30'),
(1254, 1254, '2020-02-21', '2020-03-30'),
(1255, 1255, '2020-02-21', '2020-03-30'),
(1256, 1256, '2020-02-21', '2020-03-30'),
(1257, 1257, '2020-02-21', '2020-03-30'),
(1258, 1258, '2020-02-21', '2020-03-30'),
(1259, 1259, '2020-02-21', '2020-03-30'),
(1260, 1260, '2020-02-21', '2020-03-30'),
(1261, 1261, '2020-02-21', '2020-03-30'),
(1262, 1262, '2020-02-21', '2020-03-30'),
(1263, 1263, '2020-02-21', '2020-03-30'),
(1264, 1264, '2020-02-21', '2020-03-30'),
(1265, 1265, '2020-02-21', '2020-03-30'),
(1266, 1266, '2020-02-21', '2020-03-30'),
(1267, 1267, '2020-02-21', '2020-03-30'),
(1268, 1268, '2020-02-21', '2020-03-30'),
(1269, 1269, '2020-02-21', '2020-03-30'),
(1270, 1270, '2020-02-21', '2020-03-30'),
(1271, 1271, '2020-02-21', '2020-03-30'),
(1272, 1272, '2020-02-21', '2020-03-30'),
(1273, 1273, '2020-02-21', '2020-03-30'),
(1274, 1274, '2020-02-21', '2020-03-30'),
(1275, 1275, '2020-02-21', '2020-03-30'),
(1276, 1276, '2020-02-21', '2020-03-30'),
(1277, 1277, '2020-02-21', '2020-03-30'),
(1278, 1278, '2020-02-21', '2020-03-30'),
(1279, 1279, '2020-02-21', '2020-03-30'),
(1280, 1280, '2020-02-21', '2020-03-30'),
(1281, 1281, '2020-02-21', '2020-05-03'),
(1282, 1282, '2020-02-21', '2020-05-03'),
(1283, 1283, '2020-02-21', '2020-05-03'),
(1284, 1284, '2020-02-21', '2020-05-03'),
(1285, 1285, '2020-02-21', '2020-05-03'),
(1286, 1286, '2020-02-21', '2020-05-03'),
(1287, 1287, '2020-02-21', '2020-05-03'),
(1288, 1288, '2020-02-21', '2020-05-03'),
(1289, 1289, '2020-02-21', '2020-05-03'),
(1290, 1290, '2020-02-21', '2020-05-03'),
(1291, 1291, '2020-02-21', '2020-05-03'),
(1292, 1292, '2020-02-21', '2020-05-03'),
(1293, 1293, '2020-02-21', '2020-05-03'),
(1294, 1294, '2020-02-21', '2020-05-03'),
(1295, 1295, '2020-02-21', '2020-05-03'),
(1296, 1296, '2020-02-21', '2020-05-03'),
(1297, 1297, '2020-02-21', '2020-05-03'),
(1298, 1298, '2020-02-21', '2020-05-03'),
(1299, 1299, '2020-02-21', '2020-05-03'),
(1300, 1300, '2020-02-21', '2020-05-03'),
(1301, 1301, '2020-02-21', '2020-05-03'),
(1302, 1302, '2020-02-21', '2020-05-03'),
(1303, 1303, '2020-02-21', '2020-05-03'),
(1304, 1304, '2020-02-21', '2020-05-03'),
(1305, 1305, '2020-02-21', '2020-05-03'),
(1306, 1306, '2020-02-21', '2020-05-03'),
(1307, 1307, '2020-02-21', '2020-05-03'),
(1308, 1308, '2020-02-21', '2020-05-03'),
(1309, 1309, '2020-02-21', '2020-05-03'),
(1310, 1310, '2020-02-21', '2020-05-03'),
(1311, 1311, '2020-02-21', '2020-05-03'),
(1312, 1312, '2020-02-21', '2020-05-03'),
(1313, 1313, '2020-02-21', '2020-05-03'),
(1314, 1314, '2020-02-21', '2020-05-03'),
(1315, 1315, '2020-02-21', '2020-05-03'),
(1316, 1316, '2020-02-21', '2020-05-03'),
(1317, 1317, '2020-02-21', '2020-05-03'),
(1318, 1318, '2020-02-21', '2020-05-03'),
(1319, 1319, '2020-02-21', '2020-05-03'),
(1320, 1320, '2020-02-21', '2020-05-03'),
(1321, 1321, '2020-02-21', '2020-05-03'),
(1322, 1322, '2020-02-21', '2020-05-03'),
(1323, 1323, '2020-02-21', '2020-05-03'),
(1324, 1324, '2020-02-21', '2020-05-03'),
(1325, 1325, '2020-02-21', '2020-05-03'),
(1326, 1326, '2020-02-21', '2020-05-03'),
(1327, 1327, '2020-02-21', '2020-05-03'),
(1328, 1328, '2020-02-21', '2020-05-03'),
(1329, 1329, '2020-02-21', '2020-05-03'),
(1330, 1330, '2020-02-21', '2020-05-03'),
(1331, 1331, '2020-02-21', '2020-05-03'),
(1332, 1332, '2020-02-21', '2020-05-03'),
(1333, 1333, '2020-02-21', '2020-05-03'),
(1334, 1334, '2020-02-21', '2020-05-03'),
(1335, 1335, '2020-02-21', '2020-05-03'),
(1336, 1336, '2020-02-21', '2020-05-03'),
(1337, 1337, '2020-02-21', '2020-05-03'),
(1338, 1338, '2020-02-21', '2020-05-03'),
(1339, 1339, '2020-02-21', '2020-05-03'),
(1340, 1340, '2020-02-21', '2020-05-03'),
(1341, 1341, '2020-02-21', '2020-05-03'),
(1342, 1342, '2020-02-21', '2020-05-03'),
(1343, 1343, '2020-02-21', '2020-05-03'),
(1344, 1344, '2020-02-21', '2020-05-03'),
(1345, 1345, '2020-02-21', '2020-05-03'),
(1346, 1346, '2020-02-21', '2020-05-03'),
(1347, 1347, '2020-02-21', '2020-05-03'),
(1348, 1348, '2020-02-21', '2020-05-03'),
(1349, 1349, '2020-02-21', '2020-05-03'),
(1350, 1350, '2020-02-21', '2020-05-03'),
(1351, 1351, '2020-02-21', '2020-05-03'),
(1352, 1352, '2020-02-21', '2020-05-03'),
(1353, 1353, '2020-02-21', '2020-05-03'),
(1354, 1354, '2020-02-21', '2020-05-03'),
(1355, 1355, '2020-02-21', '2020-05-03'),
(1356, 1356, '2020-02-21', '2020-05-03'),
(1357, 1357, '2020-02-21', '2020-05-03'),
(1358, 1358, '2020-02-21', '2020-05-03'),
(1359, 1359, '2020-02-21', '2020-05-03'),
(1360, 1360, '2020-02-21', '2020-04-26'),
(1361, 1361, '2020-02-21', '2020-04-26'),
(1362, 1362, '2020-02-21', '2020-04-26'),
(1363, 1363, '2020-02-21', '2020-04-26'),
(1364, 1364, '2020-02-21', '2020-04-26'),
(1365, 1365, '2020-02-21', '2020-04-26'),
(1366, 1366, '2020-02-21', '2020-04-26'),
(1367, 1367, '2020-02-21', '2020-04-26'),
(1368, 1368, '2020-02-21', '2020-04-26'),
(1369, 1369, '2020-02-21', '2020-04-26'),
(1370, 1370, '2020-02-21', '2020-04-26'),
(1371, 1371, '2020-02-21', '2020-04-26'),
(1372, 1372, '2020-02-21', '2020-04-26'),
(1373, 1373, '2020-02-21', '2020-04-26'),
(1374, 1374, '2020-02-21', '2020-04-26'),
(1375, 1375, '2020-02-21', '2020-04-26'),
(1376, 1376, '2020-02-21', '2020-04-26'),
(1377, 1377, '2020-02-21', '2020-04-26'),
(1378, 1378, '2020-02-21', '2020-04-26'),
(1379, 1379, '2020-02-21', '2020-04-26'),
(1380, 1380, '2020-02-21', '2020-04-26'),
(1381, 1381, '2020-02-21', '2020-04-26'),
(1382, 1382, '2020-02-21', '2020-04-26'),
(1383, 1383, '2020-02-21', '2020-04-26'),
(1384, 1384, '2020-02-21', '2020-04-26'),
(1385, 1385, '2020-02-21', '2020-04-26'),
(1386, 1386, '2020-02-21', '2020-04-26'),
(1387, 1387, '2020-02-21', '2020-04-26');
INSERT INTO `calendar_events` (`id`, `job_id`, `creation`, `deadline`) VALUES
(1388, 1388, '2020-02-21', '2020-04-26'),
(1389, 1389, '2020-02-21', '2020-04-26'),
(1390, 1390, '2020-02-21', '2020-04-26'),
(1391, 1391, '2020-02-21', '2020-04-26'),
(1392, 1392, '2020-02-21', '2020-04-26'),
(1393, 1393, '2020-02-21', '2020-04-26'),
(1394, 1394, '2020-02-21', '2020-04-26'),
(1395, 1395, '2020-02-21', '2020-04-26'),
(1396, 1396, '2020-02-21', '2020-04-26'),
(1397, 1397, '2020-02-21', '2020-04-26'),
(1398, 1398, '2020-02-21', '2020-04-26'),
(1399, 1399, '2020-02-21', '2020-04-26'),
(1400, 1400, '2020-02-21', '2020-04-26'),
(1401, 1401, '2020-02-21', '2020-04-26'),
(1402, 1402, '2020-02-21', '2020-04-26'),
(1403, 1403, '2020-02-21', '2020-04-26'),
(1404, 1404, '2020-02-21', '2020-04-26'),
(1405, 1405, '2020-02-21', '2020-04-26'),
(1406, 1406, '2020-02-21', '2020-04-26'),
(1407, 1407, '2020-02-21', '2020-04-26'),
(1408, 1408, '2020-02-21', '2020-04-26'),
(1409, 1409, '2020-02-21', '2020-04-26'),
(1410, 1410, '2020-02-21', '2020-04-26'),
(1411, 1411, '2020-02-21', '2020-04-26'),
(1412, 1412, '2020-02-21', '2020-04-26'),
(1413, 1413, '2020-02-21', '2020-04-26'),
(1414, 1414, '2020-02-21', '2020-04-26'),
(1415, 1415, '2020-02-21', '2020-04-26'),
(1416, 1416, '2020-02-21', '2020-04-26'),
(1417, 1417, '2020-02-21', '2020-04-26'),
(1418, 1418, '2020-02-21', '2020-04-26'),
(1419, 1419, '2020-02-21', '2020-04-26'),
(1420, 1420, '2020-02-21', '2020-04-26'),
(1421, 1421, '2020-02-21', '2020-04-26'),
(1422, 1422, '2020-02-21', '2020-04-26'),
(1423, 1423, '2020-02-21', '2020-04-26'),
(1424, 1424, '2020-02-21', '2020-04-26'),
(1425, 1425, '2020-02-21', '2020-04-26'),
(1426, 1426, '2020-02-21', '2020-04-26'),
(1427, 1427, '2020-02-21', '2020-04-26'),
(1428, 1428, '2020-02-21', '2020-04-26'),
(1429, 1429, '2020-02-21', '2020-04-26'),
(1430, 1430, '2020-02-21', '2020-04-26'),
(1431, 1431, '2020-02-21', '2020-04-26'),
(1432, 1432, '2020-02-21', '2020-04-26'),
(1433, 1433, '2020-02-21', '2020-04-26'),
(1434, 1434, '2020-02-21', '2020-04-26'),
(1435, 1435, '2020-02-21', '2020-04-26'),
(1436, 1436, '2020-02-21', '2020-04-26'),
(1437, 1437, '2020-02-21', '2020-04-26'),
(1438, 1438, '2020-02-21', '2020-04-26'),
(1439, 1439, '2020-02-21', '2020-03-30'),
(1440, 1440, '2020-02-21', '2020-03-30'),
(1441, 1441, '2020-02-21', '2020-03-30'),
(1442, 1442, '2020-02-21', '2020-03-30'),
(1443, 1443, '2020-02-21', '2020-03-30'),
(1444, 1444, '2020-02-21', '2020-03-30'),
(1445, 1445, '2020-02-21', '2020-03-30'),
(1446, 1446, '2020-02-21', '2020-03-30'),
(1447, 1447, '2020-02-21', '2020-03-30'),
(1448, 1448, '2020-02-21', '2020-03-30'),
(1449, 1449, '2020-02-21', '2020-03-30'),
(1450, 1450, '2020-02-21', '2020-03-30'),
(1451, 1451, '2020-02-21', '2020-03-30'),
(1452, 1452, '2020-02-21', '2020-03-30'),
(1453, 1453, '2020-02-21', '2020-03-30'),
(1454, 1454, '2020-02-21', '2020-03-30'),
(1455, 1455, '2020-02-21', '2020-03-30'),
(1456, 1456, '2020-02-21', '2020-03-30'),
(1457, 1457, '2020-02-21', '2020-03-30'),
(1458, 1458, '2020-02-21', '2020-03-30'),
(1459, 1459, '2020-02-21', '2020-03-30'),
(1460, 1460, '2020-02-21', '2020-03-30'),
(1461, 1461, '2020-02-21', '2020-03-30'),
(1462, 1462, '2020-02-21', '2020-03-30'),
(1463, 1463, '2020-02-21', '2020-03-30'),
(1464, 1464, '2020-02-21', '2020-03-30'),
(1465, 1465, '2020-02-21', '2020-03-30'),
(1466, 1466, '2020-02-21', '2020-03-30'),
(1467, 1467, '2020-02-21', '2020-03-30'),
(1468, 1468, '2020-02-21', '2020-03-30'),
(1469, 1469, '2020-02-21', '2020-03-30'),
(1470, 1470, '2020-02-21', '2020-03-30'),
(1471, 1471, '2020-02-21', '2020-03-30'),
(1472, 1472, '2020-02-21', '2020-03-30'),
(1473, 1473, '2020-02-21', '2020-03-30'),
(1474, 1474, '2020-02-21', '2020-03-30'),
(1475, 1475, '2020-02-21', '2020-03-30'),
(1476, 1476, '2020-02-21', '2020-03-30'),
(1477, 1477, '2020-02-21', '2020-03-30'),
(1478, 1478, '2020-02-21', '2020-03-30'),
(1479, 1479, '2020-02-21', '2020-03-30'),
(1480, 1480, '2020-02-21', '2020-03-30'),
(1481, 1481, '2020-02-21', '2020-03-30'),
(1482, 1482, '2020-02-21', '2020-03-30'),
(1483, 1483, '2020-02-21', '2020-03-30'),
(1484, 1484, '2020-02-21', '2020-03-30'),
(1485, 1485, '2020-02-21', '2020-03-30'),
(1486, 1486, '2020-02-21', '2020-03-30'),
(1487, 1487, '2020-02-21', '2020-03-30'),
(1488, 1488, '2020-02-21', '2020-03-30'),
(1489, 1489, '2020-02-21', '2020-03-30'),
(1490, 1490, '2020-02-21', '2020-03-30'),
(1491, 1491, '2020-02-21', '2020-03-30'),
(1492, 1492, '2020-02-21', '2020-03-30'),
(1493, 1493, '2020-02-21', '2020-03-30'),
(1494, 1494, '2020-02-21', '2020-03-30'),
(1495, 1495, '2020-02-21', '2020-03-30'),
(1496, 1496, '2020-02-21', '2020-03-30'),
(1497, 1497, '2020-02-21', '2020-03-30'),
(1498, 1498, '2020-02-21', '2020-03-30'),
(1499, 1499, '2020-02-21', '2020-03-30'),
(1500, 1500, '2020-02-21', '2020-03-30'),
(1501, 1501, '2020-02-21', '2020-03-30'),
(1502, 1502, '2020-02-21', '2020-03-30'),
(1503, 1503, '2020-02-21', '2020-03-30'),
(1504, 1504, '2020-02-21', '2020-03-30'),
(1505, 1505, '2020-02-21', '2020-03-30'),
(1506, 1506, '2020-02-21', '2020-03-30'),
(1507, 1507, '2020-02-21', '2020-03-30'),
(1508, 1508, '2020-02-21', '2020-03-30'),
(1509, 1509, '2020-02-21', '2020-03-30'),
(1510, 1510, '2020-02-21', '2020-03-30'),
(1511, 1511, '2020-02-21', '2020-03-30'),
(1512, 1512, '2020-02-21', '2020-03-30'),
(1513, 1513, '2020-02-21', '2020-03-30'),
(1514, 1514, '2020-02-21', '2020-03-30'),
(1515, 1515, '2020-02-21', '2020-03-30'),
(1516, 1516, '2020-02-21', '2020-03-30'),
(1517, 1517, '2020-02-21', '2020-03-30'),
(1518, 1518, '2020-02-26', '2020-03-31'),
(1519, 1519, '2020-02-26', '2020-03-31'),
(1520, 1520, '2020-02-26', '2020-03-31'),
(1521, 1521, '2020-02-27', '2020-06-05'),
(1522, 1522, '2020-02-27', '2020-06-05'),
(1523, 1523, '2020-02-27', '2020-06-05'),
(1524, 1524, '2020-02-27', '2020-06-05'),
(1525, 1525, '2020-02-27', '2020-06-05'),
(1526, 1526, '2020-02-27', '2020-06-05'),
(1527, 1527, '2020-02-27', '2020-06-05'),
(1528, 1528, '2020-02-27', '2020-06-05'),
(1529, 1529, '2020-02-27', '2020-06-05'),
(1530, 1530, '2020-02-27', '2020-06-05'),
(1531, 1531, '2020-02-27', '2020-06-05'),
(1532, 1532, '2020-02-27', '2020-06-05'),
(1533, 1533, '2020-02-27', '2020-06-05'),
(1534, 1534, '2020-02-27', '2020-06-05'),
(1535, 1535, '2020-02-27', '2020-06-05'),
(1536, 1536, '2020-02-27', '2020-06-05'),
(1537, 1537, '2020-02-27', '2020-06-05'),
(1538, 1538, '2020-02-27', '2020-06-05'),
(1539, 1539, '2020-02-27', '2020-06-05'),
(1540, 1540, '2020-02-27', '2020-06-05'),
(1541, 1541, '2020-02-27', '2020-06-05'),
(1542, 1542, '2020-02-27', '2020-06-05'),
(1543, 1543, '2020-02-27', '2020-06-05'),
(1544, 1544, '2020-02-27', '2020-06-05'),
(1545, 1545, '2020-02-27', '2020-06-05'),
(1546, 1546, '2020-02-27', '2020-06-05'),
(1547, 1547, '2020-02-27', '2020-06-05'),
(1548, 1548, '2020-02-27', '2020-06-05'),
(1549, 1549, '2020-02-27', '2020-06-05'),
(1550, 1550, '2020-02-27', '2020-06-05'),
(1551, 1551, '2020-02-27', '2020-06-05'),
(1552, 1552, '2020-02-27', '2020-06-05'),
(1553, 1553, '2020-02-27', '2020-06-05'),
(1554, 1554, '2020-02-27', '2020-06-05'),
(1555, 1555, '2020-02-27', '2020-06-05'),
(1556, 1556, '2020-02-27', '2020-06-05'),
(1557, 1557, '2020-02-27', '2020-06-05'),
(1558, 1558, '2020-02-27', '2020-06-05'),
(1559, 1559, '2020-02-27', '2020-06-05'),
(1560, 1560, '2020-02-27', '2020-06-05'),
(1561, 1561, '2020-02-27', '2020-06-05'),
(1562, 1562, '2020-02-27', '2020-06-05'),
(1563, 1563, '2020-02-27', '2020-06-05'),
(1564, 1564, '2020-02-27', '2020-06-05'),
(1565, 1565, '2020-02-27', '2020-06-05'),
(1566, 1566, '2020-02-27', '2020-06-05'),
(1567, 1567, '2020-02-27', '2020-06-05'),
(1568, 1568, '2020-02-27', '2020-06-05'),
(1569, 1569, '2020-02-27', '2020-06-05'),
(1570, 1570, '2020-02-27', '2020-06-05'),
(1571, 1571, '2020-02-27', '2020-06-05'),
(1572, 1572, '2020-02-27', '2020-06-05'),
(1573, 1573, '2020-02-27', '2020-06-05'),
(1574, 1574, '2020-02-27', '2020-06-05'),
(1575, 1575, '2020-02-27', '2020-06-05'),
(1576, 1576, '2020-02-27', '2020-06-05'),
(1577, 1577, '2020-02-27', '2020-06-05'),
(1578, 1578, '2020-02-27', '2020-06-05'),
(1579, 1579, '2020-02-27', '2020-06-05'),
(1580, 1580, '2020-02-27', '2020-06-05'),
(1581, 1581, '2020-02-27', '2020-06-05'),
(1582, 1582, '2020-02-27', '2020-06-05'),
(1583, 1583, '2020-02-27', '2020-06-05'),
(1584, 1584, '2020-02-27', '2020-06-05'),
(1585, 1585, '2020-02-27', '2020-06-05'),
(1586, 1586, '2020-02-27', '2020-06-05'),
(1587, 1587, '2020-02-27', '2020-06-05'),
(1588, 1588, '2020-02-27', '2020-06-05'),
(1589, 1589, '2020-02-27', '2020-06-05'),
(1590, 1590, '2020-02-27', '2020-06-05'),
(1591, 1591, '2020-02-27', '2020-06-05'),
(1592, 1592, '2020-02-27', '2020-06-05'),
(1593, 1593, '2020-02-27', '2020-06-05'),
(1594, 1594, '2020-02-27', '2020-06-05'),
(1595, 1595, '2020-02-27', '2020-06-05'),
(1596, 1596, '2020-02-27', '2020-06-05'),
(1597, 1597, '2020-02-27', '2020-06-05'),
(1598, 1598, '2020-02-27', '2020-06-05'),
(1599, 1599, '2020-02-27', '2020-06-05'),
(1600, 1600, '2020-02-27', '2020-06-05'),
(1601, 1601, '2020-06-14', '2020-07-14'),
(1602, 1602, '2020-06-14', '2020-07-14'),
(1603, 1603, '2020-06-14', '2020-07-14'),
(1604, 1604, '2020-06-14', '2020-07-14'),
(1605, 1605, '2020-06-14', '2020-07-14'),
(1606, 1606, '2020-06-14', '2020-07-14'),
(1607, 1607, '2020-06-14', '2020-07-14'),
(1608, 1608, '2020-06-14', '2020-07-14'),
(1609, 1609, '2020-06-14', '2020-07-14'),
(1610, 1610, '2020-06-14', '2020-07-14'),
(1611, 1611, '2020-06-14', '2020-07-14'),
(1612, 1612, '2020-06-14', '2020-07-14'),
(1613, 1613, '2020-06-14', '2020-07-14'),
(1614, 1614, '2020-06-14', '2020-07-14'),
(1615, 1615, '2020-06-14', '2020-07-14'),
(1616, 1616, '2020-06-14', '2020-07-14'),
(1617, 1617, '2020-06-14', '2020-07-14'),
(1618, 1618, '2020-06-14', '2020-07-14'),
(1619, 1619, '2020-06-14', '2020-07-14'),
(1620, 1620, '2020-06-14', '2020-07-14'),
(1621, 1621, '2020-06-14', '2020-07-14'),
(1622, 1622, '2020-06-14', '2020-07-14'),
(1623, 1623, '2020-06-14', '2020-07-14'),
(1624, 1624, '2020-06-14', '2020-07-14'),
(1625, 1625, '2020-06-14', '2020-07-14'),
(1626, 1626, '2020-06-14', '2020-07-14'),
(1627, 1627, '2020-06-14', '2020-07-14'),
(1628, 1628, '2020-06-14', '2020-07-14'),
(1629, 1629, '2020-06-14', '2020-07-14'),
(1630, 1630, '2020-06-14', '2020-07-14'),
(1631, 1631, '2020-06-14', '2020-07-14'),
(1632, 1632, '2020-06-14', '2020-07-14'),
(1633, 1633, '2020-06-14', '2020-07-14'),
(1634, 1634, '2020-06-14', '2020-07-14'),
(1635, 1635, '2020-06-14', '2020-07-14'),
(1636, 1636, '2020-06-14', '2020-07-14'),
(1637, 1637, '2020-06-14', '2020-07-14'),
(1638, 1638, '2020-06-14', '2020-07-14'),
(1639, 1639, '2020-06-14', '2020-07-14'),
(1640, 1640, '2020-06-14', '2020-07-14'),
(1641, 1641, '2020-06-14', '2020-07-14'),
(1642, 1642, '2020-06-14', '2020-07-14'),
(1643, 1643, '2020-06-14', '2020-07-14'),
(1644, 1644, '2020-06-14', '2020-07-14'),
(1645, 1645, '2020-06-14', '2020-07-14'),
(1646, 1646, '2020-06-14', '2020-07-14'),
(1647, 1647, '2020-06-14', '2020-07-14'),
(1648, 1648, '2020-06-14', '2020-07-14'),
(1649, 1649, '2020-06-14', '2020-07-14'),
(1650, 1650, '2020-06-14', '2020-07-14'),
(1651, 1651, '2020-06-14', '2020-07-14'),
(1652, 1652, '2020-06-14', '2020-07-14'),
(1653, 1653, '2020-06-14', '2020-07-14'),
(1654, 1654, '2020-06-14', '2020-07-14'),
(1655, 1655, '2020-06-14', '2020-07-14'),
(1656, 1656, '2020-06-14', '2020-07-14'),
(1657, 1657, '2020-06-14', '2020-07-14'),
(1658, 1658, '2020-06-14', '2020-07-14'),
(1659, 1659, '2020-06-14', '2020-07-14'),
(1660, 1660, '2020-06-14', '2020-07-14'),
(1661, 1661, '2020-06-14', '2020-07-14'),
(1662, 1662, '2020-06-14', '2020-07-14'),
(1663, 1663, '2020-06-14', '2020-07-14'),
(1664, 1664, '2020-06-14', '2020-07-14'),
(1665, 1665, '2020-06-14', '2020-07-14'),
(1666, 1666, '2020-06-14', '2020-07-14'),
(1667, 1667, '2020-06-14', '2020-07-14'),
(1668, 1668, '2020-06-14', '2020-07-14'),
(1669, 1669, '2020-06-14', '2020-07-14'),
(1670, 1670, '2020-06-14', '2020-07-14'),
(1671, 1671, '2020-06-14', '2020-07-14'),
(1672, 1672, '2020-06-14', '2020-07-14'),
(1673, 1673, '2020-06-14', '2020-07-14'),
(1674, 1674, '2020-06-14', '2020-07-14'),
(1675, 1675, '2020-06-14', '2020-07-14'),
(1676, 1676, '2020-06-14', '2020-07-14'),
(1677, 1677, '2020-06-14', '2020-07-14'),
(1678, 1678, '2020-06-14', '2020-07-14'),
(1679, 1679, '2020-06-14', '2020-07-14'),
(1680, 1680, '2020-06-16', '2020-09-26'),
(1681, 1681, '2020-06-16', '2020-09-26'),
(1682, 1682, '2020-06-16', '2020-09-26'),
(1683, 1683, '2020-06-16', '2020-09-26'),
(1684, 1684, '2020-06-16', '2020-09-26'),
(1685, 1685, '2020-06-16', '2020-09-26'),
(1686, 1686, '2020-06-16', '2020-09-26'),
(1687, 1687, '2020-06-16', '2020-09-26'),
(1688, 1688, '2020-06-16', '2020-09-26'),
(1689, 1689, '2020-06-16', '2020-09-26'),
(1690, 1690, '2020-06-16', '2020-09-26'),
(1691, 1691, '2020-06-16', '2020-09-26'),
(1692, 1692, '2020-06-16', '2020-09-26'),
(1693, 1693, '2020-06-16', '2020-09-26'),
(1694, 1694, '2020-06-16', '2020-09-26'),
(1695, 1695, '2020-06-16', '2020-09-26'),
(1696, 1696, '2020-06-16', '2020-09-26'),
(1697, 1697, '2020-06-16', '2020-09-26'),
(1698, 1698, '2020-06-16', '2020-09-26'),
(1699, 1699, '2020-06-16', '2020-09-26'),
(1700, 1700, '2020-06-16', '2020-09-26'),
(1701, 1701, '2020-06-16', '2020-09-26'),
(1702, 1702, '2020-06-16', '2020-09-26'),
(1703, 1703, '2020-06-16', '2020-09-26'),
(1704, 1704, '2020-06-16', '2020-09-26'),
(1705, 1705, '2020-06-16', '2020-09-26'),
(1706, 1706, '2020-06-16', '2020-09-26'),
(1707, 1707, '2020-06-16', '2020-09-26'),
(1708, 1708, '2020-06-16', '2020-09-26'),
(1709, 1709, '2020-06-16', '2020-09-26'),
(1710, 1710, '2020-06-16', '2020-09-26'),
(1711, 1711, '2020-06-16', '2020-09-26'),
(1712, 1712, '2020-06-16', '2020-09-26'),
(1713, 1713, '2020-06-16', '2020-09-26'),
(1714, 1714, '2020-06-16', '2020-09-26'),
(1715, 1715, '2020-06-16', '2020-09-26'),
(1716, 1716, '2020-06-16', '2020-09-26'),
(1717, 1717, '2020-06-16', '2020-09-26'),
(1718, 1718, '2020-06-16', '2020-09-26'),
(1719, 1719, '2020-06-16', '2020-09-26'),
(1720, 1720, '2020-06-16', '2020-09-26'),
(1721, 1721, '2020-06-16', '2020-09-26'),
(1722, 1722, '2020-06-16', '2020-09-26'),
(1723, 1723, '2020-06-16', '2020-09-26'),
(1724, 1724, '2020-06-16', '2020-09-26'),
(1725, 1725, '2020-06-16', '2020-09-26'),
(1726, 1726, '2020-06-16', '2020-09-26'),
(1727, 1727, '2020-06-16', '2020-09-26'),
(1728, 1728, '2020-06-16', '2020-09-26'),
(1729, 1729, '2020-06-16', '2020-09-26'),
(1730, 1730, '2020-06-16', '2020-09-26'),
(1731, 1731, '2020-06-16', '2020-09-26'),
(1732, 1732, '2020-06-16', '2020-09-26'),
(1733, 1733, '2020-06-16', '2020-09-26'),
(1734, 1734, '2020-06-16', '2020-09-26'),
(1735, 1735, '2020-06-16', '2020-09-26'),
(1736, 1736, '2020-06-16', '2020-09-26'),
(1737, 1737, '2020-06-16', '2020-09-26'),
(1738, 1738, '2020-06-16', '2020-09-26'),
(1739, 1739, '2020-06-16', '2020-09-26'),
(1740, 1740, '2020-06-16', '2020-09-26'),
(1741, 1741, '2020-06-16', '2020-09-26'),
(1742, 1742, '2020-06-16', '2020-09-26'),
(1743, 1743, '2020-06-16', '2020-09-26'),
(1744, 1744, '2020-06-16', '2020-09-26'),
(1745, 1745, '2020-06-16', '2020-09-26'),
(1746, 1746, '2020-06-16', '2020-09-26'),
(1747, 1747, '2020-06-16', '2020-09-26'),
(1748, 1748, '2020-06-16', '2020-09-26'),
(1749, 1749, '2020-06-16', '2020-09-26'),
(1750, 1750, '2020-06-16', '2020-09-26'),
(1751, 1751, '2020-06-16', '2020-09-26'),
(1752, 1752, '2020-06-16', '2020-09-26'),
(1753, 1753, '2020-06-16', '2020-09-26'),
(1754, 1754, '2020-06-16', '2020-09-26'),
(1755, 1755, '2020-06-16', '2020-09-26'),
(1756, 1756, '2020-06-16', '2020-09-26'),
(1757, 1757, '2020-06-16', '2020-09-26'),
(1758, 1758, '2020-06-16', '2020-09-26');

-- --------------------------------------------------------

--
-- Структура таблицы `catalogs`
--

CREATE TABLE `catalogs` (
  `id` int(10) UNSIGNED NOT NULL,
  `catalog_groups_id` int(11) NOT NULL,
  `name` varchar(255) COLLATE utf8mb4_unicode_ci NOT NULL,
  `price_from` int(11) NOT NULL,
  `price_up_to` int(11) NOT NULL,
  `description` text COLLATE utf8mb4_unicode_ci,
  `youtube` text COLLATE utf8mb4_unicode_ci,
  `photo` varchar(255) COLLATE utf8mb4_unicode_ci DEFAULT NULL,
  `more_photo` varchar(255) COLLATE utf8mb4_unicode_ci DEFAULT NULL,
  `tel` varchar(255) COLLATE utf8mb4_unicode_ci NOT NULL,
  `tel_work` varchar(255) COLLATE utf8mb4_unicode_ci DEFAULT NULL,
  `position` int(11) NOT NULL,
  `created_at` timestamp NULL DEFAULT NULL,
  `updated_at` timestamp NULL DEFAULT NULL
) ENGINE=InnoDB DEFAULT CHARSET=utf8mb4 COLLATE=utf8mb4_unicode_ci;

--
-- Дамп данных таблицы `catalogs`
--

INSERT INTO `catalogs` (`id`, `catalog_groups_id`, `name`, `price_from`, `price_up_to`, `description`, `youtube`, `photo`, `more_photo`, `tel`, `tel_work`, `position`, `created_at`, `updated_at`) VALUES
(1, 1, 'Золотой дождь', 1006, 2000, 'Идейные соображения высшего порядка, а также сложившаяся структура организации позволяет выполнять важные задания.', NULL, 'public/avatars/Hl5LYKTFwrD8oobiAMuPrnzMENgkMJq7l0IRwt0o.jpeg', NULL, '89269442436', NULL, 1, NULL, '2020-03-13 05:32:35'),
(2, 1, 'Сотрудник успешно', 1000, 2000, NULL, NULL, NULL, NULL, '8888', NULL, 1, NULL, '2020-03-10 07:22:09'),
(4, 2, 'Тест', 80000, 2000, '222', 'rtyryrtyryrtyrt', NULL, NULL, '123', '23456', 1, '2020-03-10 03:26:08', '2020-03-10 08:20:27'),
(5, 1, 'Привет мир', 2000, 2000, 'Это описание для привет мира', NULL, NULL, NULL, '89269442412', NULL, 1, '2020-03-10 09:38:18', '2020-03-10 09:38:18'),
(10, 1, '1111', 111, 1111, '111111', NULL, 'public/avatars/Gb7wWzJ1c4OBP2iSV9fKkgmHiwlk3u3emRLoQEO7.png', NULL, '432456', '11111', 1, '2020-03-13 04:38:36', '2020-03-13 04:38:36');

-- --------------------------------------------------------

--
-- Структура таблицы `catalog_groups`
--

CREATE TABLE `catalog_groups` (
  `id` int(10) UNSIGNED NOT NULL,
  `name` varchar(255) COLLATE utf8mb4_unicode_ci NOT NULL,
  `description` text COLLATE utf8mb4_unicode_ci,
  `photo` varchar(255) COLLATE utf8mb4_unicode_ci DEFAULT NULL,
  `created_at` timestamp NULL DEFAULT NULL,
  `updated_at` timestamp NULL DEFAULT NULL
) ENGINE=InnoDB DEFAULT CHARSET=utf8mb4 COLLATE=utf8mb4_unicode_ci;

--
-- Дамп данных таблицы `catalog_groups`
--

INSERT INTO `catalog_groups` (`id`, `name`, `description`, `photo`, `created_at`, `updated_at`) VALUES
(1, 'Банкетные залы', NULL, NULL, NULL, NULL),
(2, 'Оформители', NULL, NULL, NULL, NULL),
(3, 'Ведущие', NULL, NULL, NULL, NULL),
(4, 'Музыканты', NULL, NULL, NULL, NULL),
(5, 'Фото/Видео', NULL, NULL, NULL, NULL),
(6, 'Шоу-программы', NULL, NULL, NULL, NULL),
(7, 'Размещение', NULL, NULL, NULL, NULL),
(8, 'Туры', NULL, NULL, NULL, NULL),
(9, 'Транспорт', NULL, NULL, NULL, NULL),
(10, 'Лимузины', NULL, NULL, '2020-03-10 03:40:02', '2020-03-10 03:40:02'),
(11, 'Вешенки', NULL, NULL, '2020-03-10 03:57:12', '2020-03-10 03:57:12');

-- --------------------------------------------------------

--
-- Структура таблицы `cities`
--

CREATE TABLE `cities` (
  `id` int(10) UNSIGNED NOT NULL,
  `name` varchar(100) COLLATE utf8mb4_unicode_ci NOT NULL
) ENGINE=MyISAM DEFAULT CHARSET=utf8mb4 COLLATE=utf8mb4_unicode_ci;

--
-- Дамп данных таблицы `cities`
--

INSERT INTO `cities` (`id`, `name`) VALUES
(1, 'Одесса'),
(2, 'Киев'),
(3, 'Харьков'),
(4, 'Днепр'),
(5, 'Запорожье'),
(6, 'Львов'),
(7, 'Кривой Рог'),
(8, 'Николаев Николаев'),
(9, 'Винница'),
(10, 'Херсон'),
(11, 'Чернигов'),
(12, 'Полтавва'),
(13, 'Черкассы'),
(14, 'Житомир'),
(15, 'Хмельницкий'),
(16, 'Черновцы'),
(17, 'Ровно'),
(18, 'Ивано-франковск'),
(19, 'Кременчуг'),
(20, 'Тернополь'),
(21, 'Луцк'),
(22, 'Ужгород');

-- --------------------------------------------------------

--
-- Структура таблицы `contacts`
--

CREATE TABLE `contacts` (
  `id` int(10) UNSIGNED NOT NULL,
  `event_id` int(10) UNSIGNED NOT NULL,
  `name` varchar(100) COLLATE utf8mb4_unicode_ci NOT NULL,
  `contacts_cell` varchar(100) COLLATE utf8mb4_unicode_ci DEFAULT NULL,
  `contacts_email` varchar(100) COLLATE utf8mb4_unicode_ci DEFAULT NULL,
  `contacts_instagram` varchar(100) COLLATE utf8mb4_unicode_ci DEFAULT NULL,
  `contacts_facebook` varchar(100) COLLATE utf8mb4_unicode_ci DEFAULT NULL,
  `contacts_vk` varchar(100) COLLATE utf8mb4_unicode_ci DEFAULT NULL,
  `contacts_ok` varchar(100) COLLATE utf8mb4_unicode_ci DEFAULT NULL,
  `contacts_viber` varchar(100) COLLATE utf8mb4_unicode_ci DEFAULT NULL,
  `contacts_telegram` varchar(100) COLLATE utf8mb4_unicode_ci DEFAULT NULL,
  `created_at` timestamp NULL DEFAULT NULL,
  `updated_at` timestamp NULL DEFAULT NULL
) ENGINE=InnoDB DEFAULT CHARSET=utf8mb4 COLLATE=utf8mb4_unicode_ci;

--
-- Дамп данных таблицы `contacts`
--

INSERT INTO `contacts` (`id`, `event_id`, `name`, `contacts_cell`, `contacts_email`, `contacts_instagram`, `contacts_facebook`, `contacts_vk`, `contacts_ok`, `contacts_viber`, `contacts_telegram`, `created_at`, `updated_at`) VALUES
(2, 5, 'Вася деократор', '888888', 'mavrin', 'tyut', 'tyutyu', NULL, NULL, '80808', '567567', '2020-03-04 05:03:43', '2020-03-04 05:35:54'),
(3, 1, '1111', NULL, NULL, NULL, NULL, NULL, NULL, NULL, NULL, NULL, NULL);

-- --------------------------------------------------------

--
-- Структура таблицы `days`
--

CREATE TABLE `days` (
  `id` int(10) UNSIGNED NOT NULL,
  `event_id` int(11) NOT NULL,
  `name` varchar(255) COLLATE utf8mb4_unicode_ci NOT NULL,
  `time` varchar(255) COLLATE utf8mb4_unicode_ci NOT NULL,
  `created_at` timestamp NULL DEFAULT NULL,
  `updated_at` timestamp NULL DEFAULT NULL
) ENGINE=InnoDB DEFAULT CHARSET=utf8mb4 COLLATE=utf8mb4_unicode_ci;

--
-- Дамп данных таблицы `days`
--

INSERT INTO `days` (`id`, `event_id`, `name`, `time`, `created_at`, `updated_at`) VALUES
(8, 5, 'Сходить в загс', '09:15', '2020-03-05 03:10:00', '2020-03-05 03:10:00'),
(9, 5, 'Вася', '09:20', '2020-03-05 03:13:27', '2020-03-05 03:13:27'),
(10, 5, 'Саша', '09:05', '2020-03-05 03:13:46', '2020-03-05 03:13:46'),
(11, 1, 'Убрать мусор', '09:18', '2020-03-05 03:44:51', '2020-03-05 03:44:51'),
(12, 1, 'Убрать мусор', '09:18', '2020-03-05 03:46:05', '2020-03-05 03:46:05'),
(13, 5, 'Убрать мусор', '09:18', '2020-03-05 03:46:41', '2020-03-05 03:46:41');

-- --------------------------------------------------------

--
-- Структура таблицы `events`
--

CREATE TABLE `events` (
  `id` int(10) UNSIGNED NOT NULL,
  `user_id` int(10) UNSIGNED NOT NULL,
  `city_id` int(10) UNSIGNED NOT NULL,
  `event_type_id` int(10) UNSIGNED NOT NULL,
  `name` varchar(100) COLLATE utf8mb4_unicode_ci NOT NULL,
  `date` date NOT NULL,
  `created_at` timestamp NULL DEFAULT NULL,
  `updated_at` timestamp NULL DEFAULT NULL
) ENGINE=MyISAM DEFAULT CHARSET=utf8mb4 COLLATE=utf8mb4_unicode_ci;

--
-- Дамп данных таблицы `events`
--

INSERT INTO `events` (`id`, `user_id`, `city_id`, `event_type_id`, `name`, `date`, `created_at`, `updated_at`) VALUES
(1, 3, 1, 1, 'Хуй хуй хуй', '2017-08-27', '2017-05-29 10:36:43', '2017-05-29 10:36:43'),
(3, 8, 1, 1, 'Свадьба Василины и Апполинария', '2017-09-24', '2017-06-25 10:41:10', '2017-06-25 10:41:10'),
(4, 10, 1, 1, 'rrrr', '2017-09-01', '2017-08-19 21:49:38', '2017-08-19 21:49:38'),
(5, 11, 1, 1, 'Свадьба', '2020-07-01', '2020-02-04 05:42:44', '2020-02-04 05:42:44'),
(6, 12, 1, 1, 'Свадебка', '2020-06-20', '2020-02-10 17:02:47', '2020-02-10 17:02:47'),
(7, 13, 2, 1, 'Свадьба Марченко', '2020-07-16', '2020-02-17 06:24:53', '2020-02-17 06:24:53'),
(8, 14, 1, 1, 'Свадьба Борщева', '2020-04-10', '2020-02-18 09:24:43', '2020-02-18 09:24:43'),
(9, 15, 1, 1, 'ААПП', '2020-06-21', '2020-02-21 10:01:25', '2020-02-21 10:01:25'),
(10, 16, 1, 1, 'Маска', '2020-05-08', '2020-02-21 10:20:44', '2020-02-21 10:20:44'),
(11, 17, 1, 1, 'Свадьба', '2020-06-12', '2020-02-21 10:44:27', '2020-02-21 10:44:27'),
(12, 18, 1, 1, '1212', '2020-05-08', '2020-02-21 10:46:02', '2020-02-21 10:46:02'),
(13, 19, 1, 1, '1', '2020-05-22', '2020-02-21 10:47:05', '2020-02-21 10:47:05'),
(14, 20, 1, 1, 'dfghjk', '2020-04-03', '2020-02-21 10:48:59', '2020-02-21 10:48:59'),
(15, 21, 1, 1, 'dfghj', '2020-04-03', '2020-02-21 10:54:42', '2020-02-21 10:54:42'),
(16, 22, 1, 1, 'zzz', '2020-05-08', '2020-02-21 10:55:41', '2020-02-21 10:55:41'),
(17, 23, 1, 1, 'ddd', '2020-05-01', '2020-02-21 11:04:37', '2020-02-21 11:04:37'),
(18, 24, 1, 1, 'aaa', '2020-04-03', '2020-02-21 11:07:07', '2020-02-21 11:07:07'),
(19, 25, 1, 1, 'Параша', '2020-06-12', '2020-02-27 06:04:41', '2020-02-27 06:04:41'),
(20, 26, 1, 1, '565656', '2020-07-17', '2020-06-14 17:39:34', '2020-06-14 17:39:34'),
(21, 27, 1, 1, 'Свадьба', '2020-10-03', '2020-06-16 17:03:49', '2020-06-16 17:03:49');

-- --------------------------------------------------------

--
-- Структура таблицы `event_types`
--

CREATE TABLE `event_types` (
  `id` int(10) UNSIGNED NOT NULL,
  `name` varchar(100) COLLATE utf8mb4_unicode_ci NOT NULL
) ENGINE=MyISAM DEFAULT CHARSET=utf8mb4 COLLATE=utf8mb4_unicode_ci;

--
-- Дамп данных таблицы `event_types`
--

INSERT INTO `event_types` (`id`, `name`) VALUES
(1, 'Свадьба'),
(2, 'День рождения'),
(3, 'Юбилей'),
(4, 'Годовщина'),
(5, 'Корпоратив');

-- --------------------------------------------------------

--
-- Структура таблицы `guests`
--

CREATE TABLE `guests` (
  `id` int(10) UNSIGNED NOT NULL,
  `event_id` int(10) UNSIGNED NOT NULL,
  `name` varchar(100) COLLATE utf8mb4_unicode_ci NOT NULL,
  `gender` enum('male','female') COLLATE utf8mb4_unicode_ci NOT NULL,
  `status` enum('married','witness','relatives','friends') COLLATE utf8mb4_unicode_ci NOT NULL,
  `contacts_cell` varchar(100) COLLATE utf8mb4_unicode_ci DEFAULT NULL,
  `contacts_email` varchar(100) COLLATE utf8mb4_unicode_ci DEFAULT NULL,
  `contacts_instagram` varchar(100) COLLATE utf8mb4_unicode_ci DEFAULT NULL,
  `contacts_facebook` varchar(100) COLLATE utf8mb4_unicode_ci DEFAULT NULL,
  `contacts_vk` varchar(100) COLLATE utf8mb4_unicode_ci DEFAULT NULL,
  `contacts_ok` varchar(100) COLLATE utf8mb4_unicode_ci DEFAULT NULL,
  `contacts_viber` varchar(100) COLLATE utf8mb4_unicode_ci DEFAULT NULL,
  `contacts_telegram` varchar(100) COLLATE utf8mb4_unicode_ci DEFAULT NULL
) ENGINE=MyISAM DEFAULT CHARSET=utf8mb4 COLLATE=utf8mb4_unicode_ci;

--
-- Дамп данных таблицы `guests`
--

INSERT INTO `guests` (`id`, `event_id`, `name`, `gender`, `status`, `contacts_cell`, `contacts_email`, `contacts_instagram`, `contacts_facebook`, `contacts_vk`, `contacts_ok`, `contacts_viber`, `contacts_telegram`) VALUES
(20, 1, 'LALJA lol', 'male', 'married', NULL, NULL, NULL, NULL, NULL, NULL, NULL, NULL),
(21, 1, 'fsdfsdffsdf', 'male', 'witness', 'fsdfsd', 'fsdfds', 'fsdfsdf', '1', '2', '3', NULL, NULL),
(22, 1, 'vfdf', 'female', 'witness', '', '', '', '', '', '', NULL, NULL),
(24, 1, 'fsdfds', 'male', 'witness', 'аыва', 'аывавы', '', 'аы', '', '', NULL, NULL),
(25, 1, 'аываываываываыва', 'male', 'witness', '', '', '', '', '', '', NULL, NULL),
(26, 1, 'аываыва', 'male', 'relatives', '', '', '', '', '', '', NULL, NULL),
(29, 1, 'fsdfsdfsdfdsf', 'male', 'witness', NULL, NULL, NULL, NULL, NULL, NULL, NULL, NULL),
(30, 5, 'Валерка', 'male', 'married', NULL, NULL, NULL, NULL, NULL, NULL, NULL, NULL),
(31, 5, 'Валера', 'male', 'witness', '666', '', '', '', '', '', '', ''),
(32, 5, 'Алексей', 'male', 'witness', NULL, NULL, NULL, NULL, NULL, NULL, NULL, NULL),
(33, 5, 'Dfc', 'male', 'relatives', NULL, NULL, NULL, NULL, NULL, NULL, NULL, NULL),
(34, 5, 'Вася', 'male', 'relatives', NULL, NULL, NULL, NULL, NULL, NULL, NULL, NULL),
(35, 5, 'Никита везде побрито', 'male', 'friends', NULL, NULL, NULL, NULL, NULL, NULL, NULL, NULL),
(36, 5, 'Катюха', 'female', 'married', NULL, NULL, NULL, NULL, NULL, NULL, NULL, NULL),
(37, 5, 'Оля', 'female', 'witness', NULL, NULL, NULL, NULL, NULL, NULL, NULL, NULL),
(38, 5, 'Анелия', 'female', 'friends', NULL, NULL, NULL, NULL, NULL, NULL, NULL, NULL),
(39, 5, 'Аня', 'male', 'witness', '', '', '', '', NULL, NULL, '', ''),
(40, 7, 'Маврин', 'male', 'witness', NULL, NULL, NULL, NULL, NULL, NULL, NULL, NULL),
(41, 7, 'Саша', 'male', 'witness', NULL, NULL, NULL, NULL, NULL, NULL, NULL, NULL),
(42, 7, 'МАША', 'female', 'friends', NULL, NULL, NULL, NULL, NULL, NULL, NULL, NULL),
(43, 19, 'Вася', 'male', 'witness', '89269442435', 'mavrin_88@mail.ru', 'mavrin_88', 'mavrin88', '', '', '666', '888'),
(44, 5, 'родрл', 'male', 'friends', NULL, NULL, NULL, NULL, NULL, NULL, NULL, NULL),
(45, 5, 'Ghbdtn', 'male', 'friends', NULL, NULL, NULL, NULL, NULL, NULL, NULL, NULL),
(46, 21, 'Петя', 'male', 'witness', NULL, NULL, NULL, NULL, NULL, NULL, NULL, NULL),
(47, 21, 'Вася', 'male', 'married', NULL, NULL, NULL, NULL, NULL, NULL, NULL, NULL),
(48, 21, 'Нина', 'male', 'relatives', NULL, NULL, NULL, NULL, NULL, NULL, NULL, NULL),
(49, 21, 'Алина', 'male', 'relatives', NULL, NULL, NULL, NULL, NULL, NULL, NULL, NULL),
(50, 21, 'Сережа', 'male', 'relatives', NULL, NULL, NULL, NULL, NULL, NULL, NULL, NULL),
(51, 21, 'Миша', 'male', 'friends', NULL, NULL, NULL, NULL, NULL, NULL, NULL, NULL),
(52, 21, 'Коля', 'male', 'friends', NULL, NULL, NULL, NULL, NULL, NULL, NULL, NULL),
(53, 21, 'Тарас', 'male', 'friends', NULL, NULL, NULL, NULL, NULL, NULL, NULL, NULL),
(54, 21, 'Майкл', 'male', 'friends', NULL, NULL, NULL, NULL, NULL, NULL, NULL, NULL),
(55, 21, 'Пит', 'male', 'friends', NULL, NULL, NULL, NULL, NULL, NULL, NULL, NULL),
(56, 21, 'Ангелина', 'female', 'married', NULL, NULL, NULL, NULL, NULL, NULL, NULL, NULL),
(57, 21, 'Маруся', 'female', 'witness', NULL, NULL, NULL, NULL, NULL, NULL, NULL, NULL),
(58, 21, 'Бабушка Нюра', 'female', 'relatives', NULL, NULL, NULL, NULL, NULL, NULL, NULL, NULL),
(59, 21, 'Мама', 'female', 'relatives', NULL, NULL, NULL, NULL, NULL, NULL, NULL, NULL),
(60, 21, 'Папа', 'female', 'relatives', NULL, NULL, NULL, NULL, NULL, NULL, NULL, NULL),
(61, 21, 'Лола', 'female', 'friends', NULL, NULL, NULL, NULL, NULL, NULL, NULL, NULL),
(62, 21, 'Киса', 'female', 'friends', NULL, NULL, NULL, NULL, NULL, NULL, NULL, NULL),
(63, 21, 'Уна', 'female', 'friends', NULL, NULL, NULL, NULL, NULL, NULL, NULL, NULL),
(64, 21, 'Ксю', 'female', 'friends', NULL, NULL, NULL, NULL, NULL, NULL, NULL, NULL),
(65, 21, 'Лю', 'female', 'friends', NULL, NULL, NULL, NULL, NULL, NULL, NULL, NULL),
(66, 21, 'Пиу', 'female', 'friends', NULL, NULL, NULL, NULL, NULL, NULL, NULL, NULL);

-- --------------------------------------------------------

--
-- Структура таблицы `inivations`
--

CREATE TABLE `inivations` (
  `id` int(10) UNSIGNED NOT NULL,
  `user_id` int(11) NOT NULL,
  `name` varchar(255) COLLATE utf8mb4_unicode_ci NOT NULL,
  `text` varchar(255) COLLATE utf8mb4_unicode_ci NOT NULL,
  `background` int(11) NOT NULL,
  `send` int(11) NOT NULL,
  `status` int(11) NOT NULL,
  `created_at` timestamp NULL DEFAULT NULL,
  `updated_at` timestamp NULL DEFAULT NULL
) ENGINE=InnoDB DEFAULT CHARSET=utf8mb4 COLLATE=utf8mb4_unicode_ci;

--
-- Дамп данных таблицы `inivations`
--

INSERT INTO `inivations` (`id`, `user_id`, `name`, `text`, `background`, `send`, `status`, `created_at`, `updated_at`) VALUES
(1, 12, 'Семья Марченко', 'Привет, приглашаем Вас на свадьбу', 1, 0, 1, '2020-02-13 03:20:28', '2020-02-17 05:57:21'),
(2, 121, 'Семья Марченко', 'Привет, приглашаем Вас на свадьбу', 1, 0, 0, '2020-02-13 04:07:02', '2020-02-13 04:07:02'),
(3, 1, 'Семья Марченко', 'Привет, приглашаем Вас на свадьбу', 1, 0, 0, '2020-02-13 04:07:28', '2020-02-13 04:07:28'),
(4, 11, 'Семья Марченко', 'Привет, приглашаем Вас на свадьбу', 1, 0, 0, '2020-02-13 04:25:56', '2020-02-13 04:25:56'),
(5, 11, '666', '111', 1, 0, 0, '2020-02-13 04:43:38', '2020-02-13 04:43:38'),
(6, 11, 'Моя свадьба', 'Прошу вас прийти', 1, 0, 1, '2020-02-13 04:45:44', '2020-02-13 04:45:44'),
(7, 11, 'Свадьба Ивановых', 'Прошу вас прийти', 1, 0, 0, '2020-02-13 04:53:30', '2020-02-13 04:53:30'),
(8, 11, 'Свадьба Ивановых', 'Прошу вас прийти', 1, 0, 2, '2020-02-13 05:26:38', '2020-02-13 05:26:38'),
(9, 11, 'Свадьба Ивановых', 'Прошу вас прийти', 1, 0, 1, '2020-02-13 10:15:05', '2020-02-13 10:15:05'),
(10, 11, '123', '123', 1, 0, 0, '2020-02-13 12:22:19', '2020-02-13 12:22:19'),
(11, 11, 'Привет мир', 'Опа', 1, 0, 0, '2020-02-13 12:48:08', '2020-02-13 12:48:08'),
(12, 11, 'Привет мир', 'Опа', 1, 0, 0, '2020-02-13 12:50:19', '2020-02-13 12:50:19'),
(13, 11, 'Привет мир', 'Опа', 1, 0, 0, '2020-02-13 12:50:50', '2020-02-13 12:50:50'),
(14, 11, 'Привет мир', 'Опа', 1, 0, 2, '2020-02-13 12:50:56', '2020-02-17 05:58:51'),
(15, 11, 'Привет мир', 'Опа', 1, 0, 1, '2020-02-13 12:51:31', '2020-02-17 05:58:20'),
(16, 11, 'Привет мир', 'Опа', 1, 0, 0, '2020-02-13 16:53:23', '2020-02-13 16:53:23'),
(17, 11, 'Привет мир', 'Опа', 1, 0, 0, '2020-02-13 16:53:31', '2020-02-13 16:53:31'),
(18, 11, 'Привет мир', 'Опа', 1, 0, 0, '2020-02-13 16:59:53', '2020-02-13 16:59:53'),
(19, 11, '1', '1', 1, 0, 0, '2020-02-14 03:06:04', '2020-02-14 03:06:04'),
(20, 11, 'Свадьба Марченко', 'Приглашаем Вас на свадьбу', 1, 0, 0, '2020-02-14 03:07:39', '2020-02-17 12:22:08'),
(21, 11, '1', '666', 1, 0, 0, '2020-02-14 03:13:58', '2020-02-14 03:13:58'),
(22, 11, '1', '666', 1, 0, 0, '2020-02-14 03:14:47', '2020-02-14 03:14:47'),
(23, 11, '1', '666', 1, 0, 0, '2020-02-14 03:15:07', '2020-02-14 03:15:07'),
(24, 11, '1', '666', 1, 0, 0, '2020-02-14 03:15:12', '2020-02-14 03:15:12'),
(25, 11, '1', '666', 1, 0, 0, '2020-02-14 03:16:33', '2020-02-14 03:16:33'),
(26, 11, '1', '666', 1, 0, 0, '2020-02-14 03:16:56', '2020-02-14 03:16:56'),
(27, 11, '1', '666', 1, 0, 0, '2020-02-14 04:24:18', '2020-02-14 04:24:18'),
(28, 11, '1', '666', 1, 0, 0, '2020-02-14 04:24:45', '2020-02-14 04:24:45'),
(29, 11, '1', '666', 1, 0, 0, '2020-02-14 04:24:59', '2020-02-14 04:24:59'),
(30, 11, '1', '666', 1, 0, 0, '2020-02-14 04:25:35', '2020-02-14 04:25:35'),
(31, 11, '1', '666', 1, 0, 0, '2020-02-14 04:25:42', '2020-02-14 04:25:42'),
(32, 11, '1', '666', 1, 0, 0, '2020-02-14 04:25:54', '2020-02-14 04:25:54'),
(33, 11, '1', '666', 1, 0, 0, '2020-02-14 04:26:00', '2020-02-14 04:26:00'),
(34, 11, 'Тест', 'Тест', 1, 0, 0, '2020-02-14 06:26:23', '2020-02-17 12:23:18'),
(35, 11, '1212', '1213', 1, 0, 0, '2020-02-14 06:39:19', '2020-02-14 06:39:19'),
(36, 11, '1212', '1213', 1, 0, 0, '2020-02-14 06:49:29', '2020-02-14 06:49:29'),
(37, 11, '111', '111', 1, 0, 0, '2020-02-14 06:50:13', '2020-02-14 06:50:13'),
(38, 11, '111', '111', 1, 0, 0, '2020-02-14 06:50:57', '2020-02-14 06:50:57'),
(39, 11, '111', '111', 1, 0, 0, '2020-02-14 06:51:05', '2020-02-14 06:51:05'),
(40, 11, 'Тест', 'Тест', 1, 0, 0, '2020-02-14 06:51:15', '2020-02-17 12:30:37'),
(41, 11, '111', '111', 1, 0, 0, '2020-02-14 06:51:27', '2020-02-14 06:51:27'),
(42, 11, '111', '111', 1, 0, 0, '2020-02-14 06:59:17', '2020-02-14 06:59:17'),
(43, 11, '111', '111', 1, 0, 0, '2020-02-14 06:59:28', '2020-02-14 06:59:28'),
(44, 11, '111', '111', 1, 0, 0, '2020-02-14 06:59:55', '2020-02-14 06:59:55'),
(45, 11, '111', '111', 1, 0, 0, '2020-02-14 07:00:26', '2020-02-14 07:00:26'),
(46, 11, '111', '111', 1, 0, 0, '2020-02-14 07:00:58', '2020-02-14 07:00:58'),
(47, 11, '111', '111', 1, 0, 0, '2020-02-14 07:27:43', '2020-02-14 07:27:43'),
(48, 11, '111', '111', 1, 0, 0, '2020-02-14 07:27:59', '2020-02-14 07:27:59'),
(49, 11, '111', '111', 1, 0, 0, '2020-02-14 07:28:20', '2020-02-14 07:28:20'),
(50, 11, '111', '111', 1, 0, 0, '2020-02-14 08:13:53', '2020-02-14 08:13:53'),
(51, 11, '111', '111', 1, 0, 0, '2020-02-14 08:15:00', '2020-02-14 08:15:00'),
(52, 11, '111', '111', 1, 0, 0, '2020-02-14 08:15:23', '2020-02-14 08:15:23'),
(53, 11, '111', '111', 1, 0, 0, '2020-02-14 08:16:05', '2020-02-14 08:16:05'),
(54, 11, '111', '111', 1, 0, 0, '2020-02-14 08:17:50', '2020-02-14 08:17:50'),
(55, 11, 'Свадьба', 'Приглашаем', 1, 0, 0, '2020-02-14 08:21:54', '2020-02-17 11:18:13'),
(56, 11, '111', '111', 1, 0, 0, '2020-02-14 08:22:54', '2020-02-14 08:22:54'),
(57, 11, '123', '1234', 1, 0, 0, '2020-02-14 08:24:13', '2020-02-14 08:24:13'),
(58, 11, '123', '1234', 1, 0, 0, '2020-02-14 08:26:56', '2020-02-14 08:26:56'),
(59, 11, '123', '1234', 1, 0, 0, '2020-02-14 08:28:33', '2020-02-14 08:28:33'),
(60, 11, '123', '1234', 1, 0, 0, '2020-02-14 08:29:48', '2020-02-14 08:29:48'),
(61, 11, '123', '1234', 1, 0, 0, '2020-02-14 08:35:55', '2020-02-14 08:35:55'),
(62, 11, '123', '1234', 1, 0, 0, '2020-02-14 08:36:16', '2020-02-14 08:36:16'),
(63, 11, '123', '1234', 1, 0, 0, '2020-02-14 08:38:37', '2020-02-14 08:38:37'),
(64, 11, '123', '1234', 1, 0, 0, '2020-02-14 08:38:53', '2020-02-14 08:38:53'),
(65, 11, '123', '1234', 1, 0, 0, '2020-02-14 08:39:19', '2020-02-14 08:39:19'),
(66, 11, '123', '1234', 1, 0, 0, '2020-02-14 08:39:36', '2020-02-14 08:39:36'),
(67, 11, '123', '1234', 1, 0, 0, '2020-02-14 08:41:49', '2020-02-14 08:41:49'),
(68, 11, '123', '1234', 1, 0, 0, '2020-02-14 08:42:29', '2020-02-14 08:42:29'),
(69, 11, '123', '1234', 1, 0, 0, '2020-02-14 08:45:34', '2020-02-14 08:45:34'),
(70, 11, '123', '1234', 1, 0, 0, '2020-02-14 08:46:16', '2020-02-14 08:46:16'),
(71, 11, '123', '1234', 1, 0, 0, '2020-02-14 08:46:36', '2020-02-14 08:46:36'),
(72, 11, 'Свадьба Ивановых', 'Приходите', 1, 0, 0, '2020-02-14 08:47:52', '2020-02-14 08:47:52'),
(73, 11, 'Свадьба Ивановых', 'Приходите', 1, 0, 0, '2020-02-14 08:48:56', '2020-02-14 08:48:56'),
(74, 11, 'Свадьба Ивановых', 'Приходите', 1, 0, 0, '2020-02-14 08:53:56', '2020-02-14 08:53:56'),
(75, 11, 'Свадьба Ивановых', 'Приходите', 1, 0, 0, '2020-02-14 08:54:23', '2020-02-14 08:54:23'),
(76, 11, 'Свадьба Ивановых', 'Приходите', 1, 0, 0, '2020-02-14 08:55:03', '2020-02-14 08:55:03'),
(77, 11, 'Свадьба Ивановых', 'Приходите', 1, 0, 0, '2020-02-14 08:56:04', '2020-02-14 08:56:04'),
(78, 11, 'Свиридовы', 'Свадьба в туалете', 1, 0, 1, '2020-02-14 08:58:25', '2020-02-17 06:09:26'),
(79, 11, 'Петровы', 'Привет андрей', 1, 0, 0, '2020-02-14 09:26:11', '2020-02-14 09:26:11'),
(80, 11, 'Петровы', 'Привет андрей', 1, 0, 0, '2020-02-14 09:36:56', '2020-02-14 09:36:56'),
(81, 11, '1515', '1515', 1, 0, 0, '2020-02-15 15:44:06', '2020-02-15 15:44:06'),
(82, 13, 'Свадьба Иван', 'Приглашаем Вас555', 1, 0, 1, '2020-02-17 06:25:51', '2020-02-17 14:38:12'),
(83, 13, 'Свадьба Ивановых', 'rtret', 1, 0, 2, '2020-02-17 06:32:37', '2020-02-18 04:01:21'),
(84, 13, 'Свадьба Петровых', 'Приглашаем Вас на свадьбу', 1, 0, 0, '2020-02-17 06:34:02', '2020-02-17 06:34:02'),
(85, 13, 'Свадьба Марченко', 'Приглашаем Вас на свадьбу', 1, 0, 0, '2020-02-17 06:34:29', '2020-02-17 06:34:29'),
(86, 13, 'Свадьба Долбоебов', 'Свадьба Петровых', 1, 0, 2, '2020-02-17 08:47:54', '2020-02-18 04:50:21'),
(87, 13, '1234567890', '666', 1, 0, 0, '2020-02-17 09:36:01', '2020-02-17 11:22:51'),
(88, 13, '56565', '555', 1, 0, 0, '2020-02-17 09:36:23', '2020-02-17 11:23:03'),
(89, 13, 'Свадьба Ивановых', 'Приглашаем Вас на свадьбу', 1, 0, 0, '2020-02-17 09:55:29', '2020-02-17 09:55:29'),
(90, 13, 'Свадьба Ивановых', 'Приглашаем Вас на свадьбу', 1, 0, 0, '2020-02-17 09:56:21', '2020-02-17 09:56:21'),
(91, 13, 'Свадьба Ивановых', 'Приглашаем Вас на свадьбу', 1, 0, 0, '2020-02-17 09:57:35', '2020-02-17 09:57:35'),
(92, 13, 'Свадьба Долбоебов2', 'Привет сука', 1, 0, 0, '2020-02-17 11:29:33', '2020-02-17 11:30:05'),
(93, 13, '1111', '111', 1, 0, 0, '2020-02-17 11:59:55', '2020-02-17 11:59:55'),
(94, 13, '567', '567', 1, 0, 0, '2020-02-17 12:00:34', '2020-02-17 12:00:34'),
(95, 13, '111', '111', 1, 0, 0, '2020-02-17 12:01:37', '2020-02-17 12:01:37'),
(96, 13, '1', '1', 1, 0, 0, '2020-02-17 12:02:12', '2020-02-17 12:02:12'),
(97, 13, '111', '111', 1, 0, 0, '2020-02-17 12:02:35', '2020-02-17 12:02:35'),
(98, 13, 'Тест', 'Тест', 1, 0, 0, '2020-02-17 12:22:47', '2020-02-17 12:22:47'),
(99, 13, '111', '1111', 1, 0, 0, '2020-02-17 19:26:40', '2020-02-17 19:26:40'),
(100, 13, 'Туалет', 'Мастер', 1, 0, 0, '2020-02-18 04:22:25', '2020-02-18 04:22:25'),
(101, 13, '11', '111', 1, 0, 0, '2020-02-18 05:53:40', '2020-02-18 05:53:40'),
(102, 13, '111', '111', 1, 0, 0, '2020-02-18 05:54:20', '2020-02-18 05:54:20'),
(103, 13, '56788', '67867876', 3, 0, 0, '2020-02-18 05:55:04', '2020-02-18 05:55:04'),
(104, 13, '777', '7777', 1, 0, 0, '2020-02-18 06:00:58', '2020-02-18 06:00:58'),
(105, 13, '1212', '12121', 1, 0, 0, '2020-02-18 06:02:58', '2020-02-18 06:02:58'),
(106, 13, '123', '11', 1, 0, 0, '2020-02-18 06:03:47', '2020-02-18 06:03:47'),
(107, 13, 'ене', 'ене', 1, 0, 0, '2020-02-18 06:04:44', '2020-02-18 06:04:44'),
(108, 13, '67676', '6767676', 1, 0, 0, '2020-02-18 06:13:03', '2020-02-18 06:13:03'),
(109, 13, 'Гербер', '123456', 2, 0, 2, '2020-02-18 06:31:06', '2020-02-18 06:35:04'),
(110, 13, 'gfhgfhf', 'fghgfhfhf', 3, 0, 0, '2020-02-18 06:38:55', '2020-02-18 06:38:55'),
(111, 13, '121', '1212', 3, 0, 0, '2020-02-18 06:44:39', '2020-02-18 06:44:39'),
(112, 11, '12121', '12121', 3, 0, 0, '2020-02-18 07:53:48', '2020-02-18 07:53:48'),
(113, 11, '5656', '56565', 3, 0, 0, '2020-02-18 07:54:41', '2020-02-18 07:54:41'),
(114, 11, '121', '12121', 3, 0, 0, '2020-02-18 07:55:28', '2020-02-18 07:55:28'),
(115, 25, 'Ивановы', 'Приглашаю', 3, 0, 1, '2020-03-05 04:52:56', '2020-03-05 04:53:13');

-- --------------------------------------------------------

--
-- Структура таблицы `invitees`
--

CREATE TABLE `invitees` (
  `id` int(10) UNSIGNED NOT NULL,
  `inivation_id` int(11) NOT NULL,
  `name` varchar(255) COLLATE utf8mb4_unicode_ci NOT NULL,
  `created_at` timestamp NULL DEFAULT NULL,
  `updated_at` timestamp NULL DEFAULT NULL
) ENGINE=InnoDB DEFAULT CHARSET=utf8mb4 COLLATE=utf8mb4_unicode_ci;

--
-- Дамп данных таблицы `invitees`
--

INSERT INTO `invitees` (`id`, `inivation_id`, `name`, `created_at`, `updated_at`) VALUES
(1, 71, '1', '2020-02-14 08:46:36', '2020-02-14 08:46:36'),
(2, 71, '2', '2020-02-14 08:46:36', '2020-02-14 08:46:36'),
(3, 72, 'Алексей', '2020-02-14 08:47:52', '2020-02-14 08:47:52'),
(4, 72, 'Екатерина', '2020-02-14 08:47:52', '2020-02-14 08:47:52'),
(5, 73, 'Алексей', '2020-02-14 08:48:56', '2020-02-14 08:48:56'),
(6, 74, 'Алексей', '2020-02-14 08:53:56', '2020-02-14 08:53:56'),
(7, 75, 'Алексей', '2020-02-14 08:54:23', '2020-02-14 08:54:23'),
(8, 76, 'Алексей', '2020-02-14 08:55:03', '2020-02-14 08:55:03'),
(9, 77, 'Алексей', '2020-02-14 08:56:04', '2020-02-14 08:56:04'),
(10, 78, 'Игорь', '2020-02-14 08:58:25', '2020-02-14 08:58:25'),
(11, 78, 'Ваня', '2020-02-14 08:58:25', '2020-02-14 08:58:25'),
(12, 79, 'Василий', '2020-02-14 09:26:11', '2020-02-14 09:26:11'),
(13, 79, 'Петр', '2020-02-14 09:26:11', '2020-02-14 09:26:11'),
(14, 80, 'Гена', '2020-02-14 09:36:56', '2020-02-14 09:36:56'),
(15, 81, '7878', '2020-02-15 15:44:06', '2020-02-15 15:44:06'),
(19, 84, 'Екатерина', '2020-02-17 06:34:02', '2020-02-17 06:34:02'),
(20, 85, 'Екатерина', '2020-02-17 06:34:29', '2020-02-17 06:34:29'),
(30, 89, 'Антон', '2020-02-17 12:04:00', '2020-02-17 12:04:00'),
(31, 20, 'Екатерина', '2020-02-17 12:22:08', '2020-02-17 12:22:08'),
(32, 20, 'Вася', '2020-02-17 12:22:08', '2020-02-17 12:22:08'),
(61, 98, '1234', '2020-02-17 12:49:03', '2020-02-17 12:49:03'),
(62, 98, '5656', '2020-02-17 12:49:03', '2020-02-17 12:49:03'),
(73, 93, 'jjjjjjj', '2020-02-17 18:31:59', '2020-02-17 18:31:59'),
(77, 86, '9090', '2020-02-17 18:49:49', '2020-02-17 18:49:49'),
(80, 99, '1', '2020-02-17 19:26:40', '2020-02-17 19:26:40'),
(81, 100, '33', '2020-02-18 04:22:25', '2020-02-18 04:22:25'),
(82, 101, '23456', '2020-02-18 05:53:40', '2020-02-18 05:53:40'),
(83, 102, '1', '2020-02-18 05:54:20', '2020-02-18 05:54:20'),
(84, 103, '6786867', '2020-02-18 05:55:04', '2020-02-18 05:55:04'),
(85, 104, '777', '2020-02-18 06:00:58', '2020-02-18 06:00:58'),
(86, 105, '12121', '2020-02-18 06:02:58', '2020-02-18 06:02:58'),
(87, 106, '11', '2020-02-18 06:03:47', '2020-02-18 06:03:47'),
(88, 107, 'ен', '2020-02-18 06:04:44', '2020-02-18 06:04:44'),
(90, 108, 'Маврин', '2020-02-18 06:13:16', '2020-02-18 06:13:16'),
(91, 82, '645654', '2020-02-18 06:15:47', '2020-02-18 06:15:47'),
(92, 82, '2352352', '2020-02-18 06:15:47', '2020-02-18 06:15:47'),
(93, 82, 'Маврин', '2020-02-18 06:15:47', '2020-02-18 06:15:47'),
(96, 83, '1', '2020-02-18 06:17:45', '2020-02-18 06:17:45'),
(97, 83, '2', '2020-02-18 06:17:45', '2020-02-18 06:17:45'),
(100, 109, 'Кэти', '2020-02-18 06:31:21', '2020-02-18 06:31:21'),
(101, 109, 'Маврин', '2020-02-18 06:31:21', '2020-02-18 06:31:21'),
(102, 111, 'МАША', '2020-02-18 06:44:39', '2020-02-18 06:44:39'),
(103, 111, 'Маврин', '2020-02-18 06:44:39', '2020-02-18 06:44:39'),
(104, 111, 'Саша', '2020-02-18 06:44:39', '2020-02-18 06:44:39'),
(105, 114, '12121', '2020-02-18 07:55:28', '2020-02-18 07:55:28'),
(107, 5, '444', '2020-02-18 07:55:52', '2020-02-18 07:55:52'),
(108, 115, 'Вася', '2020-03-05 04:52:56', '2020-03-05 04:52:56'),
(109, 115, 'Петя', '2020-03-05 04:52:56', '2020-03-05 04:52:56');

-- --------------------------------------------------------

--
-- Структура таблицы `jobs`
--

CREATE TABLE `jobs` (
  `id` int(10) UNSIGNED NOT NULL,
  `seqid` int(11) DEFAULT NULL,
  `category_id` int(10) UNSIGNED NOT NULL,
  `default_job_id` int(10) UNSIGNED DEFAULT NULL,
  `name` varchar(100) COLLATE utf8mb4_unicode_ci NOT NULL,
  `note` text COLLATE utf8mb4_unicode_ci NOT NULL,
  `done` tinyint(1) NOT NULL DEFAULT '0',
  `created_at` timestamp NULL DEFAULT NULL,
  `updated_at` timestamp NULL DEFAULT NULL
) ENGINE=MyISAM DEFAULT CHARSET=utf8mb4 COLLATE=utf8mb4_unicode_ci;

--
-- Дамп данных таблицы `jobs`
--

INSERT INTO `jobs` (`id`, `seqid`, `category_id`, `default_job_id`, `name`, `note`, `done`, `created_at`, `updated_at`) VALUES
(2, 12, 1, 2, 'подобрать место проведения банкета', '...', 1, '2017-05-29 10:36:43', '2017-06-23 18:02:09'),
(3, 4, 1, 3, 'продумать оформление зала', '...', 0, '2017-05-29 10:36:43', '2017-06-23 18:02:09'),
(4, 2, 1, 4, 'подобрать ведущего', '...', 0, '2017-05-29 10:36:43', '2017-06-23 18:02:09'),
(5, 3, 1, 5, 'подобрать музыкантов вечера', '...', 0, '2017-05-29 10:36:43', '2017-06-23 18:02:09'),
(6, 6, 1, 6, 'арендовать оборудование', '...', 0, '2017-05-29 10:36:43', '2017-06-20 06:38:00'),
(7, 0, 1, 7, 'подобрать звукооператора', '...', 0, '2017-05-29 10:36:43', '2017-06-23 18:02:09'),
(8, 5, 1, 8, 'выбрать шоу-программу', '...', 0, '2017-05-29 10:36:43', '2017-06-23 18:02:09'),
(9, 7, 1, 9, 'продумать оформление первого танца', '...', 0, '2017-05-29 10:36:43', '2017-06-23 18:02:09'),
(10, 8, 1, 10, 'составить меню банкета', '...', 0, '2017-05-29 10:36:43', '2017-06-23 18:02:09'),
(11, 9, 1, 11, 'заказать свадебный торт', '...', 0, '2017-05-29 10:36:43', '2017-06-23 18:02:09'),
(12, 10, 1, 12, 'заказать каравай', '...', 0, '2017-05-29 10:36:43', '2017-06-23 18:02:09'),
(13, 11, 1, 13, 'заказать напитки', '...', 0, '2017-05-29 10:36:43', '2017-06-23 18:02:09'),
(14, 0, 2, 14, 'найти жениха', '...', 0, '2017-05-29 10:36:43', '2017-05-29 10:36:43'),
(15, 0, 2, 15, 'выбрать туфли', '...', 0, '2017-05-29 10:36:43', '2017-05-29 10:36:43'),
(16, 0, 2, 16, 'записаться к парихмахеру', '...', 0, '2017-05-29 10:36:43', '2017-05-29 10:36:43'),
(17, 0, 2, 17, 'записаться на маникюр', '...', 0, '2017-05-29 10:36:43', '2017-05-29 10:36:43'),
(18, 0, 2, 18, 'выбрать свидетельницу', '...', 0, '2017-05-29 10:36:43', '2017-05-29 10:36:43'),
(19, 0, 2, 19, 'подобрать аксессуары', '...', 0, '2017-05-29 10:36:43', '2017-05-29 10:36:43'),
(20, 0, 2, 20, 'транспорт до места регистрации', '...', 0, '2017-05-29 10:36:43', '2017-05-29 10:36:43'),
(21, 0, 2, 21, 'выбрать платье', '...', 0, '2017-05-29 10:36:43', '2017-05-29 10:36:43'),
(22, 0, 2, 22, 'заказать букет', '...', 0, '2017-05-29 10:36:43', '2017-05-29 10:36:43'),
(23, 0, 2, 23, 'записаться к визажисту', '...', 0, '2017-05-29 10:36:43', '2017-05-29 10:36:43'),
(24, 0, 2, 24, 'записаться на педикюр', '...', 0, '2017-05-29 10:36:43', '2017-05-29 10:36:43'),
(25, 0, 2, 25, 'выбрать фоту', '...', 0, '2017-05-29 10:36:43', '2017-05-29 10:36:43'),
(26, 0, 2, 26, 'вторая обувь', '...', 0, '2017-05-29 10:36:43', '2017-05-29 10:36:43'),
(27, 0, 3, 27, 'найти невесту', '...', 0, '2017-05-29 10:36:43', '2017-05-29 10:36:43'),
(28, 0, 3, 28, 'подобрать туфли', '...', 0, '2017-05-29 10:36:43', '2017-05-29 10:36:43'),
(29, 0, 3, 29, 'записаться к парикмахеру', '...', 0, '2017-05-29 10:36:43', '2017-05-29 10:36:43'),
(30, 0, 3, 30, 'выбрать свидетеля', '...', 0, '2017-05-29 10:36:43', '2017-05-29 10:36:43'),
(31, 0, 3, 31, 'заказать кольца', '...', 0, '2017-05-29 10:36:43', '2017-05-29 10:36:43'),
(32, 0, 3, 32, 'подобрать костюм', '...', 0, '2017-05-29 10:36:43', '2017-05-29 10:36:43'),
(33, 0, 3, 33, 'подобрать аксессуары', '...', 0, '2017-05-29 10:36:43', '2017-05-29 10:36:43'),
(34, 0, 3, 34, 'записаться на техн.маникюр', '...', 0, '2017-05-29 10:36:43', '2017-05-29 10:36:43'),
(35, 0, 3, 35, 'подобрать транспорт до места рег-ии', '...', 0, '2017-05-29 10:36:43', '2017-05-29 10:36:43'),
(36, 0, 4, 36, 'выбрать место регистрации', '...', 0, '2017-05-29 10:36:43', '2017-05-29 10:36:43'),
(37, 0, 4, 37, 'роспись в день банкета', '...', 0, '2017-05-29 10:36:43', '2017-05-29 10:36:43'),
(38, 0, 4, 38, 'оформление места для выездой росписи', '...', 0, '2017-05-29 10:36:43', '2017-05-29 10:36:43'),
(39, 0, 4, 39, 'подобрать место для выездной регистрации', '...', 0, '2017-05-29 10:36:43', '2017-05-29 10:36:43'),
(40, 0, 4, 40, 'роспись в удобный день', '...', 0, '2017-05-29 10:36:43', '2017-05-29 10:36:43'),
(41, 0, 4, 41, 'выездная роспись в день банкета', '...', 0, '2017-05-29 10:36:43', '2017-05-29 10:36:43'),
(42, 0, 4, 42, 'оборудование для выездной росписи', '...', 0, '2017-05-29 10:36:43', '2017-05-29 10:36:43'),
(43, 0, 4, 43, 'венчание', '...', 0, '2017-05-29 10:36:43', '2017-05-29 10:36:43'),
(44, 0, 5, 44, 'организовать девичник', '...', 0, '2017-05-29 10:36:43', '2017-05-29 10:36:43'),
(45, 0, 5, 45, 'подобрать платье', '...', 0, '2017-05-29 10:36:43', '2017-05-29 10:36:43'),
(46, 0, 5, 46, 'записаться к визажисту', '...', 0, '2017-05-29 10:36:43', '2017-05-29 10:36:43'),
(47, 0, 5, 47, 'записаться на педикюр', '...', 0, '2017-05-29 10:36:43', '2017-05-29 10:36:43'),
(48, 0, 5, 48, 'взять с собой расписание свадьбы', '...', 0, '2017-05-29 10:36:43', '2017-05-29 10:36:43'),
(49, 0, 5, 49, 'организовать выкуп невесты', '...', 0, '2017-05-29 10:36:43', '2017-05-29 10:36:43'),
(50, 0, 5, 50, 'записаться к парикмахеру', '...', 0, '2017-05-29 10:36:43', '2017-05-29 10:36:43'),
(51, 0, 5, 51, 'записаться на маникюр', '...', 0, '2017-05-29 10:36:43', '2017-05-29 10:36:43'),
(52, 0, 5, 52, 'подготовить рем-комплект невесты', '...', 0, '2017-05-29 10:36:43', '2017-05-29 10:36:43'),
(53, 0, 6, 53, 'организовать мальчишник', '...', 0, '2017-05-29 10:36:43', '2017-05-29 10:36:43'),
(54, 0, 6, 54, 'подобрать костюм', '...', 0, '2017-05-29 10:36:43', '2017-05-29 10:36:43'),
(55, 0, 6, 55, 'записаться к парикмахеру', '...', 0, '2017-05-29 10:36:43', '2017-05-29 10:36:43'),
(56, 0, 6, 56, 'хранить кольца до регистрации', '...', 0, '2017-05-29 10:36:43', '2017-05-29 10:36:43'),
(57, 0, 6, 57, 'подготовится к выкупу', '...', 0, '2017-05-29 10:36:43', '2017-05-29 10:36:43'),
(58, 0, 6, 58, 'подобрать аксессуары', '...', 0, '2017-05-29 10:36:43', '2017-05-29 10:36:43'),
(59, 0, 6, 59, 'подготовить рем-комплект жениха', '...', 0, '2017-05-29 10:36:43', '2017-05-29 10:36:43'),
(60, 0, 6, 60, 'взять с собой расписание свадьбы', '...', 0, '2017-05-29 10:36:43', '2017-05-29 10:36:43'),
(61, 0, 7, 61, 'поставить первый танец', '...', 0, '2017-05-29 10:36:43', '2017-05-29 10:36:43'),
(62, 0, 7, 62, 'свечи и подсвечники', '...', 0, '2017-05-29 10:36:43', '2017-05-29 10:36:43'),
(63, 0, 7, 63, 'иконы', '...', 0, '2017-05-29 10:36:43', '2017-05-29 10:36:43'),
(64, 0, 7, 64, 'нож и лопатка для торта', '...', 0, '2017-05-29 10:36:43', '2017-05-29 10:36:43'),
(65, 0, 7, 65, 'сувенирное шампанское', '...', 0, '2017-05-29 10:36:43', '2017-05-29 10:36:43'),
(66, 0, 7, 66, 'аксессуары для сбора денег', '...', 0, '2017-05-29 10:36:43', '2017-05-29 10:36:43'),
(67, 0, 7, 67, 'портативная зарядка (Powerbank)', '...', 0, '2017-05-29 10:36:43', '2017-05-29 10:36:43'),
(68, 0, 7, 68, 'заказать пригласительные', '...', 0, '2017-05-29 10:36:43', '2017-05-29 10:36:43'),
(69, 0, 7, 69, 'бокалы для битья', '...', 0, '2017-05-29 10:36:43', '2017-05-29 10:36:43'),
(70, 0, 7, 70, 'рушники', '...', 0, '2017-05-29 10:36:43', '2017-05-29 10:36:43'),
(71, 0, 7, 71, 'фигурки на торт', '...', 0, '2017-05-29 10:36:43', '2017-05-29 10:36:43'),
(72, 0, 7, 72, 'памятные подарки гостям', '...', 0, '2017-05-29 10:36:43', '2017-05-29 10:36:43'),
(73, 0, 7, 73, 'аксессуар для сбора подарков', '...', 0, '2017-05-29 10:36:43', '2017-05-29 10:36:43'),
(74, 0, 8, 74, 'подобрать фотографа', '...', 0, '2017-05-29 10:36:43', '2017-05-29 10:36:43'),
(75, 0, 8, 75, 'выбрать места фото-сессии', '...', 0, '2017-05-29 10:36:43', '2017-05-29 10:36:43'),
(76, 0, 8, 76, 'транспорт на фото-сессию', '...', 0, '2017-05-29 10:36:43', '2017-05-29 10:36:43'),
(77, 0, 8, 77, 'подобрать видеографа', '...', 0, '2017-05-29 10:36:43', '2017-05-29 10:36:43'),
(78, 0, 8, 78, 'снять Love Story', '...', 0, '2017-05-29 10:36:43', '2017-05-29 10:36:43'),
(79, 0, 8, 79, 'Фото-сессия после свадьбы', '...', 0, '2017-05-29 10:36:43', '2017-05-29 10:36:43'),
(167, 1, 1, NULL, 'fsdf', '...fsdfsdfsdfsdf', 0, '2017-06-10 13:36:15', '2017-06-23 18:02:09'),
(169, 0, 1, NULL, 'хуй там плавал', 'fsdfds fd sfd ...fsdfsdf', 0, '2017-06-23 18:07:22', '2017-06-24 08:29:21'),
(170, 0, 22, NULL, 'хуй', 'ололоо', 0, '2017-06-25 09:35:39', '2017-06-25 09:35:46'),
(171, 2, 23, 1, 'составить список гостей', '...', 0, '2017-06-25 10:41:10', '2017-08-19 22:06:41'),
(172, 12, 23, 2, 'подобрать место проведения банкета', '', 1, '2017-06-25 10:41:10', '2017-08-19 22:06:12'),
(173, 11, 23, 3, 'продумать оформление зала', '...', 0, '2017-06-25 10:41:10', '2017-08-19 22:06:12'),
(174, 4, 23, 4, 'подобрать ведущего Сережу', '...', 0, '2017-06-25 10:41:10', '2017-08-19 22:06:12'),
(175, 0, 23, 5, 'подобрать музыкантов вечера', '...', 0, '2017-06-25 10:41:10', '2017-08-19 22:06:12'),
(176, 1, 23, 6, 'арендовать оборудование', 'Примечание', 0, '2017-06-25 10:41:10', '2017-08-19 22:06:41'),
(177, 3, 23, 7, 'подобрать звукооператора', '...', 0, '2017-06-25 10:41:10', '2017-08-19 22:06:12'),
(178, 5, 23, 8, 'выбрать шоу-программу', '...', 0, '2017-06-25 10:41:10', '2017-08-19 22:06:12'),
(179, 6, 23, 9, 'продумать оформление первого танца', '...', 0, '2017-06-25 10:41:10', '2017-08-19 22:06:12'),
(180, 7, 23, 10, 'составить меню банкета', '...', 0, '2017-06-25 10:41:10', '2017-08-19 22:06:12'),
(181, 8, 23, 11, 'заказать свадебный торт', '...', 0, '2017-06-25 10:41:10', '2017-08-19 22:06:12'),
(182, 9, 23, 12, 'заказать каравай', '...', 0, '2017-06-25 10:41:10', '2017-08-19 22:06:12'),
(183, 10, 23, 13, 'заказать напитки', '...', 0, '2017-06-25 10:41:10', '2017-08-19 22:06:12'),
(184, 0, 24, 14, 'найти жениха', '...', 0, '2017-06-25 10:41:10', '2017-06-25 10:41:10'),
(185, 0, 24, 15, 'выбрать туфли', '...', 0, '2017-06-25 10:41:10', '2017-06-25 10:41:10'),
(186, 0, 24, 16, 'записаться к парихмахеру', '...', 0, '2017-06-25 10:41:10', '2017-06-25 10:41:10'),
(187, 0, 24, 17, 'записаться на маникюр', '...', 0, '2017-06-25 10:41:10', '2017-06-25 10:41:10'),
(188, 0, 24, 18, 'выбрать свидетельницу', '...', 0, '2017-06-25 10:41:10', '2017-06-25 10:41:10'),
(189, 0, 24, 19, 'подобрать аксессуары', '...', 0, '2017-06-25 10:41:10', '2017-06-25 10:41:10'),
(190, 0, 24, 20, 'транспорт до места регистрации', '...', 0, '2017-06-25 10:41:10', '2017-06-25 10:41:10'),
(191, 0, 24, 21, 'выбрать платье', '...', 0, '2017-06-25 10:41:10', '2017-06-25 10:41:10'),
(192, 0, 24, 22, 'заказать букет', '...', 0, '2017-06-25 10:41:10', '2017-06-25 10:41:10'),
(193, 0, 24, 23, 'записаться к визажисту', '...', 0, '2017-06-25 10:41:10', '2017-06-25 10:41:10'),
(194, 0, 24, 24, 'записаться на педикюр', '...', 0, '2017-06-25 10:41:10', '2017-06-25 10:41:10'),
(195, 0, 24, 25, 'выбрать фоту', '...', 0, '2017-06-25 10:41:10', '2017-06-25 10:41:10'),
(196, 0, 24, 26, 'вторая обувь', '...', 0, '2017-06-25 10:41:10', '2017-06-25 10:41:10'),
(197, 0, 25, 27, 'найти невесту', '...', 0, '2017-06-25 10:41:10', '2017-06-25 10:41:10'),
(198, 0, 25, 28, 'подобрать туфли', '...', 0, '2017-06-25 10:41:10', '2017-06-25 10:41:10'),
(199, 0, 25, 29, 'записаться к парикмахеру', '...', 0, '2017-06-25 10:41:10', '2017-06-25 10:41:10'),
(200, 0, 25, 30, 'выбрать свидетеля', '...', 0, '2017-06-25 10:41:10', '2017-06-25 10:41:10'),
(201, 0, 25, 31, 'заказать кольца', '...', 0, '2017-06-25 10:41:10', '2017-06-25 10:41:10'),
(202, 0, 25, 32, 'подобрать костюм', '...', 0, '2017-06-25 10:41:10', '2017-06-25 10:41:10'),
(203, 0, 25, 33, 'подобрать аксессуары', '...', 0, '2017-06-25 10:41:10', '2017-06-25 10:41:10'),
(204, 0, 25, 34, 'записаться на техн.маникюр', '...', 0, '2017-06-25 10:41:10', '2017-06-25 10:41:10'),
(205, 0, 25, 35, 'подобрать транспорт до места рег-ии', '...', 0, '2017-06-25 10:41:10', '2017-06-25 10:41:10'),
(206, 0, 26, 36, 'выбрать место регистрации', '...', 0, '2017-06-25 10:41:10', '2017-06-25 10:41:10'),
(207, 0, 26, 37, 'роспись в день банкета', '...', 0, '2017-06-25 10:41:10', '2017-06-25 10:41:10'),
(208, 0, 26, 38, 'оформление места для выездой росписи', '...', 0, '2017-06-25 10:41:10', '2017-06-25 10:41:10'),
(209, 0, 26, 39, 'подобрать место для выездной регистрации', '...', 0, '2017-06-25 10:41:10', '2017-06-25 10:41:10'),
(210, 0, 26, 40, 'роспись в удобный день', '...', 0, '2017-06-25 10:41:10', '2017-06-25 10:41:10'),
(211, 0, 26, 41, 'выездная роспись в день банкета', '...', 0, '2017-06-25 10:41:10', '2017-06-25 10:41:10'),
(212, 0, 26, 42, 'оборудование для выездной росписи', '...', 0, '2017-06-25 10:41:10', '2017-06-25 10:41:10'),
(213, 0, 26, 43, 'венчание', '...', 0, '2017-06-25 10:41:10', '2017-06-25 10:41:10'),
(214, 0, 27, 44, 'организовать девичник', '...', 0, '2017-06-25 10:41:10', '2017-06-25 10:41:10'),
(215, 0, 27, 45, 'подобрать платье', '...', 0, '2017-06-25 10:41:10', '2017-06-25 10:41:10'),
(216, 0, 27, 46, 'записаться к визажисту', '...', 0, '2017-06-25 10:41:10', '2017-06-25 10:41:10'),
(217, 0, 27, 47, 'записаться на педикюр', '...', 0, '2017-06-25 10:41:10', '2017-06-25 10:41:10'),
(218, 0, 27, 48, 'взять с собой расписание свадьбы', '...', 0, '2017-06-25 10:41:10', '2017-06-25 10:41:10'),
(219, 0, 27, 49, 'организовать выкуп невесты', '...', 0, '2017-06-25 10:41:10', '2017-06-25 10:41:10'),
(220, 0, 27, 50, 'записаться к парикмахеру', '...', 0, '2017-06-25 10:41:10', '2017-06-25 10:41:10'),
(221, 0, 27, 51, 'записаться на маникюр', '...', 0, '2017-06-25 10:41:10', '2017-06-25 10:41:10'),
(222, 0, 27, 52, 'подготовить рем-комплект невесты', '...', 0, '2017-06-25 10:41:10', '2017-06-25 10:41:10'),
(223, 0, 28, 53, 'организовать мальчишник', '...', 0, '2017-06-25 10:41:10', '2017-06-25 10:41:10'),
(224, 0, 28, 54, 'подобрать костюм', '...', 0, '2017-06-25 10:41:10', '2017-06-25 10:41:10'),
(225, 0, 28, 55, 'записаться к парикмахеру', '...', 0, '2017-06-25 10:41:10', '2017-06-25 10:41:10'),
(226, 0, 28, 56, 'хранить кольца до регистрации', '...', 0, '2017-06-25 10:41:10', '2017-06-25 10:41:10'),
(227, 0, 28, 57, 'подготовится к выкупу', '...', 0, '2017-06-25 10:41:10', '2017-06-25 10:41:10'),
(228, 0, 28, 58, 'подобрать аксессуары', '...', 0, '2017-06-25 10:41:10', '2017-06-25 10:41:10'),
(229, 0, 28, 59, 'подготовить рем-комплект жениха', '...', 0, '2017-06-25 10:41:10', '2017-06-25 10:41:10'),
(230, 0, 28, 60, 'взять с собой расписание свадьбы', '...', 0, '2017-06-25 10:41:10', '2017-06-25 10:41:10'),
(231, 0, 29, 61, 'поставить первый танец', '...', 0, '2017-06-25 10:41:10', '2017-06-25 10:41:10'),
(232, 0, 29, 62, 'свечи и подсвечники', '...', 0, '2017-06-25 10:41:10', '2017-06-25 10:41:10'),
(233, 0, 29, 63, 'иконы', '...', 0, '2017-06-25 10:41:10', '2017-06-25 10:41:10'),
(234, 0, 29, 64, 'нож и лопатка для торта', '...', 0, '2017-06-25 10:41:10', '2017-06-25 10:41:10'),
(235, 0, 29, 65, 'сувенирное шампанское', '...', 0, '2017-06-25 10:41:10', '2017-06-25 10:41:10'),
(236, 0, 29, 66, 'аксессуары для сбора денег', '...', 0, '2017-06-25 10:41:10', '2017-06-25 10:41:10'),
(237, 0, 29, 67, 'портативная зарядка (Powerbank)', '...', 0, '2017-06-25 10:41:10', '2017-06-25 10:41:10'),
(238, 0, 29, 68, 'заказать пригласительные', '...', 0, '2017-06-25 10:41:10', '2017-06-25 10:41:10'),
(239, 0, 29, 69, 'бокалы для битья', '...', 0, '2017-06-25 10:41:10', '2017-06-25 10:41:10'),
(240, 0, 29, 70, 'рушники', '...', 0, '2017-06-25 10:41:10', '2017-06-25 10:41:10'),
(241, 0, 29, 71, 'фигурки на торт', '...', 0, '2017-06-25 10:41:10', '2017-06-25 10:41:10'),
(242, 0, 29, 72, 'памятные подарки гостям', '...', 0, '2017-06-25 10:41:10', '2017-06-25 10:41:10'),
(243, 0, 29, 73, 'аксессуар для сбора подарков', '...', 0, '2017-06-25 10:41:10', '2017-06-25 10:41:10'),
(244, 0, 30, 74, 'подобрать фотографа', '...', 0, '2017-06-25 10:41:10', '2017-06-25 10:41:10'),
(245, 0, 30, 75, 'выбрать места фото-сессии', '...', 0, '2017-06-25 10:41:10', '2017-06-25 10:41:10'),
(246, 0, 30, 76, 'транспорт на фото-сессию', '...', 0, '2017-06-25 10:41:10', '2017-06-25 10:41:10'),
(247, 0, 30, 77, 'подобрать видеографа', '...', 0, '2017-06-25 10:41:10', '2017-06-25 10:41:10'),
(248, 0, 30, 78, 'снять Love Story', '...', 0, '2017-06-25 10:41:10', '2017-06-25 10:41:10'),
(249, 0, 30, 79, 'Фото-сессия после свадьбы', '...', 0, '2017-06-25 10:41:10', '2017-06-25 10:41:10'),
(251, 2, 31, 1, 'составить список гостей', '...', 0, '2017-08-19 21:49:38', '2017-08-19 22:06:43'),
(252, 0, 31, 2, 'подобрать место проведения банкета', '...', 0, '2017-08-19 21:49:38', '2017-08-19 21:49:38'),
(253, 1, 31, 3, 'продумать оформление зала', '...', 0, '2017-08-19 21:49:38', '2017-08-19 22:06:34'),
(254, 3, 31, 4, 'подобрать ведущего', '...', 0, '2017-08-19 21:49:38', '2017-08-19 22:06:43'),
(255, 4, 31, 5, 'подобрать музыкантов вечера', '...', 0, '2017-08-19 21:49:38', '2017-08-19 22:06:34'),
(256, 5, 31, 6, 'арендовать оборудование', '...', 0, '2017-08-19 21:49:38', '2017-08-19 22:06:34'),
(257, 6, 31, 7, 'подобрать звукооператора', '...', 0, '2017-08-19 21:49:38', '2017-08-19 22:06:34'),
(258, 7, 31, 8, 'выбрать шоу-программу', '...', 0, '2017-08-19 21:49:38', '2017-08-19 22:06:34'),
(259, 8, 31, 9, 'продумать оформление первого танца', '...', 0, '2017-08-19 21:49:38', '2017-08-19 22:06:34'),
(260, 9, 31, 10, 'составить меню банкета', '...', 0, '2017-08-19 21:49:38', '2017-08-19 22:06:34'),
(261, 10, 31, 11, 'заказать свадебный торт', '...', 0, '2017-08-19 21:49:38', '2017-08-19 22:06:34'),
(262, 11, 31, 12, 'заказать каравай', '...', 0, '2017-08-19 21:49:38', '2017-08-19 22:06:34'),
(263, 12, 31, 13, 'заказать напитки', '...', 0, '2017-08-19 21:49:38', '2017-08-19 22:06:34'),
(264, 0, 32, 14, 'найти жениха', '...', 0, '2017-08-19 21:49:38', '2017-08-19 21:49:38'),
(265, 0, 32, 15, 'выбрать туфли', '...', 0, '2017-08-19 21:49:38', '2017-08-19 21:49:38'),
(266, 0, 32, 16, 'записаться к парихмахеру', '...', 0, '2017-08-19 21:49:38', '2017-08-19 21:49:38'),
(267, 0, 32, 17, 'записаться на маникюр', '...', 0, '2017-08-19 21:49:38', '2017-08-19 21:49:38'),
(268, 0, 32, 18, 'выбрать свидетельницу', '...', 0, '2017-08-19 21:49:38', '2017-08-19 21:49:38'),
(269, 0, 32, 19, 'подобрать аксессуары', '...', 0, '2017-08-19 21:49:38', '2017-08-19 21:49:38'),
(270, 0, 32, 20, 'транспорт до места регистрации', '...', 0, '2017-08-19 21:49:38', '2017-08-19 21:49:38'),
(271, 0, 32, 21, 'выбрать платье', '...', 0, '2017-08-19 21:49:38', '2017-08-19 21:49:38'),
(272, 0, 32, 22, 'заказать букет', '...', 0, '2017-08-19 21:49:38', '2017-08-19 21:49:38'),
(273, 0, 32, 23, 'записаться к визажисту', '...', 0, '2017-08-19 21:49:38', '2017-08-19 21:49:38'),
(274, 0, 32, 24, 'записаться на педикюр', '...', 0, '2017-08-19 21:49:38', '2017-08-19 21:49:38'),
(275, 0, 32, 25, 'выбрать фоту', '...', 0, '2017-08-19 21:49:38', '2017-08-19 21:49:38'),
(276, 0, 32, 26, 'вторая обувь', '...', 0, '2017-08-19 21:49:38', '2017-08-19 21:49:38'),
(277, 0, 33, 27, 'найти невесту', '...', 0, '2017-08-19 21:49:38', '2017-08-19 21:49:38'),
(278, 0, 33, 28, 'подобрать туфли', '...', 0, '2017-08-19 21:49:38', '2017-08-19 21:49:38'),
(279, 0, 33, 29, 'записаться к парикмахеру', '...', 0, '2017-08-19 21:49:38', '2017-08-19 21:49:38'),
(280, 0, 33, 30, 'выбрать свидетеля', '...', 0, '2017-08-19 21:49:38', '2017-08-19 21:49:38'),
(281, 0, 33, 31, 'заказать кольца', '...', 0, '2017-08-19 21:49:38', '2017-08-19 21:49:38'),
(282, 0, 33, 32, 'подобрать костюм', '...', 0, '2017-08-19 21:49:38', '2017-08-19 21:49:38'),
(283, 0, 33, 33, 'подобрать аксессуары', '...', 0, '2017-08-19 21:49:38', '2017-08-19 21:49:38'),
(284, 0, 33, 34, 'записаться на техн.маникюр', '...', 0, '2017-08-19 21:49:38', '2017-08-19 21:49:38'),
(285, 0, 33, 35, 'подобрать транспорт до места рег-ии', '...', 0, '2017-08-19 21:49:38', '2017-08-19 21:49:38'),
(286, 0, 34, 36, 'выбрать место регистрации', '...', 1, '2017-08-19 21:49:38', '2017-08-19 22:14:50'),
(287, 0, 34, 37, 'роспись в день банкета', '...', 0, '2017-08-19 21:49:38', '2017-08-19 21:49:38'),
(288, 0, 34, 38, 'оформление места для выездой росписи', '...', 0, '2017-08-19 21:49:38', '2017-08-19 21:49:38'),
(289, 0, 34, 39, 'подобрать место для выездной регистрации', '...', 0, '2017-08-19 21:49:38', '2017-08-19 21:49:38'),
(290, 0, 34, 40, 'роспись в удобный день', '...', 0, '2017-08-19 21:49:38', '2017-08-19 21:49:38'),
(291, 0, 34, 41, 'выездная роспись в день банкета', '...', 0, '2017-08-19 21:49:38', '2017-08-19 21:49:38'),
(292, 0, 34, 42, 'оборудование для выездной росписи', '...', 0, '2017-08-19 21:49:38', '2017-08-19 21:49:38'),
(293, 0, 34, 43, 'венчание', '...', 0, '2017-08-19 21:49:38', '2017-08-19 21:49:38'),
(294, 0, 35, 44, 'организовать девичник', '...', 0, '2017-08-19 21:49:38', '2017-08-19 21:49:38'),
(295, 0, 35, 45, 'подобрать платье', '...', 0, '2017-08-19 21:49:38', '2017-08-19 21:49:38'),
(296, 0, 35, 46, 'записаться к визажисту', '...', 0, '2017-08-19 21:49:38', '2017-08-19 21:49:38'),
(297, 0, 35, 47, 'записаться на педикюр', '...', 0, '2017-08-19 21:49:38', '2017-08-19 21:49:38'),
(298, 0, 35, 48, 'взять с собой расписание свадьбы', '...', 0, '2017-08-19 21:49:38', '2017-08-19 21:49:38'),
(299, 0, 35, 49, 'организовать выкуп невесты', '...', 0, '2017-08-19 21:49:38', '2017-08-19 21:49:38'),
(300, 0, 35, 50, 'записаться к парикмахеру', '...', 0, '2017-08-19 21:49:38', '2017-08-19 21:49:38'),
(301, 0, 35, 51, 'записаться на маникюр', '...', 0, '2017-08-19 21:49:38', '2017-08-19 21:49:38'),
(302, 0, 35, 52, 'подготовить рем-комплект невесты', '...', 0, '2017-08-19 21:49:38', '2017-08-19 21:49:38'),
(303, 0, 36, 53, 'организовать мальчишник', '...', 0, '2017-08-19 21:49:38', '2017-08-19 21:49:38'),
(304, 0, 36, 54, 'подобрать костюм', '...', 0, '2017-08-19 21:49:38', '2017-08-19 21:49:38'),
(305, 0, 36, 55, 'записаться к парикмахеру', '...', 0, '2017-08-19 21:49:38', '2017-08-19 21:49:38'),
(306, 0, 36, 56, 'хранить кольца до регистрации', '...', 0, '2017-08-19 21:49:38', '2017-08-19 21:49:38'),
(307, 0, 36, 57, 'подготовится к выкупу', '...', 0, '2017-08-19 21:49:38', '2017-08-19 21:49:38'),
(308, 0, 36, 58, 'подобрать аксессуары', '...', 0, '2017-08-19 21:49:38', '2017-08-19 21:49:38'),
(309, 0, 36, 59, 'подготовить рем-комплект жениха', '...', 0, '2017-08-19 21:49:38', '2017-08-19 21:49:38'),
(310, 0, 36, 60, 'взять с собой расписание свадьбы', '...', 0, '2017-08-19 21:49:38', '2017-08-19 21:49:38'),
(311, 0, 37, 61, 'поставить первый танец', '...', 0, '2017-08-19 21:49:38', '2017-08-19 21:49:38'),
(312, 0, 37, 62, 'свечи и подсвечники', '...', 0, '2017-08-19 21:49:38', '2017-08-19 21:49:38'),
(313, 0, 37, 63, 'иконы', '...', 0, '2017-08-19 21:49:38', '2017-08-19 21:49:38'),
(314, 0, 37, 64, 'нож и лопатка для торта', '...', 0, '2017-08-19 21:49:38', '2017-08-19 21:49:38'),
(315, 0, 37, 65, 'сувенирное шампанское', '...', 0, '2017-08-19 21:49:38', '2017-08-19 21:49:38'),
(316, 0, 37, 66, 'аксессуары для сбора денег', '...', 0, '2017-08-19 21:49:38', '2017-08-19 21:49:38'),
(317, 0, 37, 67, 'портативная зарядка (Powerbank)', '...', 0, '2017-08-19 21:49:38', '2017-08-19 21:49:38'),
(318, 0, 37, 68, 'заказать пригласительные', '...', 0, '2017-08-19 21:49:38', '2017-08-19 21:49:38'),
(319, 0, 37, 69, 'бокалы для битья', '...', 0, '2017-08-19 21:49:38', '2017-08-19 21:49:38'),
(320, 0, 37, 70, 'рушники', '...', 0, '2017-08-19 21:49:38', '2017-08-19 21:49:38'),
(321, 0, 37, 71, 'фигурки на торт', '...', 0, '2017-08-19 21:49:38', '2017-08-19 21:49:38'),
(322, 0, 37, 72, 'памятные подарки гостям', '...', 0, '2017-08-19 21:49:38', '2017-08-19 21:49:38'),
(323, 0, 37, 73, 'аксессуар для сбора подарков', '...', 0, '2017-08-19 21:49:38', '2017-08-19 21:49:38'),
(324, 0, 38, 74, 'подобрать фотографа', '...', 0, '2017-08-19 21:49:39', '2017-08-19 21:49:39'),
(325, 0, 38, 75, 'выбрать места фото-сессии', '...', 0, '2017-08-19 21:49:39', '2017-08-19 21:49:39'),
(326, 0, 38, 76, 'транспорт на фото-сессию', '...', 0, '2017-08-19 21:49:39', '2017-08-19 21:49:39'),
(327, 0, 38, 77, 'подобрать видеографа', '...', 0, '2017-08-19 21:49:39', '2017-08-19 21:49:39'),
(328, 0, 38, 78, 'снять Love Story', '...', 0, '2017-08-19 21:49:39', '2017-08-19 21:49:39'),
(329, 0, 38, 79, 'Фото-сессия после свадьбы', '...', 0, '2017-08-19 21:49:39', '2017-08-19 21:49:39'),
(330, 27, 39, 1, 'составить список гостей', '...', 1, '2020-02-04 05:42:44', '2020-02-20 04:27:56'),
(441, 9, 39, NULL, '000', '...', 0, '2020-02-10 03:12:07', '2020-02-20 04:27:56'),
(442, 10, 39, NULL, 'Новое дело', '...', 0, '2020-02-10 14:31:02', '2020-02-20 04:27:56'),
(333, 21, 39, 4, 'подобрать ведущего', '...', 1, '2020-02-04 05:42:44', '2020-02-20 04:27:56'),
(450, 2, 47, 1, 'составить список гостей', '...', 0, '2020-02-10 17:02:47', '2020-02-11 05:54:09'),
(335, 22, 39, 6, 'арендовать оборудование', '...', 1, '2020-02-04 05:42:44', '2020-02-20 04:27:56'),
(336, 23, 39, 7, 'подобрать звукооператора', '...', 1, '2020-02-04 05:42:44', '2020-02-20 04:27:56'),
(337, 24, 39, 8, 'выбрать шоу-программу', '...', 1, '2020-02-04 05:42:44', '2020-02-20 04:27:56'),
(338, 25, 39, 9, 'продумать оформление первого танца', '...', 1, '2020-02-04 05:42:44', '2020-02-20 04:27:56'),
(339, 26, 39, 10, 'составить меню банкета', '...', 1, '2020-02-04 05:42:44', '2020-02-20 04:27:56'),
(434, 18, 39, NULL, 'Новое дело', '...', 0, '2020-02-06 11:32:23', '2020-02-20 04:27:56'),
(435, 16, 39, NULL, 'Привет всем бля', '...', 0, '2020-02-10 03:04:43', '2020-02-20 04:27:56'),
(436, 17, 39, NULL, 'Хуя се', '...', 0, '2020-02-10 03:05:18', '2020-02-20 04:27:56'),
(343, 0, 40, 14, 'найти жениха', '...', 1, '2020-02-04 05:42:44', '2020-02-04 09:29:00'),
(344, 0, 40, 15, 'выбрать туфли', '...', 1, '2020-02-04 05:42:44', '2020-02-04 09:29:05'),
(345, 0, 40, 16, 'записаться к парихмахеруre44', '...', 0, '2020-02-04 05:42:44', '2020-02-04 09:31:14'),
(346, 0, 40, 17, 'записаться на маникюр', '...', 0, '2020-02-04 05:42:44', '2020-02-04 05:42:44'),
(347, 0, 40, 18, 'выбрать свидетельницу', '...', 0, '2020-02-04 05:42:44', '2020-02-04 05:42:44'),
(348, 0, 40, 19, 'подобрать аксессуары', '...', 0, '2020-02-04 05:42:44', '2020-02-04 05:42:44'),
(349, 0, 40, 20, 'транспорт до места регистрации', '...', 0, '2020-02-04 05:42:44', '2020-02-04 05:42:44'),
(350, 0, 40, 21, 'выбрать платье', '...', 0, '2020-02-04 05:42:44', '2020-02-04 05:42:44'),
(351, 0, 40, 22, 'заказать букет', '...', 0, '2020-02-04 05:42:44', '2020-02-04 05:42:44'),
(352, 0, 40, 23, 'записаться к визажисту', '...', 0, '2020-02-04 05:42:44', '2020-02-04 05:42:44'),
(353, 0, 40, 24, 'записаться на педикюр', '...', 0, '2020-02-04 05:42:44', '2020-02-04 05:42:44'),
(354, 0, 40, 25, 'выбрать фоту', '...', 0, '2020-02-04 05:42:44', '2020-02-04 05:42:44'),
(355, 0, 40, 26, 'вторая обувь', '...', 0, '2020-02-04 05:42:44', '2020-02-04 05:42:44'),
(356, 0, 41, 27, 'найти невесту', '...', 0, '2020-02-04 05:42:44', '2020-02-04 05:42:44'),
(357, 0, 41, 28, 'подобрать туфли', '...', 0, '2020-02-04 05:42:44', '2020-02-04 05:42:44'),
(358, 0, 41, 29, 'записаться к парикмахеру', '...', 0, '2020-02-04 05:42:44', '2020-02-04 05:42:44'),
(359, 0, 41, 30, 'выбрать свидетеля', '...', 0, '2020-02-04 05:42:44', '2020-02-04 05:42:44'),
(360, 0, 41, 31, 'заказать кольца', '...', 0, '2020-02-04 05:42:44', '2020-02-04 05:42:44'),
(361, 0, 41, 32, 'подобрать костюм', '...', 0, '2020-02-04 05:42:44', '2020-02-04 05:42:44'),
(362, 0, 41, 33, 'подобрать аксессуары', '...', 0, '2020-02-04 05:42:44', '2020-02-04 05:42:44'),
(363, 0, 41, 34, 'записаться на техн.маникюр', '...', 0, '2020-02-04 05:42:44', '2020-02-04 05:42:44'),
(364, 0, 41, 35, 'подобрать транспорт до места рег-ии', '...', 0, '2020-02-04 05:42:44', '2020-02-04 05:42:44'),
(365, 0, 42, 36, 'выбрать место регистрации', '...', 0, '2020-02-04 05:42:44', '2020-02-04 05:42:44'),
(366, 0, 42, 37, 'роспись в день банкета', '...', 0, '2020-02-04 05:42:44', '2020-02-04 05:42:44'),
(367, 0, 42, 38, 'оформление места для выездой росписи', '...', 0, '2020-02-04 05:42:44', '2020-02-04 05:42:44'),
(368, 0, 42, 39, 'подобрать место для выездной регистрации', '...', 0, '2020-02-04 05:42:44', '2020-02-04 05:42:44'),
(369, 0, 42, 40, 'роспись в удобный день', '...', 0, '2020-02-04 05:42:44', '2020-02-04 05:42:44'),
(370, 0, 42, 41, 'выездная роспись в день банкета', '...', 0, '2020-02-04 05:42:44', '2020-02-04 05:42:44'),
(371, 0, 42, 42, 'оборудование для выездной росписи', '...', 0, '2020-02-04 05:42:44', '2020-02-04 05:42:44'),
(372, 0, 42, 43, 'венчание', '...', 0, '2020-02-04 05:42:44', '2020-02-04 05:42:44'),
(373, 0, 43, 44, 'организовать девичник', '...', 0, '2020-02-04 05:42:44', '2020-02-04 05:42:44'),
(374, 0, 43, 45, 'подобрать платье', '...', 0, '2020-02-04 05:42:44', '2020-02-04 05:42:44'),
(375, 0, 43, 46, 'записаться к визажисту', '...', 0, '2020-02-04 05:42:44', '2020-02-04 05:42:44'),
(376, 0, 43, 47, 'записаться на педикюр', '...', 0, '2020-02-04 05:42:44', '2020-02-04 05:42:44'),
(377, 0, 43, 48, 'взять с собой расписание свадьбы', '...', 0, '2020-02-04 05:42:44', '2020-02-04 05:42:44'),
(378, 0, 43, 49, 'организовать выкуп невесты', '...', 0, '2020-02-04 05:42:44', '2020-02-04 05:42:44'),
(379, 0, 43, 50, 'записаться к парикмахеру', '...', 0, '2020-02-04 05:42:44', '2020-02-04 05:42:44'),
(380, 0, 43, 51, 'записаться на маникюр', '...', 0, '2020-02-04 05:42:44', '2020-02-04 05:42:44'),
(381, 0, 43, 52, 'подготовить рем-комплект невесты', '...', 0, '2020-02-04 05:42:44', '2020-02-04 05:42:44'),
(382, 0, 44, 53, 'организовать мальчишник', '...', 0, '2020-02-04 05:42:44', '2020-02-04 05:42:44'),
(383, 0, 44, 54, 'подобрать костюм', '...', 0, '2020-02-04 05:42:44', '2020-02-04 05:42:44'),
(384, 0, 44, 55, 'записаться к парикмахеру', '...', 0, '2020-02-04 05:42:44', '2020-02-04 05:42:44'),
(385, 0, 44, 56, 'хранить кольца до регистрации', '...', 0, '2020-02-04 05:42:44', '2020-02-04 05:42:44'),
(386, 0, 44, 57, 'подготовится к выкупу', '...', 0, '2020-02-04 05:42:44', '2020-02-04 05:42:44'),
(387, 0, 44, 58, 'подобрать аксессуары', '...', 0, '2020-02-04 05:42:44', '2020-02-04 05:42:44'),
(388, 0, 44, 59, 'подготовить рем-комплект жениха', '...', 0, '2020-02-04 05:42:44', '2020-02-04 05:42:44'),
(389, 0, 44, 60, 'взять с собой расписание свадьбы', '...', 0, '2020-02-04 05:42:44', '2020-02-04 05:42:44'),
(390, 0, 45, 61, 'поставить первый танец', '...', 0, '2020-02-04 05:42:44', '2020-02-04 05:42:44'),
(391, 0, 45, 62, 'свечи и подсвечники', '...', 0, '2020-02-04 05:42:44', '2020-02-04 05:42:44'),
(392, 0, 45, 63, 'иконы', '...', 0, '2020-02-04 05:42:44', '2020-02-04 05:42:44'),
(393, 0, 45, 64, 'нож и лопатка для торта', '...', 0, '2020-02-04 05:42:44', '2020-02-04 05:42:44'),
(394, 0, 45, 65, 'сувенирное шампанское', '...', 0, '2020-02-04 05:42:44', '2020-02-04 05:42:44'),
(395, 0, 45, 66, 'аксессуары для сбора денег', '...', 0, '2020-02-04 05:42:44', '2020-02-04 05:42:44'),
(396, 0, 45, 67, 'портативная зарядка (Powerbank)', '...', 0, '2020-02-04 05:42:44', '2020-02-04 05:42:44'),
(397, 0, 45, 68, 'заказать пригласительные', '...', 0, '2020-02-04 05:42:44', '2020-02-04 05:42:44'),
(398, 0, 45, 69, 'бокалы для битья', '...', 0, '2020-02-04 05:42:44', '2020-02-04 05:42:44'),
(399, 0, 45, 70, 'рушники', '...', 0, '2020-02-04 05:42:44', '2020-02-04 05:42:44'),
(400, 0, 45, 71, 'фигурки на торт', '...', 0, '2020-02-04 05:42:44', '2020-02-04 05:42:44'),
(401, 0, 45, 72, 'памятные подарки гостям', '...', 0, '2020-02-04 05:42:44', '2020-02-04 05:42:44'),
(402, 0, 45, 73, 'аксессуар для сбора подарков', '...', 0, '2020-02-04 05:42:44', '2020-02-04 05:42:44'),
(403, 0, 46, 74, 'подобрать фотографа', '...', 0, '2020-02-04 05:42:44', '2020-02-04 05:42:44'),
(404, 0, 46, 75, 'выбрать места фото-сессии', '...', 0, '2020-02-04 05:42:44', '2020-02-04 05:42:44'),
(405, 0, 46, 76, 'транспорт на фото-сессию', '...', 0, '2020-02-04 05:42:44', '2020-02-04 05:42:44'),
(406, 0, 46, 77, 'подобрать видеографа', '...', 0, '2020-02-04 05:42:44', '2020-02-04 05:42:44'),
(407, 0, 46, 78, 'снять Love Story', '...', 0, '2020-02-04 05:42:44', '2020-02-04 05:42:44'),
(408, 0, 46, 79, 'Фото-сессия после свадьбы', '...', 0, '2020-02-04 05:42:44', '2020-02-04 05:42:44'),
(445, 7, 39, NULL, 'Новое дело', '...', 0, '2020-02-10 16:32:23', '2020-02-20 04:27:56'),
(444, 0, 39, NULL, 'Новое дело', '...', 0, '2020-02-10 16:30:33', '2020-02-10 16:30:33'),
(440, 11, 39, NULL, '222', '...', 0, '2020-02-10 03:09:40', '2020-02-20 04:27:56'),
(431, 19, 39, NULL, 'Херасе', 'капец', 1, '2020-02-06 04:23:11', '2020-02-20 04:27:56'),
(428, 20, 39, NULL, 'Новое дело', '...', 1, '2020-02-05 10:06:48', '2020-02-20 04:27:56'),
(443, 12, 39, NULL, 'Новое дело', '...', 0, '2020-02-10 16:27:40', '2020-02-20 04:27:56'),
(439, 8, 39, NULL, '111', '...', 0, '2020-02-10 03:09:09', '2020-02-20 04:27:56'),
(447, 4, 39, NULL, 'Новое дело', '...', 0, '2020-02-10 16:33:41', '2020-02-20 04:27:56'),
(448, 5, 39, NULL, 'Новое дело', '...', 0, '2020-02-10 16:43:31', '2020-02-20 04:27:56'),
(449, 6, 39, NULL, 'Новое дело', '...', 0, '2020-02-10 16:45:48', '2020-02-20 04:27:56'),
(451, 3, 47, 2, 'подобрать место проведения банкета', '...', 0, '2020-02-10 17:02:47', '2020-02-11 05:54:09'),
(452, 4, 47, 3, 'продумать оформление зала', '...', 0, '2020-02-10 17:02:47', '2020-02-11 05:54:09'),
(453, 5, 47, 4, 'подобрать ведущего', '...', 0, '2020-02-10 17:02:47', '2020-02-11 05:54:09'),
(454, 6, 47, 5, 'подобрать музыкантов вечера', '...', 0, '2020-02-10 17:02:47', '2020-02-11 05:54:09'),
(455, 7, 47, 6, 'арендовать оборудование', '...', 0, '2020-02-10 17:02:47', '2020-02-11 05:54:09'),
(456, 8, 47, 7, 'подобрать звукооператора', '...', 0, '2020-02-10 17:02:47', '2020-02-11 05:54:09'),
(457, 9, 47, 8, 'выбрать шоу-программу', '...', 0, '2020-02-10 17:02:47', '2020-02-11 05:54:09'),
(458, 10, 47, 9, 'продумать оформление первого танца', '...', 0, '2020-02-10 17:02:47', '2020-02-11 05:54:09'),
(459, 11, 47, 10, 'составить меню банкета', '...', 0, '2020-02-10 17:02:47', '2020-02-11 05:54:09'),
(567, 0, 55, 2, 'подобрать место проведения банкета', '...', 0, '2020-02-17 06:24:53', '2020-02-17 06:24:53'),
(461, 12, 47, 12, 'заказать каравай', '...', 0, '2020-02-10 17:02:47', '2020-02-11 05:54:09'),
(462, 13, 47, 13, 'заказать напитки', '...', 0, '2020-02-10 17:02:47', '2020-02-11 05:54:09'),
(463, 0, 48, 14, 'найти жениха', '...', 0, '2020-02-10 17:02:47', '2020-02-10 17:02:47'),
(464, 0, 48, 15, 'выбрать туфли', '...', 0, '2020-02-10 17:02:47', '2020-02-10 17:02:47'),
(465, 0, 48, 16, 'записаться к парихмахеру', '...', 0, '2020-02-10 17:02:47', '2020-02-10 17:02:47'),
(466, 0, 48, 17, 'записаться на маникюр', '...', 0, '2020-02-10 17:02:47', '2020-02-10 17:02:47'),
(467, 0, 48, 18, 'выбрать свидетельницу', '...', 0, '2020-02-10 17:02:47', '2020-02-10 17:02:47'),
(468, 0, 48, 19, 'подобрать аксессуары', '...', 0, '2020-02-10 17:02:47', '2020-02-10 17:02:47'),
(469, 0, 48, 20, 'транспорт до места регистрации', '...', 0, '2020-02-10 17:02:47', '2020-02-10 17:02:47'),
(470, 0, 48, 21, 'выбрать платье', '...', 0, '2020-02-10 17:02:47', '2020-02-10 17:02:47'),
(471, 0, 48, 22, 'заказать букет', '...', 0, '2020-02-10 17:02:47', '2020-02-10 17:02:47'),
(472, 0, 48, 23, 'записаться к визажисту', '...', 0, '2020-02-10 17:02:47', '2020-02-10 17:02:47'),
(473, 0, 48, 24, 'записаться на педикюр', '...', 0, '2020-02-10 17:02:47', '2020-02-10 17:02:47'),
(474, 0, 48, 25, 'выбрать фоту', '...', 0, '2020-02-10 17:02:47', '2020-02-10 17:02:47'),
(475, 0, 48, 26, 'вторая обувь', '...', 0, '2020-02-10 17:02:47', '2020-02-10 17:02:47'),
(476, 0, 49, 27, 'найти невесту', '...', 0, '2020-02-10 17:02:47', '2020-02-10 17:02:47'),
(477, 0, 49, 28, 'подобрать туфли', '...', 0, '2020-02-10 17:02:47', '2020-02-10 17:02:47'),
(478, 0, 49, 29, 'записаться к парикмахеру', '...', 0, '2020-02-10 17:02:47', '2020-02-10 17:02:47'),
(479, 0, 49, 30, 'выбрать свидетеля', '...', 0, '2020-02-10 17:02:47', '2020-02-10 17:02:47'),
(480, 0, 49, 31, 'заказать кольца', '...', 0, '2020-02-10 17:02:47', '2020-02-10 17:02:47'),
(481, 0, 49, 32, 'подобрать костюм', '...', 0, '2020-02-10 17:02:47', '2020-02-10 17:02:47'),
(482, 0, 49, 33, 'подобрать аксессуары', '...', 0, '2020-02-10 17:02:47', '2020-02-10 17:02:47'),
(483, 0, 49, 34, 'записаться на техн.маникюр', '...', 0, '2020-02-10 17:02:47', '2020-02-10 17:02:47'),
(484, 0, 49, 35, 'подобрать транспорт до места рег-ии', '...', 0, '2020-02-10 17:02:47', '2020-02-10 17:02:47'),
(485, 0, 50, 36, 'выбрать место регистрации', '...', 0, '2020-02-10 17:02:47', '2020-02-10 17:02:47'),
(486, 0, 50, 37, 'роспись в день банкета', '...', 0, '2020-02-10 17:02:47', '2020-02-10 17:02:47'),
(487, 0, 50, 38, 'оформление места для выездой росписи', '...', 0, '2020-02-10 17:02:47', '2020-02-10 17:02:47'),
(488, 0, 50, 39, 'подобрать место для выездной регистрации', '...', 0, '2020-02-10 17:02:47', '2020-02-10 17:02:47'),
(489, 0, 50, 40, 'роспись в удобный день', '...', 0, '2020-02-10 17:02:47', '2020-02-10 17:02:47'),
(490, 0, 50, 41, 'выездная роспись в день банкета', '...', 0, '2020-02-10 17:02:47', '2020-02-10 17:02:47'),
(491, 0, 50, 42, 'оборудование для выездной росписи', '...', 0, '2020-02-10 17:02:47', '2020-02-10 17:02:47'),
(492, 0, 50, 43, 'венчание', '...', 0, '2020-02-10 17:02:47', '2020-02-10 17:02:47'),
(493, 0, 51, 44, 'организовать девичник', '...', 0, '2020-02-10 17:02:47', '2020-02-10 17:02:47'),
(494, 0, 51, 45, 'подобрать платье', '...', 0, '2020-02-10 17:02:47', '2020-02-10 17:02:47'),
(495, 0, 51, 46, 'записаться к визажисту', '...', 0, '2020-02-10 17:02:47', '2020-02-10 17:02:47'),
(496, 0, 51, 47, 'записаться на педикюр', '...', 0, '2020-02-10 17:02:47', '2020-02-10 17:02:47'),
(497, 0, 51, 48, 'взять с собой расписание свадьбы', '...', 0, '2020-02-10 17:02:47', '2020-02-10 17:02:47'),
(498, 0, 51, 49, 'организовать выкуп невесты', '...', 0, '2020-02-10 17:02:47', '2020-02-10 17:02:47'),
(499, 0, 51, 50, 'записаться к парикмахеру', '...', 0, '2020-02-10 17:02:47', '2020-02-10 17:02:47'),
(500, 0, 51, 51, 'записаться на маникюр', '...', 0, '2020-02-10 17:02:47', '2020-02-10 17:02:47'),
(501, 0, 51, 52, 'подготовить рем-комплект невесты', '...', 0, '2020-02-10 17:02:47', '2020-02-10 17:02:47'),
(502, 0, 52, 53, 'организовать мальчишник', '...', 0, '2020-02-10 17:02:47', '2020-02-10 17:02:47'),
(503, 0, 52, 54, 'подобрать костюм', '...', 0, '2020-02-10 17:02:47', '2020-02-10 17:02:47'),
(504, 0, 52, 55, 'записаться к парикмахеру', '...', 0, '2020-02-10 17:02:47', '2020-02-10 17:02:47'),
(505, 0, 52, 56, 'хранить кольца до регистрации', '...', 0, '2020-02-10 17:02:47', '2020-02-10 17:02:47'),
(506, 0, 52, 57, 'подготовится к выкупу', '...', 0, '2020-02-10 17:02:47', '2020-02-10 17:02:47'),
(507, 0, 52, 58, 'подобрать аксессуары', '...', 0, '2020-02-10 17:02:47', '2020-02-10 17:02:47'),
(508, 0, 52, 59, 'подготовить рем-комплект жениха', '...', 0, '2020-02-10 17:02:47', '2020-02-10 17:02:47'),
(509, 0, 52, 60, 'взять с собой расписание свадьбы', '...', 0, '2020-02-10 17:02:47', '2020-02-10 17:02:47'),
(510, 0, 53, 61, 'поставить первый танец', '...', 0, '2020-02-10 17:02:47', '2020-02-10 17:02:47'),
(511, 0, 53, 62, 'свечи и подсвечники', '...', 0, '2020-02-10 17:02:47', '2020-02-10 17:02:47'),
(512, 0, 53, 63, 'иконы', '...', 0, '2020-02-10 17:02:47', '2020-02-10 17:02:47'),
(513, 0, 53, 64, 'нож и лопатка для торта', '...', 0, '2020-02-10 17:02:47', '2020-02-10 17:02:47'),
(514, 0, 53, 65, 'сувенирное шампанское', '...', 0, '2020-02-10 17:02:47', '2020-02-10 17:02:47'),
(515, 0, 53, 66, 'аксессуары для сбора денег', '...', 0, '2020-02-10 17:02:47', '2020-02-10 17:02:47'),
(516, 0, 53, 67, 'портативная зарядка (Powerbank)', '...', 0, '2020-02-10 17:02:47', '2020-02-10 17:02:47'),
(517, 0, 53, 68, 'заказать пригласительные', '...', 0, '2020-02-10 17:02:47', '2020-02-10 17:02:47'),
(518, 0, 53, 69, 'бокалы для битья', '...', 0, '2020-02-10 17:02:47', '2020-02-10 17:02:47'),
(519, 0, 53, 70, 'рушники', '...', 0, '2020-02-10 17:02:47', '2020-02-10 17:02:47'),
(520, 0, 53, 71, 'фигурки на торт', '...', 0, '2020-02-10 17:02:47', '2020-02-10 17:02:47'),
(521, 0, 53, 72, 'памятные подарки гостям', '...', 0, '2020-02-10 17:02:47', '2020-02-10 17:02:47'),
(522, 0, 53, 73, 'аксессуар для сбора подарков', '...', 0, '2020-02-10 17:02:47', '2020-02-10 17:02:47'),
(523, 0, 54, 74, 'подобрать фотографа', '...', 0, '2020-02-10 17:02:47', '2020-02-10 17:02:47'),
(524, 0, 54, 75, 'выбрать места фото-сессии', '...', 0, '2020-02-10 17:02:47', '2020-02-10 17:02:47'),
(525, 0, 54, 76, 'транспорт на фото-сессию', '...', 0, '2020-02-10 17:02:47', '2020-02-10 17:02:47'),
(526, 0, 54, 77, 'подобрать видеографа', '...', 0, '2020-02-10 17:02:47', '2020-02-10 17:02:47'),
(527, 0, 54, 78, 'снять Love Story', '...', 0, '2020-02-10 17:02:47', '2020-02-10 17:02:47'),
(528, 0, 54, 79, 'Фото-сессия после свадьбы', '...', 0, '2020-02-10 17:02:47', '2020-02-10 17:02:47'),
(529, 14, 47, NULL, 'Упс', '...', 0, '2020-02-10 17:07:05', '2020-02-11 05:54:09'),
(569, 0, 55, 4, 'подобрать ведущего', '...', 0, '2020-02-17 06:24:53', '2020-02-17 06:24:53'),
(565, 1, 39, NULL, 'Новое дело', '...', 0, '2020-02-13 17:08:28', '2020-02-20 04:27:56'),
(564, 13, 39, NULL, 'Новое дело', '...', 0, '2020-02-13 17:07:40', '2020-02-20 04:27:56'),
(542, 15, 47, NULL, 'Новое дело', '...', 0, '2020-02-10 18:17:44', '2020-02-11 05:54:09'),
(543, 16, 47, NULL, 'Новое дело', '...', 0, '2020-02-10 18:18:49', '2020-02-11 05:54:09'),
(561, 0, 47, NULL, 'Новое дело', '...', 0, '2020-02-11 05:54:11', '2020-02-11 05:54:11'),
(548, 17, 47, NULL, 'Новое дело', '...', 0, '2020-02-10 18:27:21', '2020-02-11 05:54:09'),
(549, 18, 47, NULL, 'Новое дело', '...', 0, '2020-02-10 18:32:54', '2020-02-11 05:54:09'),
(550, 19, 47, NULL, 'Новое дело', '...', 0, '2020-02-10 18:44:33', '2020-02-11 05:54:09'),
(551, 20, 47, NULL, 'Новое дело', '...', 0, '2020-02-10 18:47:13', '2020-02-11 05:54:09'),
(552, 21, 47, NULL, 'Новое дело', '...', 0, '2020-02-10 18:48:19', '2020-02-11 05:54:09'),
(568, 0, 55, 3, 'продумать оформление зала', '...', 0, '2020-02-17 06:24:53', '2020-02-17 06:24:53'),
(563, 14, 39, NULL, 'Новое дело', '...', 0, '2020-02-12 04:04:01', '2020-02-20 04:27:56'),
(553, 0, 47, NULL, 'Привет Сергей', '...', 0, '2020-02-11 00:52:03', '2020-02-11 00:52:03'),
(566, 0, 55, 1, 'составить список гостей', '...', 0, '2020-02-17 06:24:53', '2020-02-17 06:24:53'),
(562, 15, 39, NULL, 'Новое дело', '...', 0, '2020-02-12 03:52:01', '2020-02-20 04:27:56'),
(560, 1, 47, NULL, 'Новое дело', '...', 0, '2020-02-11 05:18:00', '2020-02-11 05:54:09'),
(570, 0, 55, 5, 'подобрать музыкантов вечера', '...', 0, '2020-02-17 06:24:53', '2020-02-17 06:24:53'),
(571, 0, 55, 6, 'арендовать оборудование', '...', 0, '2020-02-17 06:24:53', '2020-02-17 06:24:53'),
(572, 0, 55, 7, 'подобрать звукооператора', '...', 0, '2020-02-17 06:24:53', '2020-02-17 06:24:53'),
(573, 0, 55, 8, 'выбрать шоу-программу', '...', 0, '2020-02-17 06:24:53', '2020-02-17 06:24:53'),
(574, 0, 55, 9, 'продумать оформление первого танца', '...', 0, '2020-02-17 06:24:53', '2020-02-17 06:24:53'),
(575, 0, 55, 10, 'составить меню банкета', '...', 0, '2020-02-17 06:24:53', '2020-02-17 06:24:53'),
(576, 0, 55, 11, 'заказать свадебный торт', '...', 0, '2020-02-17 06:24:53', '2020-02-17 06:24:53'),
(577, 0, 55, 12, 'заказать каравай', '...', 0, '2020-02-17 06:24:53', '2020-02-17 06:24:53'),
(578, 0, 55, 13, 'заказать напитки', '...', 0, '2020-02-17 06:24:53', '2020-02-17 06:24:53'),
(579, 0, 56, 14, 'найти жениха', '...', 0, '2020-02-17 06:24:53', '2020-02-17 06:24:53'),
(580, 0, 56, 15, 'выбрать туфли', '...', 0, '2020-02-17 06:24:53', '2020-02-17 06:24:53'),
(581, 0, 56, 16, 'записаться к парихмахеру', '...', 0, '2020-02-17 06:24:53', '2020-02-17 06:24:53'),
(582, 0, 56, 17, 'записаться на маникюр', '...', 0, '2020-02-17 06:24:53', '2020-02-17 06:24:53'),
(583, 0, 56, 18, 'выбрать свидетельницу', '...', 0, '2020-02-17 06:24:53', '2020-02-17 06:24:53'),
(584, 0, 56, 19, 'подобрать аксессуары', '...', 0, '2020-02-17 06:24:53', '2020-02-17 06:24:53'),
(585, 0, 56, 20, 'транспорт до места регистрации', '...', 0, '2020-02-17 06:24:53', '2020-02-17 06:24:53'),
(586, 0, 56, 21, 'выбрать платье', '...', 0, '2020-02-17 06:24:53', '2020-02-17 06:24:53'),
(587, 0, 56, 22, 'заказать букет', '...', 0, '2020-02-17 06:24:53', '2020-02-17 06:24:53'),
(588, 0, 56, 23, 'записаться к визажисту', '...', 0, '2020-02-17 06:24:53', '2020-02-17 06:24:53'),
(589, 0, 56, 24, 'записаться на педикюр', '...', 0, '2020-02-17 06:24:53', '2020-02-17 06:24:53'),
(590, 0, 56, 25, 'выбрать фоту', '...', 0, '2020-02-17 06:24:53', '2020-02-17 06:24:53'),
(591, 0, 56, 26, 'вторая обувь', '...', 0, '2020-02-17 06:24:53', '2020-02-17 06:24:53'),
(592, 0, 57, 27, 'найти невесту', '...', 0, '2020-02-17 06:24:53', '2020-02-17 06:24:53'),
(593, 0, 57, 28, 'подобрать туфли', '...', 0, '2020-02-17 06:24:53', '2020-02-17 06:24:53'),
(594, 0, 57, 29, 'записаться к парикмахеру', '...', 0, '2020-02-17 06:24:53', '2020-02-17 06:24:53'),
(595, 0, 57, 30, 'выбрать свидетеля', '...', 0, '2020-02-17 06:24:53', '2020-02-17 06:24:53'),
(596, 0, 57, 31, 'заказать кольца', '...', 0, '2020-02-17 06:24:53', '2020-02-17 06:24:53'),
(597, 0, 57, 32, 'подобрать костюм', '...', 0, '2020-02-17 06:24:53', '2020-02-17 06:24:53'),
(598, 0, 57, 33, 'подобрать аксессуары', '...', 0, '2020-02-17 06:24:53', '2020-02-17 06:24:53'),
(599, 0, 57, 34, 'записаться на техн.маникюр', '...', 0, '2020-02-17 06:24:53', '2020-02-17 06:24:53'),
(600, 0, 57, 35, 'подобрать транспорт до места рег-ии', '...', 0, '2020-02-17 06:24:53', '2020-02-17 06:24:53'),
(601, 0, 58, 36, 'выбрать место регистрации', '...', 0, '2020-02-17 06:24:53', '2020-02-17 06:24:53'),
(602, 0, 58, 37, 'роспись в день банкета', '...', 0, '2020-02-17 06:24:53', '2020-02-17 06:24:53'),
(603, 0, 58, 38, 'оформление места для выездой росписи', '...', 0, '2020-02-17 06:24:53', '2020-02-17 06:24:53'),
(604, 0, 58, 39, 'подобрать место для выездной регистрации', '...', 0, '2020-02-17 06:24:53', '2020-02-17 06:24:53'),
(605, 0, 58, 40, 'роспись в удобный день', '...', 0, '2020-02-17 06:24:53', '2020-02-17 06:24:53'),
(606, 0, 58, 41, 'выездная роспись в день банкета', '...', 0, '2020-02-17 06:24:53', '2020-02-17 06:24:53'),
(607, 0, 58, 42, 'оборудование для выездной росписи', '...', 0, '2020-02-17 06:24:53', '2020-02-17 06:24:53'),
(608, 0, 58, 43, 'венчание', '...', 0, '2020-02-17 06:24:53', '2020-02-17 06:24:53'),
(609, 0, 59, 44, 'организовать девичник', '...', 0, '2020-02-17 06:24:53', '2020-02-17 06:24:53'),
(610, 0, 59, 45, 'подобрать платье', '...', 0, '2020-02-17 06:24:53', '2020-02-17 06:24:53'),
(611, 0, 59, 46, 'записаться к визажисту', '...', 0, '2020-02-17 06:24:53', '2020-02-17 06:24:53'),
(612, 0, 59, 47, 'записаться на педикюр', '...', 0, '2020-02-17 06:24:53', '2020-02-17 06:24:53'),
(613, 0, 59, 48, 'взять с собой расписание свадьбы', '...', 0, '2020-02-17 06:24:53', '2020-02-17 06:24:53'),
(614, 0, 59, 49, 'организовать выкуп невесты', '...', 0, '2020-02-17 06:24:53', '2020-02-17 06:24:53'),
(615, 0, 59, 50, 'записаться к парикмахеру', '...', 0, '2020-02-17 06:24:53', '2020-02-17 06:24:53'),
(616, 0, 59, 51, 'записаться на маникюр', '...', 0, '2020-02-17 06:24:53', '2020-02-17 06:24:53'),
(617, 0, 59, 52, 'подготовить рем-комплект невесты', '...', 0, '2020-02-17 06:24:53', '2020-02-17 06:24:53'),
(618, 0, 60, 53, 'организовать мальчишник', '...', 0, '2020-02-17 06:24:53', '2020-02-17 06:24:53'),
(619, 0, 60, 54, 'подобрать костюм', '...', 0, '2020-02-17 06:24:53', '2020-02-17 06:24:53'),
(620, 0, 60, 55, 'записаться к парикмахеру', '...', 0, '2020-02-17 06:24:53', '2020-02-17 06:24:53'),
(621, 0, 60, 56, 'хранить кольца до регистрации', '...', 0, '2020-02-17 06:24:53', '2020-02-17 06:24:53'),
(622, 0, 60, 57, 'подготовится к выкупу', '...', 0, '2020-02-17 06:24:53', '2020-02-17 06:24:53'),
(623, 0, 60, 58, 'подобрать аксессуары', '...', 0, '2020-02-17 06:24:53', '2020-02-17 06:24:53'),
(624, 0, 60, 59, 'подготовить рем-комплект жениха', '...', 0, '2020-02-17 06:24:53', '2020-02-17 06:24:53'),
(625, 0, 60, 60, 'взять с собой расписание свадьбы', '...', 0, '2020-02-17 06:24:53', '2020-02-17 06:24:53'),
(626, 0, 61, 61, 'поставить первый танец', '...', 0, '2020-02-17 06:24:53', '2020-02-17 06:24:53'),
(627, 0, 61, 62, 'свечи и подсвечники', '...', 0, '2020-02-17 06:24:53', '2020-02-17 06:24:53'),
(628, 0, 61, 63, 'иконы', '...', 0, '2020-02-17 06:24:53', '2020-02-17 06:24:53'),
(629, 0, 61, 64, 'нож и лопатка для торта', '...', 0, '2020-02-17 06:24:53', '2020-02-17 06:24:53'),
(630, 0, 61, 65, 'сувенирное шампанское', '...', 0, '2020-02-17 06:24:53', '2020-02-17 06:24:53'),
(631, 0, 61, 66, 'аксессуары для сбора денег', '...', 0, '2020-02-17 06:24:53', '2020-02-17 06:24:53'),
(632, 0, 61, 67, 'портативная зарядка (Powerbank)', '...', 0, '2020-02-17 06:24:53', '2020-02-17 06:24:53'),
(633, 0, 61, 68, 'заказать пригласительные', '...', 0, '2020-02-17 06:24:53', '2020-02-17 06:24:53'),
(634, 0, 61, 69, 'бокалы для битья', '...', 0, '2020-02-17 06:24:53', '2020-02-17 06:24:53'),
(635, 0, 61, 70, 'рушники', '...', 0, '2020-02-17 06:24:53', '2020-02-17 06:24:53'),
(636, 0, 61, 71, 'фигурки на торт', '...', 0, '2020-02-17 06:24:53', '2020-02-17 06:24:53'),
(637, 0, 61, 72, 'памятные подарки гостям', '...', 0, '2020-02-17 06:24:53', '2020-02-17 06:24:53'),
(638, 0, 61, 73, 'аксессуар для сбора подарков', '...', 0, '2020-02-17 06:24:53', '2020-02-17 06:24:53'),
(639, 0, 62, 74, 'подобрать фотографа', '...', 0, '2020-02-17 06:24:53', '2020-02-17 06:24:53'),
(640, 0, 62, 75, 'выбрать места фото-сессии', '...', 0, '2020-02-17 06:24:53', '2020-02-17 06:24:53'),
(641, 0, 62, 76, 'транспорт на фото-сессию', '...', 0, '2020-02-17 06:24:53', '2020-02-17 06:24:53'),
(642, 0, 62, 77, 'подобрать видеографа', '...', 0, '2020-02-17 06:24:53', '2020-02-17 06:24:53'),
(643, 0, 62, 78, 'снять Love Story', '...', 0, '2020-02-17 06:24:53', '2020-02-17 06:24:53'),
(644, 0, 62, 79, 'Фото-сессия после свадьбы', '...', 0, '2020-02-17 06:24:53', '2020-02-17 06:24:53'),
(645, 0, 63, 1, 'составить список гостей', '...', 0, '2020-02-18 09:24:43', '2020-02-18 09:24:43'),
(646, 0, 63, 2, 'подобрать место проведения банкета', '...', 0, '2020-02-18 09:24:43', '2020-02-18 09:24:43'),
(647, 0, 63, 3, 'продумать оформление зала', '...', 0, '2020-02-18 09:24:43', '2020-02-18 09:24:43'),
(648, 0, 63, 4, 'подобрать ведущего', '...', 0, '2020-02-18 09:24:43', '2020-02-18 09:24:43'),
(649, 0, 63, 5, 'подобрать музыкантов вечера', '...', 0, '2020-02-18 09:24:43', '2020-02-18 09:24:43'),
(650, 0, 63, 6, 'арендовать оборудование', '...', 0, '2020-02-18 09:24:43', '2020-02-18 09:24:43'),
(651, 0, 63, 7, 'подобрать звукооператора', '...', 0, '2020-02-18 09:24:43', '2020-02-18 09:24:43'),
(652, 0, 63, 8, 'выбрать шоу-программу', '...', 0, '2020-02-18 09:24:43', '2020-02-18 09:24:43'),
(653, 0, 63, 9, 'продумать оформление первого танца', '...', 0, '2020-02-18 09:24:43', '2020-02-18 09:24:43'),
(654, 0, 63, 10, 'составить меню банкета', '...', 0, '2020-02-18 09:24:43', '2020-02-18 09:24:43'),
(655, 0, 63, 11, 'заказать свадебный торт', '...', 0, '2020-02-18 09:24:43', '2020-02-18 09:24:43'),
(656, 0, 63, 12, 'заказать каравай', '...', 0, '2020-02-18 09:24:43', '2020-02-18 09:24:43'),
(657, 0, 63, 13, 'заказать напитки', '...', 0, '2020-02-18 09:24:43', '2020-02-18 09:24:43'),
(658, 0, 64, 14, 'найти жениха', '...', 0, '2020-02-18 09:24:43', '2020-02-18 09:24:43');
INSERT INTO `jobs` (`id`, `seqid`, `category_id`, `default_job_id`, `name`, `note`, `done`, `created_at`, `updated_at`) VALUES
(659, 0, 64, 15, 'выбрать туфли', '...', 0, '2020-02-18 09:24:43', '2020-02-18 09:24:43'),
(660, 0, 64, 16, 'записаться к парихмахеру', '...', 0, '2020-02-18 09:24:43', '2020-02-18 09:24:43'),
(661, 0, 64, 17, 'записаться на маникюр', '...', 0, '2020-02-18 09:24:43', '2020-02-18 09:24:43'),
(662, 0, 64, 18, 'выбрать свидетельницу', '...', 0, '2020-02-18 09:24:43', '2020-02-18 09:24:43'),
(663, 0, 64, 19, 'подобрать аксессуары', '...', 0, '2020-02-18 09:24:43', '2020-02-18 09:24:43'),
(664, 0, 64, 20, 'транспорт до места регистрации', '...', 0, '2020-02-18 09:24:43', '2020-02-18 09:24:43'),
(665, 0, 64, 21, 'выбрать платье', '...', 0, '2020-02-18 09:24:43', '2020-02-18 09:24:43'),
(666, 0, 64, 22, 'заказать букет', '...', 0, '2020-02-18 09:24:43', '2020-02-18 09:24:43'),
(667, 0, 64, 23, 'записаться к визажисту', '...', 0, '2020-02-18 09:24:43', '2020-02-18 09:24:43'),
(668, 0, 64, 24, 'записаться на педикюр', '...', 0, '2020-02-18 09:24:43', '2020-02-18 09:24:43'),
(669, 0, 64, 25, 'выбрать фоту', '...', 0, '2020-02-18 09:24:43', '2020-02-18 09:24:43'),
(670, 0, 64, 26, 'вторая обувь', '...', 0, '2020-02-18 09:24:43', '2020-02-18 09:24:43'),
(671, 0, 65, 27, 'найти невесту', '...', 0, '2020-02-18 09:24:43', '2020-02-18 09:24:43'),
(672, 0, 65, 28, 'подобрать туфли', '...', 0, '2020-02-18 09:24:43', '2020-02-18 09:24:43'),
(673, 0, 65, 29, 'записаться к парикмахеру', '...', 0, '2020-02-18 09:24:43', '2020-02-18 09:24:43'),
(674, 0, 65, 30, 'выбрать свидетеля', '...', 0, '2020-02-18 09:24:43', '2020-02-18 09:24:43'),
(675, 0, 65, 31, 'заказать кольца', '...', 0, '2020-02-18 09:24:43', '2020-02-18 09:24:43'),
(676, 0, 65, 32, 'подобрать костюм', '...', 0, '2020-02-18 09:24:43', '2020-02-18 09:24:43'),
(677, 0, 65, 33, 'подобрать аксессуары', '...', 0, '2020-02-18 09:24:43', '2020-02-18 09:24:43'),
(678, 0, 65, 34, 'записаться на техн.маникюр', '...', 0, '2020-02-18 09:24:43', '2020-02-18 09:24:43'),
(679, 0, 65, 35, 'подобрать транспорт до места рег-ии', '...', 0, '2020-02-18 09:24:43', '2020-02-18 09:24:43'),
(680, 0, 66, 36, 'выбрать место регистрации', '...', 0, '2020-02-18 09:24:43', '2020-02-18 09:24:43'),
(681, 0, 66, 37, 'роспись в день банкета', '...', 0, '2020-02-18 09:24:43', '2020-02-18 09:24:43'),
(682, 0, 66, 38, 'оформление места для выездой росписи', '...', 0, '2020-02-18 09:24:43', '2020-02-18 09:24:43'),
(683, 0, 66, 39, 'подобрать место для выездной регистрации', '...', 0, '2020-02-18 09:24:43', '2020-02-18 09:24:43'),
(684, 0, 66, 40, 'роспись в удобный день', '...', 0, '2020-02-18 09:24:43', '2020-02-18 09:24:43'),
(685, 0, 66, 41, 'выездная роспись в день банкета', '...', 0, '2020-02-18 09:24:43', '2020-02-18 09:24:43'),
(686, 0, 66, 42, 'оборудование для выездной росписи', '...', 0, '2020-02-18 09:24:43', '2020-02-18 09:24:43'),
(687, 0, 66, 43, 'венчание', '...', 0, '2020-02-18 09:24:43', '2020-02-18 09:24:43'),
(688, 0, 67, 44, 'организовать девичник', '...', 0, '2020-02-18 09:24:43', '2020-02-18 09:24:43'),
(689, 0, 67, 45, 'подобрать платье', '...', 0, '2020-02-18 09:24:43', '2020-02-18 09:24:43'),
(690, 0, 67, 46, 'записаться к визажисту', '...', 0, '2020-02-18 09:24:43', '2020-02-18 09:24:43'),
(691, 0, 67, 47, 'записаться на педикюр', '...', 0, '2020-02-18 09:24:43', '2020-02-18 09:24:43'),
(692, 0, 67, 48, 'взять с собой расписание свадьбы', '...', 0, '2020-02-18 09:24:43', '2020-02-18 09:24:43'),
(693, 0, 67, 49, 'организовать выкуп невесты', '...', 0, '2020-02-18 09:24:43', '2020-02-18 09:24:43'),
(694, 0, 67, 50, 'записаться к парикмахеру', '...', 0, '2020-02-18 09:24:43', '2020-02-18 09:24:43'),
(695, 0, 67, 51, 'записаться на маникюр', '...', 0, '2020-02-18 09:24:43', '2020-02-18 09:24:43'),
(696, 0, 67, 52, 'подготовить рем-комплект невесты', '...', 0, '2020-02-18 09:24:43', '2020-02-18 09:24:43'),
(697, 0, 68, 53, 'организовать мальчишник', '...', 0, '2020-02-18 09:24:43', '2020-02-18 09:24:43'),
(698, 0, 68, 54, 'подобрать костюм', '...', 0, '2020-02-18 09:24:43', '2020-02-18 09:24:43'),
(699, 0, 68, 55, 'записаться к парикмахеру', '...', 0, '2020-02-18 09:24:43', '2020-02-18 09:24:43'),
(700, 0, 68, 56, 'хранить кольца до регистрации', '...', 0, '2020-02-18 09:24:43', '2020-02-18 09:24:43'),
(701, 0, 68, 57, 'подготовится к выкупу', '...', 0, '2020-02-18 09:24:43', '2020-02-18 09:24:43'),
(702, 0, 68, 58, 'подобрать аксессуары', '...', 0, '2020-02-18 09:24:43', '2020-02-18 09:24:43'),
(703, 0, 68, 59, 'подготовить рем-комплект жениха', '...', 0, '2020-02-18 09:24:43', '2020-02-18 09:24:43'),
(704, 0, 68, 60, 'взять с собой расписание свадьбы', '...', 0, '2020-02-18 09:24:43', '2020-02-18 09:24:43'),
(705, 0, 69, 61, 'поставить первый танец', '...', 0, '2020-02-18 09:24:43', '2020-02-18 09:24:43'),
(706, 0, 69, 62, 'свечи и подсвечники', '...', 0, '2020-02-18 09:24:43', '2020-02-18 09:24:43'),
(707, 0, 69, 63, 'иконы', '...', 0, '2020-02-18 09:24:43', '2020-02-18 09:24:43'),
(708, 0, 69, 64, 'нож и лопатка для торта', '...', 0, '2020-02-18 09:24:43', '2020-02-18 09:24:43'),
(709, 0, 69, 65, 'сувенирное шампанское', '...', 0, '2020-02-18 09:24:43', '2020-02-18 09:24:43'),
(710, 0, 69, 66, 'аксессуары для сбора денег', '...', 0, '2020-02-18 09:24:43', '2020-02-18 09:24:43'),
(711, 0, 69, 67, 'портативная зарядка (Powerbank)', '...', 0, '2020-02-18 09:24:43', '2020-02-18 09:24:43'),
(712, 0, 69, 68, 'заказать пригласительные', '...', 0, '2020-02-18 09:24:43', '2020-02-18 09:24:43'),
(713, 0, 69, 69, 'бокалы для битья', '...', 0, '2020-02-18 09:24:43', '2020-02-18 09:24:43'),
(714, 0, 69, 70, 'рушники', '...', 0, '2020-02-18 09:24:43', '2020-02-18 09:24:43'),
(715, 0, 69, 71, 'фигурки на торт', '...', 0, '2020-02-18 09:24:43', '2020-02-18 09:24:43'),
(716, 0, 69, 72, 'памятные подарки гостям', '...', 0, '2020-02-18 09:24:43', '2020-02-18 09:24:43'),
(717, 0, 69, 73, 'аксессуар для сбора подарков', '...', 0, '2020-02-18 09:24:43', '2020-02-18 09:24:43'),
(718, 0, 70, 74, 'подобрать фотографа', '...', 0, '2020-02-18 09:24:43', '2020-02-18 09:24:43'),
(719, 0, 70, 75, 'выбрать места фото-сессии', '...', 0, '2020-02-18 09:24:43', '2020-02-18 09:24:43'),
(720, 0, 70, 76, 'транспорт на фото-сессию', '...', 0, '2020-02-18 09:24:43', '2020-02-18 09:24:43'),
(721, 0, 70, 77, 'подобрать видеографа', '...', 0, '2020-02-18 09:24:43', '2020-02-18 09:24:43'),
(722, 0, 70, 78, 'снять Love Story', '...', 0, '2020-02-18 09:24:43', '2020-02-18 09:24:43'),
(723, 0, 70, 79, 'Фото-сессия после свадьбы', '...', 0, '2020-02-18 09:24:43', '2020-02-18 09:24:43'),
(724, 2, 39, NULL, 'Новое дело', '...', 0, '2020-02-20 02:42:02', '2020-02-20 04:27:56'),
(725, 3, 39, NULL, 'Новое дело', '...', 0, '2020-02-20 03:55:33', '2020-02-20 04:27:56'),
(726, 0, 39, NULL, 'Новое дело', '...', 0, '2020-02-20 04:28:36', '2020-02-20 04:28:36'),
(727, 0, 39, NULL, 'Новое дело', '...', 0, '2020-02-20 04:37:22', '2020-02-20 04:37:22'),
(728, 0, 71, 1, 'составить список гостей', '...', 0, '2020-02-21 10:01:25', '2020-02-21 10:01:25'),
(729, 0, 71, 2, 'подобрать место проведения банкета', '...', 0, '2020-02-21 10:01:25', '2020-02-21 10:01:25'),
(730, 0, 71, 3, 'продумать оформление зала', '...', 0, '2020-02-21 10:01:25', '2020-02-21 10:01:25'),
(731, 0, 71, 4, 'подобрать ведущего', '...', 0, '2020-02-21 10:01:25', '2020-02-21 10:01:25'),
(732, 0, 71, 5, 'подобрать музыкантов вечера', '...', 0, '2020-02-21 10:01:25', '2020-02-21 10:01:25'),
(733, 0, 71, 6, 'арендовать оборудование', '...', 0, '2020-02-21 10:01:25', '2020-02-21 10:01:25'),
(734, 0, 71, 7, 'подобрать звукооператора', '...', 0, '2020-02-21 10:01:25', '2020-02-21 10:01:25'),
(735, 0, 71, 8, 'выбрать шоу-программу', '...', 0, '2020-02-21 10:01:25', '2020-02-21 10:01:25'),
(736, 0, 71, 9, 'продумать оформление первого танца', '...', 0, '2020-02-21 10:01:25', '2020-02-21 10:01:25'),
(737, 0, 71, 10, 'составить меню банкета', '...', 0, '2020-02-21 10:01:25', '2020-02-21 10:01:25'),
(738, 0, 71, 11, 'заказать свадебный торт', '...', 0, '2020-02-21 10:01:25', '2020-02-21 10:01:25'),
(739, 0, 71, 12, 'заказать каравай', '...', 0, '2020-02-21 10:01:25', '2020-02-21 10:01:25'),
(740, 0, 71, 13, 'заказать напитки', '...', 0, '2020-02-21 10:01:25', '2020-02-21 10:01:25'),
(741, 0, 72, 14, 'найти жениха', '...', 0, '2020-02-21 10:01:25', '2020-02-21 10:01:25'),
(742, 0, 72, 15, 'выбрать туфли', '...', 0, '2020-02-21 10:01:25', '2020-02-21 10:01:25'),
(743, 0, 72, 16, 'записаться к парихмахеру', '...', 0, '2020-02-21 10:01:25', '2020-02-21 10:01:25'),
(744, 0, 72, 17, 'записаться на маникюр', '...', 0, '2020-02-21 10:01:25', '2020-02-21 10:01:25'),
(745, 0, 72, 18, 'выбрать свидетельницу', '...', 0, '2020-02-21 10:01:25', '2020-02-21 10:01:25'),
(746, 0, 72, 19, 'подобрать аксессуары', '...', 0, '2020-02-21 10:01:25', '2020-02-21 10:01:25'),
(747, 0, 72, 20, 'транспорт до места регистрации', '...', 0, '2020-02-21 10:01:25', '2020-02-21 10:01:25'),
(748, 0, 72, 21, 'выбрать платье', '...', 0, '2020-02-21 10:01:25', '2020-02-21 10:01:25'),
(749, 0, 72, 22, 'заказать букет', '...', 0, '2020-02-21 10:01:25', '2020-02-21 10:01:25'),
(750, 0, 72, 23, 'записаться к визажисту', '...', 0, '2020-02-21 10:01:25', '2020-02-21 10:01:25'),
(751, 0, 72, 24, 'записаться на педикюр', '...', 0, '2020-02-21 10:01:25', '2020-02-21 10:01:25'),
(752, 0, 72, 25, 'выбрать фоту', '...', 0, '2020-02-21 10:01:25', '2020-02-21 10:01:25'),
(753, 0, 72, 26, 'вторая обувь', '...', 0, '2020-02-21 10:01:25', '2020-02-21 10:01:25'),
(754, 0, 73, 27, 'найти невесту', '...', 0, '2020-02-21 10:01:25', '2020-02-21 10:01:25'),
(755, 0, 73, 28, 'подобрать туфли', '...', 0, '2020-02-21 10:01:25', '2020-02-21 10:01:25'),
(756, 0, 73, 29, 'записаться к парикмахеру', '...', 0, '2020-02-21 10:01:25', '2020-02-21 10:01:25'),
(757, 0, 73, 30, 'выбрать свидетеля', '...', 0, '2020-02-21 10:01:25', '2020-02-21 10:01:25'),
(758, 0, 73, 31, 'заказать кольца', '...', 0, '2020-02-21 10:01:25', '2020-02-21 10:01:25'),
(759, 0, 73, 32, 'подобрать костюм', '...', 0, '2020-02-21 10:01:25', '2020-02-21 10:01:25'),
(760, 0, 73, 33, 'подобрать аксессуары', '...', 0, '2020-02-21 10:01:25', '2020-02-21 10:01:25'),
(761, 0, 73, 34, 'записаться на техн.маникюр', '...', 0, '2020-02-21 10:01:25', '2020-02-21 10:01:25'),
(762, 0, 73, 35, 'подобрать транспорт до места рег-ии', '...', 0, '2020-02-21 10:01:25', '2020-02-21 10:01:25'),
(763, 0, 74, 36, 'выбрать место регистрации', '...', 0, '2020-02-21 10:01:25', '2020-02-21 10:01:25'),
(764, 0, 74, 37, 'роспись в день банкета', '...', 0, '2020-02-21 10:01:25', '2020-02-21 10:01:25'),
(765, 0, 74, 38, 'оформление места для выездой росписи', '...', 0, '2020-02-21 10:01:25', '2020-02-21 10:01:25'),
(766, 0, 74, 39, 'подобрать место для выездной регистрации', '...', 0, '2020-02-21 10:01:25', '2020-02-21 10:01:25'),
(767, 0, 74, 40, 'роспись в удобный день', '...', 0, '2020-02-21 10:01:25', '2020-02-21 10:01:25'),
(768, 0, 74, 41, 'выездная роспись в день банкета', '...', 0, '2020-02-21 10:01:25', '2020-02-21 10:01:25'),
(769, 0, 74, 42, 'оборудование для выездной росписи', '...', 0, '2020-02-21 10:01:25', '2020-02-21 10:01:25'),
(770, 0, 74, 43, 'венчание', '...', 0, '2020-02-21 10:01:25', '2020-02-21 10:01:25'),
(771, 0, 75, 44, 'организовать девичник', '...', 0, '2020-02-21 10:01:25', '2020-02-21 10:01:25'),
(772, 0, 75, 45, 'подобрать платье', '...', 0, '2020-02-21 10:01:25', '2020-02-21 10:01:25'),
(773, 0, 75, 46, 'записаться к визажисту', '...', 0, '2020-02-21 10:01:25', '2020-02-21 10:01:25'),
(774, 0, 75, 47, 'записаться на педикюр', '...', 0, '2020-02-21 10:01:25', '2020-02-21 10:01:25'),
(775, 0, 75, 48, 'взять с собой расписание свадьбы', '...', 0, '2020-02-21 10:01:25', '2020-02-21 10:01:25'),
(776, 0, 75, 49, 'организовать выкуп невесты', '...', 0, '2020-02-21 10:01:25', '2020-02-21 10:01:25'),
(777, 0, 75, 50, 'записаться к парикмахеру', '...', 0, '2020-02-21 10:01:25', '2020-02-21 10:01:25'),
(778, 0, 75, 51, 'записаться на маникюр', '...', 0, '2020-02-21 10:01:25', '2020-02-21 10:01:25'),
(779, 0, 75, 52, 'подготовить рем-комплект невесты', '...', 0, '2020-02-21 10:01:25', '2020-02-21 10:01:25'),
(780, 0, 76, 53, 'организовать мальчишник', '...', 0, '2020-02-21 10:01:25', '2020-02-21 10:01:25'),
(781, 0, 76, 54, 'подобрать костюм', '...', 0, '2020-02-21 10:01:25', '2020-02-21 10:01:25'),
(782, 0, 76, 55, 'записаться к парикмахеру', '...', 0, '2020-02-21 10:01:25', '2020-02-21 10:01:25'),
(783, 0, 76, 56, 'хранить кольца до регистрации', '...', 0, '2020-02-21 10:01:25', '2020-02-21 10:01:25'),
(784, 0, 76, 57, 'подготовится к выкупу', '...', 0, '2020-02-21 10:01:25', '2020-02-21 10:01:25'),
(785, 0, 76, 58, 'подобрать аксессуары', '...', 0, '2020-02-21 10:01:25', '2020-02-21 10:01:25'),
(786, 0, 76, 59, 'подготовить рем-комплект жениха', '...', 0, '2020-02-21 10:01:25', '2020-02-21 10:01:25'),
(787, 0, 76, 60, 'взять с собой расписание свадьбы', '...', 0, '2020-02-21 10:01:25', '2020-02-21 10:01:25'),
(788, 0, 77, 61, 'поставить первый танец', '...', 0, '2020-02-21 10:01:25', '2020-02-21 10:01:25'),
(789, 0, 77, 62, 'свечи и подсвечники', '...', 0, '2020-02-21 10:01:25', '2020-02-21 10:01:25'),
(790, 0, 77, 63, 'иконы', '...', 0, '2020-02-21 10:01:25', '2020-02-21 10:01:25'),
(791, 0, 77, 64, 'нож и лопатка для торта', '...', 0, '2020-02-21 10:01:25', '2020-02-21 10:01:25'),
(792, 0, 77, 65, 'сувенирное шампанское', '...', 0, '2020-02-21 10:01:25', '2020-02-21 10:01:25'),
(793, 0, 77, 66, 'аксессуары для сбора денег', '...', 0, '2020-02-21 10:01:25', '2020-02-21 10:01:25'),
(794, 0, 77, 67, 'портативная зарядка (Powerbank)', '...', 0, '2020-02-21 10:01:25', '2020-02-21 10:01:25'),
(795, 0, 77, 68, 'заказать пригласительные', '...', 0, '2020-02-21 10:01:25', '2020-02-21 10:01:25'),
(796, 0, 77, 69, 'бокалы для битья', '...', 0, '2020-02-21 10:01:25', '2020-02-21 10:01:25'),
(797, 0, 77, 70, 'рушники', '...', 0, '2020-02-21 10:01:25', '2020-02-21 10:01:25'),
(798, 0, 77, 71, 'фигурки на торт', '...', 0, '2020-02-21 10:01:25', '2020-02-21 10:01:25'),
(799, 0, 77, 72, 'памятные подарки гостям', '...', 0, '2020-02-21 10:01:25', '2020-02-21 10:01:25'),
(800, 0, 77, 73, 'аксессуар для сбора подарков', '...', 0, '2020-02-21 10:01:25', '2020-02-21 10:01:25'),
(801, 0, 78, 74, 'подобрать фотографа', '...', 0, '2020-02-21 10:01:25', '2020-02-21 10:01:25'),
(802, 0, 78, 75, 'выбрать места фото-сессии', '...', 0, '2020-02-21 10:01:25', '2020-02-21 10:01:25'),
(803, 0, 78, 76, 'транспорт на фото-сессию', '...', 0, '2020-02-21 10:01:25', '2020-02-21 10:01:25'),
(804, 0, 78, 77, 'подобрать видеографа', '...', 0, '2020-02-21 10:01:25', '2020-02-21 10:01:25'),
(805, 0, 78, 78, 'снять Love Story', '...', 0, '2020-02-21 10:01:25', '2020-02-21 10:01:25'),
(806, 0, 78, 79, 'Фото-сессия после свадьбы', '...', 0, '2020-02-21 10:01:25', '2020-02-21 10:01:25'),
(807, 0, 79, 1, 'составить список гостей', '...', 0, '2020-02-21 10:20:44', '2020-02-21 10:20:44'),
(808, 0, 79, 2, 'подобрать место проведения банкета', '...', 0, '2020-02-21 10:20:44', '2020-02-21 10:20:44'),
(809, 0, 79, 3, 'продумать оформление зала', '...', 0, '2020-02-21 10:20:44', '2020-02-21 10:20:44'),
(810, 0, 79, 4, 'подобрать ведущего', '...', 0, '2020-02-21 10:20:44', '2020-02-21 10:20:44'),
(811, 0, 79, 5, 'подобрать музыкантов вечера', '...', 0, '2020-02-21 10:20:44', '2020-02-21 10:20:44'),
(812, 0, 79, 6, 'арендовать оборудование', '...', 0, '2020-02-21 10:20:44', '2020-02-21 10:20:44'),
(813, 0, 79, 7, 'подобрать звукооператора', '...', 0, '2020-02-21 10:20:44', '2020-02-21 10:20:44'),
(814, 0, 79, 8, 'выбрать шоу-программу', '...', 0, '2020-02-21 10:20:44', '2020-02-21 10:20:44'),
(815, 0, 79, 9, 'продумать оформление первого танца', '...', 0, '2020-02-21 10:20:44', '2020-02-21 10:20:44'),
(816, 0, 79, 10, 'составить меню банкета', '...', 0, '2020-02-21 10:20:44', '2020-02-21 10:20:44'),
(817, 0, 79, 11, 'заказать свадебный торт', '...', 0, '2020-02-21 10:20:44', '2020-02-21 10:20:44'),
(818, 0, 79, 12, 'заказать каравай', '...', 0, '2020-02-21 10:20:44', '2020-02-21 10:20:44'),
(819, 0, 79, 13, 'заказать напитки', '...', 0, '2020-02-21 10:20:44', '2020-02-21 10:20:44'),
(820, 0, 80, 14, 'найти жениха', '...', 0, '2020-02-21 10:20:44', '2020-02-21 10:20:44'),
(821, 0, 80, 15, 'выбрать туфли', '...', 0, '2020-02-21 10:20:44', '2020-02-21 10:20:44'),
(822, 0, 80, 16, 'записаться к парихмахеру', '...', 0, '2020-02-21 10:20:44', '2020-02-21 10:20:44'),
(823, 0, 80, 17, 'записаться на маникюр', '...', 0, '2020-02-21 10:20:44', '2020-02-21 10:20:44'),
(824, 0, 80, 18, 'выбрать свидетельницу', '...', 0, '2020-02-21 10:20:44', '2020-02-21 10:20:44'),
(825, 0, 80, 19, 'подобрать аксессуары', '...', 0, '2020-02-21 10:20:44', '2020-02-21 10:20:44'),
(826, 0, 80, 20, 'транспорт до места регистрации', '...', 0, '2020-02-21 10:20:44', '2020-02-21 10:20:44'),
(827, 0, 80, 21, 'выбрать платье', '...', 0, '2020-02-21 10:20:44', '2020-02-21 10:20:44'),
(828, 0, 80, 22, 'заказать букет', '...', 0, '2020-02-21 10:20:44', '2020-02-21 10:20:44'),
(829, 0, 80, 23, 'записаться к визажисту', '...', 0, '2020-02-21 10:20:44', '2020-02-21 10:20:44'),
(830, 0, 80, 24, 'записаться на педикюр', '...', 0, '2020-02-21 10:20:44', '2020-02-21 10:20:44'),
(831, 0, 80, 25, 'выбрать фоту', '...', 0, '2020-02-21 10:20:44', '2020-02-21 10:20:44'),
(832, 0, 80, 26, 'вторая обувь', '...', 0, '2020-02-21 10:20:44', '2020-02-21 10:20:44'),
(833, 0, 81, 27, 'найти невесту', '...', 0, '2020-02-21 10:20:44', '2020-02-21 10:20:44'),
(834, 0, 81, 28, 'подобрать туфли', '...', 0, '2020-02-21 10:20:44', '2020-02-21 10:20:44'),
(835, 0, 81, 29, 'записаться к парикмахеру', '...', 0, '2020-02-21 10:20:44', '2020-02-21 10:20:44'),
(836, 0, 81, 30, 'выбрать свидетеля', '...', 0, '2020-02-21 10:20:44', '2020-02-21 10:20:44'),
(837, 0, 81, 31, 'заказать кольца', '...', 0, '2020-02-21 10:20:44', '2020-02-21 10:20:44'),
(838, 0, 81, 32, 'подобрать костюм', '...', 0, '2020-02-21 10:20:44', '2020-02-21 10:20:44'),
(839, 0, 81, 33, 'подобрать аксессуары', '...', 0, '2020-02-21 10:20:44', '2020-02-21 10:20:44'),
(840, 0, 81, 34, 'записаться на техн.маникюр', '...', 0, '2020-02-21 10:20:44', '2020-02-21 10:20:44'),
(841, 0, 81, 35, 'подобрать транспорт до места рег-ии', '...', 0, '2020-02-21 10:20:44', '2020-02-21 10:20:44'),
(842, 0, 82, 36, 'выбрать место регистрации', '...', 0, '2020-02-21 10:20:44', '2020-02-21 10:20:44'),
(843, 0, 82, 37, 'роспись в день банкета', '...', 0, '2020-02-21 10:20:44', '2020-02-21 10:20:44'),
(844, 0, 82, 38, 'оформление места для выездой росписи', '...', 0, '2020-02-21 10:20:44', '2020-02-21 10:20:44'),
(845, 0, 82, 39, 'подобрать место для выездной регистрации', '...', 0, '2020-02-21 10:20:44', '2020-02-21 10:20:44'),
(846, 0, 82, 40, 'роспись в удобный день', '...', 0, '2020-02-21 10:20:44', '2020-02-21 10:20:44'),
(847, 0, 82, 41, 'выездная роспись в день банкета', '...', 0, '2020-02-21 10:20:44', '2020-02-21 10:20:44'),
(848, 0, 82, 42, 'оборудование для выездной росписи', '...', 0, '2020-02-21 10:20:44', '2020-02-21 10:20:44'),
(849, 0, 82, 43, 'венчание', '...', 0, '2020-02-21 10:20:44', '2020-02-21 10:20:44'),
(850, 0, 83, 44, 'организовать девичник', '...', 0, '2020-02-21 10:20:44', '2020-02-21 10:20:44'),
(851, 0, 83, 45, 'подобрать платье', '...', 0, '2020-02-21 10:20:44', '2020-02-21 10:20:44'),
(852, 0, 83, 46, 'записаться к визажисту', '...', 0, '2020-02-21 10:20:44', '2020-02-21 10:20:44'),
(853, 0, 83, 47, 'записаться на педикюр', '...', 0, '2020-02-21 10:20:44', '2020-02-21 10:20:44'),
(854, 0, 83, 48, 'взять с собой расписание свадьбы', '...', 0, '2020-02-21 10:20:44', '2020-02-21 10:20:44'),
(855, 0, 83, 49, 'организовать выкуп невесты', '...', 0, '2020-02-21 10:20:44', '2020-02-21 10:20:44'),
(856, 0, 83, 50, 'записаться к парикмахеру', '...', 0, '2020-02-21 10:20:44', '2020-02-21 10:20:44'),
(857, 0, 83, 51, 'записаться на маникюр', '...', 0, '2020-02-21 10:20:44', '2020-02-21 10:20:44'),
(858, 0, 83, 52, 'подготовить рем-комплект невесты', '...', 0, '2020-02-21 10:20:44', '2020-02-21 10:20:44'),
(859, 0, 84, 53, 'организовать мальчишник', '...', 0, '2020-02-21 10:20:44', '2020-02-21 10:20:44'),
(860, 0, 84, 54, 'подобрать костюм', '...', 0, '2020-02-21 10:20:44', '2020-02-21 10:20:44'),
(861, 0, 84, 55, 'записаться к парикмахеру', '...', 0, '2020-02-21 10:20:44', '2020-02-21 10:20:44'),
(862, 0, 84, 56, 'хранить кольца до регистрации', '...', 0, '2020-02-21 10:20:44', '2020-02-21 10:20:44'),
(863, 0, 84, 57, 'подготовится к выкупу', '...', 0, '2020-02-21 10:20:44', '2020-02-21 10:20:44'),
(864, 0, 84, 58, 'подобрать аксессуары', '...', 0, '2020-02-21 10:20:44', '2020-02-21 10:20:44'),
(865, 0, 84, 59, 'подготовить рем-комплект жениха', '...', 0, '2020-02-21 10:20:44', '2020-02-21 10:20:44'),
(866, 0, 84, 60, 'взять с собой расписание свадьбы', '...', 0, '2020-02-21 10:20:44', '2020-02-21 10:20:44'),
(867, 0, 85, 61, 'поставить первый танец', '...', 0, '2020-02-21 10:20:44', '2020-02-21 10:20:44'),
(868, 0, 85, 62, 'свечи и подсвечники', '...', 0, '2020-02-21 10:20:44', '2020-02-21 10:20:44'),
(869, 0, 85, 63, 'иконы', '...', 0, '2020-02-21 10:20:44', '2020-02-21 10:20:44'),
(870, 0, 85, 64, 'нож и лопатка для торта', '...', 0, '2020-02-21 10:20:44', '2020-02-21 10:20:44'),
(871, 0, 85, 65, 'сувенирное шампанское', '...', 0, '2020-02-21 10:20:44', '2020-02-21 10:20:44'),
(872, 0, 85, 66, 'аксессуары для сбора денег', '...', 0, '2020-02-21 10:20:44', '2020-02-21 10:20:44'),
(873, 0, 85, 67, 'портативная зарядка (Powerbank)', '...', 0, '2020-02-21 10:20:44', '2020-02-21 10:20:44'),
(874, 0, 85, 68, 'заказать пригласительные', '...', 0, '2020-02-21 10:20:44', '2020-02-21 10:20:44'),
(875, 0, 85, 69, 'бокалы для битья', '...', 0, '2020-02-21 10:20:44', '2020-02-21 10:20:44'),
(876, 0, 85, 70, 'рушники', '...', 0, '2020-02-21 10:20:44', '2020-02-21 10:20:44'),
(877, 0, 85, 71, 'фигурки на торт', '...', 0, '2020-02-21 10:20:44', '2020-02-21 10:20:44'),
(878, 0, 85, 72, 'памятные подарки гостям', '...', 0, '2020-02-21 10:20:44', '2020-02-21 10:20:44'),
(879, 0, 85, 73, 'аксессуар для сбора подарков', '...', 0, '2020-02-21 10:20:44', '2020-02-21 10:20:44'),
(880, 0, 86, 74, 'подобрать фотографа', '...', 0, '2020-02-21 10:20:44', '2020-02-21 10:20:44'),
(881, 0, 86, 75, 'выбрать места фото-сессии', '...', 0, '2020-02-21 10:20:44', '2020-02-21 10:20:44'),
(882, 0, 86, 76, 'транспорт на фото-сессию', '...', 0, '2020-02-21 10:20:44', '2020-02-21 10:20:44'),
(883, 0, 86, 77, 'подобрать видеографа', '...', 0, '2020-02-21 10:20:44', '2020-02-21 10:20:44'),
(884, 0, 86, 78, 'снять Love Story', '...', 0, '2020-02-21 10:20:44', '2020-02-21 10:20:44'),
(885, 0, 86, 79, 'Фото-сессия после свадьбы', '...', 0, '2020-02-21 10:20:44', '2020-02-21 10:20:44'),
(886, 0, 87, 1, 'составить список гостей', '...', 0, '2020-02-21 10:44:27', '2020-02-21 10:44:27'),
(887, 0, 87, 2, 'подобрать место проведения банкета', '...', 0, '2020-02-21 10:44:27', '2020-02-21 10:44:27'),
(888, 0, 87, 3, 'продумать оформление зала', '...', 0, '2020-02-21 10:44:27', '2020-02-21 10:44:27'),
(889, 0, 87, 4, 'подобрать ведущего', '...', 0, '2020-02-21 10:44:27', '2020-02-21 10:44:27'),
(890, 0, 87, 5, 'подобрать музыкантов вечера', '...', 0, '2020-02-21 10:44:27', '2020-02-21 10:44:27'),
(891, 0, 87, 6, 'арендовать оборудование', '...', 0, '2020-02-21 10:44:27', '2020-02-21 10:44:27'),
(892, 0, 87, 7, 'подобрать звукооператора', '...', 0, '2020-02-21 10:44:27', '2020-02-21 10:44:27'),
(893, 0, 87, 8, 'выбрать шоу-программу', '...', 0, '2020-02-21 10:44:27', '2020-02-21 10:44:27'),
(894, 0, 87, 9, 'продумать оформление первого танца', '...', 0, '2020-02-21 10:44:27', '2020-02-21 10:44:27'),
(895, 0, 87, 10, 'составить меню банкета', '...', 0, '2020-02-21 10:44:27', '2020-02-21 10:44:27'),
(896, 0, 87, 11, 'заказать свадебный торт', '...', 0, '2020-02-21 10:44:27', '2020-02-21 10:44:27'),
(897, 0, 87, 12, 'заказать каравай', '...', 0, '2020-02-21 10:44:27', '2020-02-21 10:44:27'),
(898, 0, 87, 13, 'заказать напитки', '...', 0, '2020-02-21 10:44:27', '2020-02-21 10:44:27'),
(899, 0, 88, 14, 'найти жениха', '...', 0, '2020-02-21 10:44:27', '2020-02-21 10:44:27'),
(900, 0, 88, 15, 'выбрать туфли', '...', 0, '2020-02-21 10:44:27', '2020-02-21 10:44:27'),
(901, 0, 88, 16, 'записаться к парихмахеру', '...', 0, '2020-02-21 10:44:27', '2020-02-21 10:44:27'),
(902, 0, 88, 17, 'записаться на маникюр', '...', 0, '2020-02-21 10:44:27', '2020-02-21 10:44:27'),
(903, 0, 88, 18, 'выбрать свидетельницу', '...', 0, '2020-02-21 10:44:27', '2020-02-21 10:44:27'),
(904, 0, 88, 19, 'подобрать аксессуары', '...', 0, '2020-02-21 10:44:27', '2020-02-21 10:44:27'),
(905, 0, 88, 20, 'транспорт до места регистрации', '...', 0, '2020-02-21 10:44:27', '2020-02-21 10:44:27'),
(906, 0, 88, 21, 'выбрать платье', '...', 0, '2020-02-21 10:44:27', '2020-02-21 10:44:27'),
(907, 0, 88, 22, 'заказать букет', '...', 0, '2020-02-21 10:44:27', '2020-02-21 10:44:27'),
(908, 0, 88, 23, 'записаться к визажисту', '...', 0, '2020-02-21 10:44:27', '2020-02-21 10:44:27'),
(909, 0, 88, 24, 'записаться на педикюр', '...', 0, '2020-02-21 10:44:27', '2020-02-21 10:44:27'),
(910, 0, 88, 25, 'выбрать фоту', '...', 0, '2020-02-21 10:44:27', '2020-02-21 10:44:27'),
(911, 0, 88, 26, 'вторая обувь', '...', 0, '2020-02-21 10:44:27', '2020-02-21 10:44:27'),
(912, 0, 89, 27, 'найти невесту', '...', 0, '2020-02-21 10:44:27', '2020-02-21 10:44:27'),
(913, 0, 89, 28, 'подобрать туфли', '...', 0, '2020-02-21 10:44:27', '2020-02-21 10:44:27'),
(914, 0, 89, 29, 'записаться к парикмахеру', '...', 0, '2020-02-21 10:44:27', '2020-02-21 10:44:27'),
(915, 0, 89, 30, 'выбрать свидетеля', '...', 0, '2020-02-21 10:44:27', '2020-02-21 10:44:27'),
(916, 0, 89, 31, 'заказать кольца', '...', 0, '2020-02-21 10:44:27', '2020-02-21 10:44:27'),
(917, 0, 89, 32, 'подобрать костюм', '...', 0, '2020-02-21 10:44:27', '2020-02-21 10:44:27'),
(918, 0, 89, 33, 'подобрать аксессуары', '...', 0, '2020-02-21 10:44:27', '2020-02-21 10:44:27'),
(919, 0, 89, 34, 'записаться на техн.маникюр', '...', 0, '2020-02-21 10:44:27', '2020-02-21 10:44:27'),
(920, 0, 89, 35, 'подобрать транспорт до места рег-ии', '...', 0, '2020-02-21 10:44:27', '2020-02-21 10:44:27'),
(921, 0, 90, 36, 'выбрать место регистрации', '...', 0, '2020-02-21 10:44:27', '2020-02-21 10:44:27'),
(922, 0, 90, 37, 'роспись в день банкета', '...', 0, '2020-02-21 10:44:27', '2020-02-21 10:44:27'),
(923, 0, 90, 38, 'оформление места для выездой росписи', '...', 0, '2020-02-21 10:44:27', '2020-02-21 10:44:27'),
(924, 0, 90, 39, 'подобрать место для выездной регистрации', '...', 0, '2020-02-21 10:44:27', '2020-02-21 10:44:27'),
(925, 0, 90, 40, 'роспись в удобный день', '...', 0, '2020-02-21 10:44:27', '2020-02-21 10:44:27'),
(926, 0, 90, 41, 'выездная роспись в день банкета', '...', 0, '2020-02-21 10:44:27', '2020-02-21 10:44:27'),
(927, 0, 90, 42, 'оборудование для выездной росписи', '...', 0, '2020-02-21 10:44:27', '2020-02-21 10:44:27'),
(928, 0, 90, 43, 'венчание', '...', 0, '2020-02-21 10:44:27', '2020-02-21 10:44:27'),
(929, 0, 91, 44, 'организовать девичник', '...', 0, '2020-02-21 10:44:27', '2020-02-21 10:44:27'),
(930, 0, 91, 45, 'подобрать платье', '...', 0, '2020-02-21 10:44:27', '2020-02-21 10:44:27'),
(931, 0, 91, 46, 'записаться к визажисту', '...', 0, '2020-02-21 10:44:27', '2020-02-21 10:44:27'),
(932, 0, 91, 47, 'записаться на педикюр', '...', 0, '2020-02-21 10:44:27', '2020-02-21 10:44:27'),
(933, 0, 91, 48, 'взять с собой расписание свадьбы', '...', 0, '2020-02-21 10:44:27', '2020-02-21 10:44:27'),
(934, 0, 91, 49, 'организовать выкуп невесты', '...', 0, '2020-02-21 10:44:27', '2020-02-21 10:44:27'),
(935, 0, 91, 50, 'записаться к парикмахеру', '...', 0, '2020-02-21 10:44:27', '2020-02-21 10:44:27'),
(936, 0, 91, 51, 'записаться на маникюр', '...', 0, '2020-02-21 10:44:27', '2020-02-21 10:44:27'),
(937, 0, 91, 52, 'подготовить рем-комплект невесты', '...', 0, '2020-02-21 10:44:27', '2020-02-21 10:44:27'),
(938, 0, 92, 53, 'организовать мальчишник', '...', 0, '2020-02-21 10:44:27', '2020-02-21 10:44:27'),
(939, 0, 92, 54, 'подобрать костюм', '...', 0, '2020-02-21 10:44:27', '2020-02-21 10:44:27'),
(940, 0, 92, 55, 'записаться к парикмахеру', '...', 0, '2020-02-21 10:44:27', '2020-02-21 10:44:27'),
(941, 0, 92, 56, 'хранить кольца до регистрации', '...', 0, '2020-02-21 10:44:27', '2020-02-21 10:44:27'),
(942, 0, 92, 57, 'подготовится к выкупу', '...', 0, '2020-02-21 10:44:27', '2020-02-21 10:44:27'),
(943, 0, 92, 58, 'подобрать аксессуары', '...', 0, '2020-02-21 10:44:27', '2020-02-21 10:44:27'),
(944, 0, 92, 59, 'подготовить рем-комплект жениха', '...', 0, '2020-02-21 10:44:27', '2020-02-21 10:44:27'),
(945, 0, 92, 60, 'взять с собой расписание свадьбы', '...', 0, '2020-02-21 10:44:27', '2020-02-21 10:44:27'),
(946, 0, 93, 61, 'поставить первый танец', '...', 0, '2020-02-21 10:44:27', '2020-02-21 10:44:27'),
(947, 0, 93, 62, 'свечи и подсвечники', '...', 0, '2020-02-21 10:44:27', '2020-02-21 10:44:27'),
(948, 0, 93, 63, 'иконы', '...', 0, '2020-02-21 10:44:27', '2020-02-21 10:44:27'),
(949, 0, 93, 64, 'нож и лопатка для торта', '...', 0, '2020-02-21 10:44:27', '2020-02-21 10:44:27'),
(950, 0, 93, 65, 'сувенирное шампанское', '...', 0, '2020-02-21 10:44:27', '2020-02-21 10:44:27'),
(951, 0, 93, 66, 'аксессуары для сбора денег', '...', 0, '2020-02-21 10:44:27', '2020-02-21 10:44:27'),
(952, 0, 93, 67, 'портативная зарядка (Powerbank)', '...', 0, '2020-02-21 10:44:27', '2020-02-21 10:44:27'),
(953, 0, 93, 68, 'заказать пригласительные', '...', 0, '2020-02-21 10:44:27', '2020-02-21 10:44:27'),
(954, 0, 93, 69, 'бокалы для битья', '...', 0, '2020-02-21 10:44:27', '2020-02-21 10:44:27'),
(955, 0, 93, 70, 'рушники', '...', 0, '2020-02-21 10:44:27', '2020-02-21 10:44:27'),
(956, 0, 93, 71, 'фигурки на торт', '...', 0, '2020-02-21 10:44:27', '2020-02-21 10:44:27'),
(957, 0, 93, 72, 'памятные подарки гостям', '...', 0, '2020-02-21 10:44:27', '2020-02-21 10:44:27'),
(958, 0, 93, 73, 'аксессуар для сбора подарков', '...', 0, '2020-02-21 10:44:27', '2020-02-21 10:44:27'),
(959, 0, 94, 74, 'подобрать фотографа', '...', 0, '2020-02-21 10:44:27', '2020-02-21 10:44:27'),
(960, 0, 94, 75, 'выбрать места фото-сессии', '...', 0, '2020-02-21 10:44:27', '2020-02-21 10:44:27'),
(961, 0, 94, 76, 'транспорт на фото-сессию', '...', 0, '2020-02-21 10:44:27', '2020-02-21 10:44:27'),
(962, 0, 94, 77, 'подобрать видеографа', '...', 0, '2020-02-21 10:44:27', '2020-02-21 10:44:27'),
(963, 0, 94, 78, 'снять Love Story', '...', 0, '2020-02-21 10:44:27', '2020-02-21 10:44:27'),
(964, 0, 94, 79, 'Фото-сессия после свадьбы', '...', 0, '2020-02-21 10:44:27', '2020-02-21 10:44:27'),
(965, 0, 95, 1, 'составить список гостей', '...', 0, '2020-02-21 10:46:02', '2020-02-21 10:46:02'),
(966, 0, 95, 2, 'подобрать место проведения банкета', '...', 0, '2020-02-21 10:46:02', '2020-02-21 10:46:02'),
(967, 0, 95, 3, 'продумать оформление зала', '...', 0, '2020-02-21 10:46:02', '2020-02-21 10:46:02'),
(968, 0, 95, 4, 'подобрать ведущего', '...', 0, '2020-02-21 10:46:02', '2020-02-21 10:46:02'),
(969, 0, 95, 5, 'подобрать музыкантов вечера', '...', 0, '2020-02-21 10:46:02', '2020-02-21 10:46:02'),
(970, 0, 95, 6, 'арендовать оборудование', '...', 0, '2020-02-21 10:46:02', '2020-02-21 10:46:02'),
(971, 0, 95, 7, 'подобрать звукооператора', '...', 0, '2020-02-21 10:46:02', '2020-02-21 10:46:02'),
(972, 0, 95, 8, 'выбрать шоу-программу', '...', 0, '2020-02-21 10:46:02', '2020-02-21 10:46:02'),
(973, 0, 95, 9, 'продумать оформление первого танца', '...', 0, '2020-02-21 10:46:02', '2020-02-21 10:46:02'),
(974, 0, 95, 10, 'составить меню банкета', '...', 0, '2020-02-21 10:46:02', '2020-02-21 10:46:02'),
(975, 0, 95, 11, 'заказать свадебный торт', '...', 0, '2020-02-21 10:46:02', '2020-02-21 10:46:02'),
(976, 0, 95, 12, 'заказать каравай', '...', 0, '2020-02-21 10:46:02', '2020-02-21 10:46:02'),
(977, 0, 95, 13, 'заказать напитки', '...', 0, '2020-02-21 10:46:02', '2020-02-21 10:46:02'),
(978, 0, 96, 14, 'найти жениха', '...', 0, '2020-02-21 10:46:02', '2020-02-21 10:46:02'),
(979, 0, 96, 15, 'выбрать туфли', '...', 0, '2020-02-21 10:46:02', '2020-02-21 10:46:02'),
(980, 0, 96, 16, 'записаться к парихмахеру', '...', 0, '2020-02-21 10:46:02', '2020-02-21 10:46:02'),
(981, 0, 96, 17, 'записаться на маникюр', '...', 0, '2020-02-21 10:46:02', '2020-02-21 10:46:02'),
(982, 0, 96, 18, 'выбрать свидетельницу', '...', 0, '2020-02-21 10:46:02', '2020-02-21 10:46:02'),
(983, 0, 96, 19, 'подобрать аксессуары', '...', 0, '2020-02-21 10:46:02', '2020-02-21 10:46:02'),
(984, 0, 96, 20, 'транспорт до места регистрации', '...', 0, '2020-02-21 10:46:02', '2020-02-21 10:46:02'),
(985, 0, 96, 21, 'выбрать платье', '...', 0, '2020-02-21 10:46:02', '2020-02-21 10:46:02'),
(986, 0, 96, 22, 'заказать букет', '...', 0, '2020-02-21 10:46:02', '2020-02-21 10:46:02'),
(987, 0, 96, 23, 'записаться к визажисту', '...', 0, '2020-02-21 10:46:02', '2020-02-21 10:46:02'),
(988, 0, 96, 24, 'записаться на педикюр', '...', 0, '2020-02-21 10:46:02', '2020-02-21 10:46:02'),
(989, 0, 96, 25, 'выбрать фоту', '...', 0, '2020-02-21 10:46:02', '2020-02-21 10:46:02'),
(990, 0, 96, 26, 'вторая обувь', '...', 0, '2020-02-21 10:46:02', '2020-02-21 10:46:02'),
(991, 0, 97, 27, 'найти невесту', '...', 0, '2020-02-21 10:46:02', '2020-02-21 10:46:02'),
(992, 0, 97, 28, 'подобрать туфли', '...', 0, '2020-02-21 10:46:02', '2020-02-21 10:46:02'),
(993, 0, 97, 29, 'записаться к парикмахеру', '...', 0, '2020-02-21 10:46:02', '2020-02-21 10:46:02'),
(994, 0, 97, 30, 'выбрать свидетеля', '...', 0, '2020-02-21 10:46:02', '2020-02-21 10:46:02'),
(995, 0, 97, 31, 'заказать кольца', '...', 0, '2020-02-21 10:46:02', '2020-02-21 10:46:02'),
(996, 0, 97, 32, 'подобрать костюм', '...', 0, '2020-02-21 10:46:02', '2020-02-21 10:46:02'),
(997, 0, 97, 33, 'подобрать аксессуары', '...', 0, '2020-02-21 10:46:02', '2020-02-21 10:46:02'),
(998, 0, 97, 34, 'записаться на техн.маникюр', '...', 0, '2020-02-21 10:46:02', '2020-02-21 10:46:02'),
(999, 0, 97, 35, 'подобрать транспорт до места рег-ии', '...', 0, '2020-02-21 10:46:02', '2020-02-21 10:46:02'),
(1000, 0, 98, 36, 'выбрать место регистрации', '...', 0, '2020-02-21 10:46:02', '2020-02-21 10:46:02'),
(1001, 0, 98, 37, 'роспись в день банкета', '...', 0, '2020-02-21 10:46:02', '2020-02-21 10:46:02'),
(1002, 0, 98, 38, 'оформление места для выездой росписи', '...', 0, '2020-02-21 10:46:02', '2020-02-21 10:46:02'),
(1003, 0, 98, 39, 'подобрать место для выездной регистрации', '...', 0, '2020-02-21 10:46:02', '2020-02-21 10:46:02'),
(1004, 0, 98, 40, 'роспись в удобный день', '...', 0, '2020-02-21 10:46:02', '2020-02-21 10:46:02'),
(1005, 0, 98, 41, 'выездная роспись в день банкета', '...', 0, '2020-02-21 10:46:02', '2020-02-21 10:46:02'),
(1006, 0, 98, 42, 'оборудование для выездной росписи', '...', 0, '2020-02-21 10:46:02', '2020-02-21 10:46:02'),
(1007, 0, 98, 43, 'венчание', '...', 0, '2020-02-21 10:46:02', '2020-02-21 10:46:02'),
(1008, 0, 99, 44, 'организовать девичник', '...', 0, '2020-02-21 10:46:02', '2020-02-21 10:46:02'),
(1009, 0, 99, 45, 'подобрать платье', '...', 0, '2020-02-21 10:46:02', '2020-02-21 10:46:02'),
(1010, 0, 99, 46, 'записаться к визажисту', '...', 0, '2020-02-21 10:46:02', '2020-02-21 10:46:02'),
(1011, 0, 99, 47, 'записаться на педикюр', '...', 0, '2020-02-21 10:46:02', '2020-02-21 10:46:02'),
(1012, 0, 99, 48, 'взять с собой расписание свадьбы', '...', 0, '2020-02-21 10:46:02', '2020-02-21 10:46:02'),
(1013, 0, 99, 49, 'организовать выкуп невесты', '...', 0, '2020-02-21 10:46:02', '2020-02-21 10:46:02'),
(1014, 0, 99, 50, 'записаться к парикмахеру', '...', 0, '2020-02-21 10:46:02', '2020-02-21 10:46:02'),
(1015, 0, 99, 51, 'записаться на маникюр', '...', 0, '2020-02-21 10:46:02', '2020-02-21 10:46:02'),
(1016, 0, 99, 52, 'подготовить рем-комплект невесты', '...', 0, '2020-02-21 10:46:02', '2020-02-21 10:46:02'),
(1017, 0, 100, 53, 'организовать мальчишник', '...', 0, '2020-02-21 10:46:02', '2020-02-21 10:46:02'),
(1018, 0, 100, 54, 'подобрать костюм', '...', 0, '2020-02-21 10:46:02', '2020-02-21 10:46:02'),
(1019, 0, 100, 55, 'записаться к парикмахеру', '...', 0, '2020-02-21 10:46:02', '2020-02-21 10:46:02'),
(1020, 0, 100, 56, 'хранить кольца до регистрации', '...', 0, '2020-02-21 10:46:02', '2020-02-21 10:46:02'),
(1021, 0, 100, 57, 'подготовится к выкупу', '...', 0, '2020-02-21 10:46:02', '2020-02-21 10:46:02'),
(1022, 0, 100, 58, 'подобрать аксессуары', '...', 0, '2020-02-21 10:46:02', '2020-02-21 10:46:02'),
(1023, 0, 100, 59, 'подготовить рем-комплект жениха', '...', 0, '2020-02-21 10:46:02', '2020-02-21 10:46:02'),
(1024, 0, 100, 60, 'взять с собой расписание свадьбы', '...', 0, '2020-02-21 10:46:02', '2020-02-21 10:46:02'),
(1025, 0, 101, 61, 'поставить первый танец', '...', 0, '2020-02-21 10:46:02', '2020-02-21 10:46:02'),
(1026, 0, 101, 62, 'свечи и подсвечники', '...', 0, '2020-02-21 10:46:02', '2020-02-21 10:46:02'),
(1027, 0, 101, 63, 'иконы', '...', 0, '2020-02-21 10:46:02', '2020-02-21 10:46:02'),
(1028, 0, 101, 64, 'нож и лопатка для торта', '...', 0, '2020-02-21 10:46:02', '2020-02-21 10:46:02'),
(1029, 0, 101, 65, 'сувенирное шампанское', '...', 0, '2020-02-21 10:46:02', '2020-02-21 10:46:02'),
(1030, 0, 101, 66, 'аксессуары для сбора денег', '...', 0, '2020-02-21 10:46:02', '2020-02-21 10:46:02'),
(1031, 0, 101, 67, 'портативная зарядка (Powerbank)', '...', 0, '2020-02-21 10:46:02', '2020-02-21 10:46:02'),
(1032, 0, 101, 68, 'заказать пригласительные', '...', 0, '2020-02-21 10:46:02', '2020-02-21 10:46:02'),
(1033, 0, 101, 69, 'бокалы для битья', '...', 0, '2020-02-21 10:46:02', '2020-02-21 10:46:02'),
(1034, 0, 101, 70, 'рушники', '...', 0, '2020-02-21 10:46:02', '2020-02-21 10:46:02'),
(1035, 0, 101, 71, 'фигурки на торт', '...', 0, '2020-02-21 10:46:02', '2020-02-21 10:46:02'),
(1036, 0, 101, 72, 'памятные подарки гостям', '...', 0, '2020-02-21 10:46:02', '2020-02-21 10:46:02'),
(1037, 0, 101, 73, 'аксессуар для сбора подарков', '...', 0, '2020-02-21 10:46:02', '2020-02-21 10:46:02'),
(1038, 0, 102, 74, 'подобрать фотографа', '...', 0, '2020-02-21 10:46:02', '2020-02-21 10:46:02'),
(1039, 0, 102, 75, 'выбрать места фото-сессии', '...', 0, '2020-02-21 10:46:02', '2020-02-21 10:46:02'),
(1040, 0, 102, 76, 'транспорт на фото-сессию', '...', 0, '2020-02-21 10:46:02', '2020-02-21 10:46:02'),
(1041, 0, 102, 77, 'подобрать видеографа', '...', 0, '2020-02-21 10:46:02', '2020-02-21 10:46:02'),
(1042, 0, 102, 78, 'снять Love Story', '...', 0, '2020-02-21 10:46:02', '2020-02-21 10:46:02'),
(1043, 0, 102, 79, 'Фото-сессия после свадьбы', '...', 0, '2020-02-21 10:46:02', '2020-02-21 10:46:02'),
(1044, 0, 103, 1, 'составить список гостей', '...', 0, '2020-02-21 10:47:05', '2020-02-21 10:47:05'),
(1045, 0, 103, 2, 'подобрать место проведения банкета', '...', 0, '2020-02-21 10:47:05', '2020-02-21 10:47:05'),
(1046, 0, 103, 3, 'продумать оформление зала', '...', 0, '2020-02-21 10:47:05', '2020-02-21 10:47:05'),
(1047, 0, 103, 4, 'подобрать ведущего', '...', 0, '2020-02-21 10:47:05', '2020-02-21 10:47:05'),
(1048, 0, 103, 5, 'подобрать музыкантов вечера', '...', 0, '2020-02-21 10:47:05', '2020-02-21 10:47:05'),
(1049, 0, 103, 6, 'арендовать оборудование', '...', 0, '2020-02-21 10:47:05', '2020-02-21 10:47:05'),
(1050, 0, 103, 7, 'подобрать звукооператора', '...', 0, '2020-02-21 10:47:05', '2020-02-21 10:47:05'),
(1051, 0, 103, 8, 'выбрать шоу-программу', '...', 0, '2020-02-21 10:47:05', '2020-02-21 10:47:05'),
(1052, 0, 103, 9, 'продумать оформление первого танца', '...', 0, '2020-02-21 10:47:05', '2020-02-21 10:47:05'),
(1053, 0, 103, 10, 'составить меню банкета', '...', 0, '2020-02-21 10:47:05', '2020-02-21 10:47:05'),
(1054, 0, 103, 11, 'заказать свадебный торт', '...', 0, '2020-02-21 10:47:05', '2020-02-21 10:47:05'),
(1055, 0, 103, 12, 'заказать каравай', '...', 0, '2020-02-21 10:47:05', '2020-02-21 10:47:05'),
(1056, 0, 103, 13, 'заказать напитки', '...', 0, '2020-02-21 10:47:05', '2020-02-21 10:47:05'),
(1057, 0, 104, 14, 'найти жениха', '...', 0, '2020-02-21 10:47:05', '2020-02-21 10:47:05'),
(1058, 0, 104, 15, 'выбрать туфли', '...', 0, '2020-02-21 10:47:05', '2020-02-21 10:47:05'),
(1059, 0, 104, 16, 'записаться к парихмахеру', '...', 0, '2020-02-21 10:47:05', '2020-02-21 10:47:05'),
(1060, 0, 104, 17, 'записаться на маникюр', '...', 0, '2020-02-21 10:47:05', '2020-02-21 10:47:05'),
(1061, 0, 104, 18, 'выбрать свидетельницу', '...', 0, '2020-02-21 10:47:05', '2020-02-21 10:47:05'),
(1062, 0, 104, 19, 'подобрать аксессуары', '...', 0, '2020-02-21 10:47:05', '2020-02-21 10:47:05'),
(1063, 0, 104, 20, 'транспорт до места регистрации', '...', 0, '2020-02-21 10:47:05', '2020-02-21 10:47:05'),
(1064, 0, 104, 21, 'выбрать платье', '...', 0, '2020-02-21 10:47:05', '2020-02-21 10:47:05'),
(1065, 0, 104, 22, 'заказать букет', '...', 0, '2020-02-21 10:47:05', '2020-02-21 10:47:05'),
(1066, 0, 104, 23, 'записаться к визажисту', '...', 0, '2020-02-21 10:47:05', '2020-02-21 10:47:05'),
(1067, 0, 104, 24, 'записаться на педикюр', '...', 0, '2020-02-21 10:47:05', '2020-02-21 10:47:05'),
(1068, 0, 104, 25, 'выбрать фоту', '...', 0, '2020-02-21 10:47:05', '2020-02-21 10:47:05'),
(1069, 0, 104, 26, 'вторая обувь', '...', 0, '2020-02-21 10:47:05', '2020-02-21 10:47:05'),
(1070, 0, 105, 27, 'найти невесту', '...', 0, '2020-02-21 10:47:05', '2020-02-21 10:47:05'),
(1071, 0, 105, 28, 'подобрать туфли', '...', 0, '2020-02-21 10:47:05', '2020-02-21 10:47:05'),
(1072, 0, 105, 29, 'записаться к парикмахеру', '...', 0, '2020-02-21 10:47:05', '2020-02-21 10:47:05'),
(1073, 0, 105, 30, 'выбрать свидетеля', '...', 0, '2020-02-21 10:47:05', '2020-02-21 10:47:05'),
(1074, 0, 105, 31, 'заказать кольца', '...', 0, '2020-02-21 10:47:05', '2020-02-21 10:47:05'),
(1075, 0, 105, 32, 'подобрать костюм', '...', 0, '2020-02-21 10:47:05', '2020-02-21 10:47:05'),
(1076, 0, 105, 33, 'подобрать аксессуары', '...', 0, '2020-02-21 10:47:05', '2020-02-21 10:47:05'),
(1077, 0, 105, 34, 'записаться на техн.маникюр', '...', 0, '2020-02-21 10:47:05', '2020-02-21 10:47:05'),
(1078, 0, 105, 35, 'подобрать транспорт до места рег-ии', '...', 0, '2020-02-21 10:47:05', '2020-02-21 10:47:05'),
(1079, 0, 106, 36, 'выбрать место регистрации', '...', 0, '2020-02-21 10:47:05', '2020-02-21 10:47:05'),
(1080, 0, 106, 37, 'роспись в день банкета', '...', 0, '2020-02-21 10:47:05', '2020-02-21 10:47:05'),
(1081, 0, 106, 38, 'оформление места для выездой росписи', '...', 0, '2020-02-21 10:47:05', '2020-02-21 10:47:05'),
(1082, 0, 106, 39, 'подобрать место для выездной регистрации', '...', 0, '2020-02-21 10:47:05', '2020-02-21 10:47:05'),
(1083, 0, 106, 40, 'роспись в удобный день', '...', 0, '2020-02-21 10:47:05', '2020-02-21 10:47:05'),
(1084, 0, 106, 41, 'выездная роспись в день банкета', '...', 0, '2020-02-21 10:47:05', '2020-02-21 10:47:05'),
(1085, 0, 106, 42, 'оборудование для выездной росписи', '...', 0, '2020-02-21 10:47:05', '2020-02-21 10:47:05'),
(1086, 0, 106, 43, 'венчание', '...', 0, '2020-02-21 10:47:05', '2020-02-21 10:47:05'),
(1087, 0, 107, 44, 'организовать девичник', '...', 0, '2020-02-21 10:47:05', '2020-02-21 10:47:05'),
(1088, 0, 107, 45, 'подобрать платье', '...', 0, '2020-02-21 10:47:05', '2020-02-21 10:47:05'),
(1089, 0, 107, 46, 'записаться к визажисту', '...', 0, '2020-02-21 10:47:05', '2020-02-21 10:47:05'),
(1090, 0, 107, 47, 'записаться на педикюр', '...', 0, '2020-02-21 10:47:05', '2020-02-21 10:47:05'),
(1091, 0, 107, 48, 'взять с собой расписание свадьбы', '...', 0, '2020-02-21 10:47:05', '2020-02-21 10:47:05'),
(1092, 0, 107, 49, 'организовать выкуп невесты', '...', 0, '2020-02-21 10:47:05', '2020-02-21 10:47:05'),
(1093, 0, 107, 50, 'записаться к парикмахеру', '...', 0, '2020-02-21 10:47:05', '2020-02-21 10:47:05'),
(1094, 0, 107, 51, 'записаться на маникюр', '...', 0, '2020-02-21 10:47:05', '2020-02-21 10:47:05'),
(1095, 0, 107, 52, 'подготовить рем-комплект невесты', '...', 0, '2020-02-21 10:47:05', '2020-02-21 10:47:05'),
(1096, 0, 108, 53, 'организовать мальчишник', '...', 0, '2020-02-21 10:47:05', '2020-02-21 10:47:05'),
(1097, 0, 108, 54, 'подобрать костюм', '...', 0, '2020-02-21 10:47:05', '2020-02-21 10:47:05'),
(1098, 0, 108, 55, 'записаться к парикмахеру', '...', 0, '2020-02-21 10:47:05', '2020-02-21 10:47:05'),
(1099, 0, 108, 56, 'хранить кольца до регистрации', '...', 0, '2020-02-21 10:47:05', '2020-02-21 10:47:05'),
(1100, 0, 108, 57, 'подготовится к выкупу', '...', 0, '2020-02-21 10:47:05', '2020-02-21 10:47:05'),
(1101, 0, 108, 58, 'подобрать аксессуары', '...', 0, '2020-02-21 10:47:05', '2020-02-21 10:47:05'),
(1102, 0, 108, 59, 'подготовить рем-комплект жениха', '...', 0, '2020-02-21 10:47:05', '2020-02-21 10:47:05'),
(1103, 0, 108, 60, 'взять с собой расписание свадьбы', '...', 0, '2020-02-21 10:47:05', '2020-02-21 10:47:05'),
(1104, 0, 109, 61, 'поставить первый танец', '...', 0, '2020-02-21 10:47:05', '2020-02-21 10:47:05'),
(1105, 0, 109, 62, 'свечи и подсвечники', '...', 0, '2020-02-21 10:47:05', '2020-02-21 10:47:05'),
(1106, 0, 109, 63, 'иконы', '...', 0, '2020-02-21 10:47:05', '2020-02-21 10:47:05'),
(1107, 0, 109, 64, 'нож и лопатка для торта', '...', 0, '2020-02-21 10:47:05', '2020-02-21 10:47:05'),
(1108, 0, 109, 65, 'сувенирное шампанское', '...', 0, '2020-02-21 10:47:05', '2020-02-21 10:47:05'),
(1109, 0, 109, 66, 'аксессуары для сбора денег', '...', 0, '2020-02-21 10:47:05', '2020-02-21 10:47:05'),
(1110, 0, 109, 67, 'портативная зарядка (Powerbank)', '...', 0, '2020-02-21 10:47:05', '2020-02-21 10:47:05'),
(1111, 0, 109, 68, 'заказать пригласительные', '...', 0, '2020-02-21 10:47:05', '2020-02-21 10:47:05'),
(1112, 0, 109, 69, 'бокалы для битья', '...', 0, '2020-02-21 10:47:05', '2020-02-21 10:47:05'),
(1113, 0, 109, 70, 'рушники', '...', 0, '2020-02-21 10:47:05', '2020-02-21 10:47:05'),
(1114, 0, 109, 71, 'фигурки на торт', '...', 0, '2020-02-21 10:47:05', '2020-02-21 10:47:05'),
(1115, 0, 109, 72, 'памятные подарки гостям', '...', 0, '2020-02-21 10:47:05', '2020-02-21 10:47:05'),
(1116, 0, 109, 73, 'аксессуар для сбора подарков', '...', 0, '2020-02-21 10:47:05', '2020-02-21 10:47:05'),
(1117, 0, 110, 74, 'подобрать фотографа', '...', 0, '2020-02-21 10:47:05', '2020-02-21 10:47:05'),
(1118, 0, 110, 75, 'выбрать места фото-сессии', '...', 0, '2020-02-21 10:47:05', '2020-02-21 10:47:05'),
(1119, 0, 110, 76, 'транспорт на фото-сессию', '...', 0, '2020-02-21 10:47:05', '2020-02-21 10:47:05'),
(1120, 0, 110, 77, 'подобрать видеографа', '...', 0, '2020-02-21 10:47:05', '2020-02-21 10:47:05'),
(1121, 0, 110, 78, 'снять Love Story', '...', 0, '2020-02-21 10:47:05', '2020-02-21 10:47:05'),
(1122, 0, 110, 79, 'Фото-сессия после свадьбы', '...', 0, '2020-02-21 10:47:05', '2020-02-21 10:47:05'),
(1123, 0, 111, 1, 'составить список гостей', '...', 0, '2020-02-21 10:48:59', '2020-02-21 10:48:59'),
(1124, 0, 111, 2, 'подобрать место проведения банкета', '...', 0, '2020-02-21 10:48:59', '2020-02-21 10:48:59'),
(1125, 0, 111, 3, 'продумать оформление зала', '...', 0, '2020-02-21 10:48:59', '2020-02-21 10:48:59'),
(1126, 0, 111, 4, 'подобрать ведущего', '...', 0, '2020-02-21 10:48:59', '2020-02-21 10:48:59'),
(1127, 0, 111, 5, 'подобрать музыкантов вечера', '...', 0, '2020-02-21 10:48:59', '2020-02-21 10:48:59'),
(1128, 0, 111, 6, 'арендовать оборудование', '...', 0, '2020-02-21 10:48:59', '2020-02-21 10:48:59'),
(1129, 0, 111, 7, 'подобрать звукооператора', '...', 0, '2020-02-21 10:48:59', '2020-02-21 10:48:59'),
(1130, 0, 111, 8, 'выбрать шоу-программу', '...', 0, '2020-02-21 10:48:59', '2020-02-21 10:48:59'),
(1131, 0, 111, 9, 'продумать оформление первого танца', '...', 0, '2020-02-21 10:48:59', '2020-02-21 10:48:59'),
(1132, 0, 111, 10, 'составить меню банкета', '...', 0, '2020-02-21 10:48:59', '2020-02-21 10:48:59'),
(1133, 0, 111, 11, 'заказать свадебный торт', '...', 0, '2020-02-21 10:48:59', '2020-02-21 10:48:59'),
(1134, 0, 111, 12, 'заказать каравай', '...', 0, '2020-02-21 10:48:59', '2020-02-21 10:48:59'),
(1135, 0, 111, 13, 'заказать напитки', '...', 0, '2020-02-21 10:48:59', '2020-02-21 10:48:59'),
(1136, 0, 112, 14, 'найти жениха', '...', 0, '2020-02-21 10:48:59', '2020-02-21 10:48:59'),
(1137, 0, 112, 15, 'выбрать туфли', '...', 0, '2020-02-21 10:48:59', '2020-02-21 10:48:59'),
(1138, 0, 112, 16, 'записаться к парихмахеру', '...', 0, '2020-02-21 10:48:59', '2020-02-21 10:48:59'),
(1139, 0, 112, 17, 'записаться на маникюр', '...', 0, '2020-02-21 10:48:59', '2020-02-21 10:48:59'),
(1140, 0, 112, 18, 'выбрать свидетельницу', '...', 0, '2020-02-21 10:48:59', '2020-02-21 10:48:59'),
(1141, 0, 112, 19, 'подобрать аксессуары', '...', 0, '2020-02-21 10:48:59', '2020-02-21 10:48:59'),
(1142, 0, 112, 20, 'транспорт до места регистрации', '...', 0, '2020-02-21 10:48:59', '2020-02-21 10:48:59'),
(1143, 0, 112, 21, 'выбрать платье', '...', 0, '2020-02-21 10:48:59', '2020-02-21 10:48:59'),
(1144, 0, 112, 22, 'заказать букет', '...', 0, '2020-02-21 10:48:59', '2020-02-21 10:48:59'),
(1145, 0, 112, 23, 'записаться к визажисту', '...', 0, '2020-02-21 10:48:59', '2020-02-21 10:48:59'),
(1146, 0, 112, 24, 'записаться на педикюр', '...', 0, '2020-02-21 10:48:59', '2020-02-21 10:48:59'),
(1147, 0, 112, 25, 'выбрать фоту', '...', 0, '2020-02-21 10:48:59', '2020-02-21 10:48:59'),
(1148, 0, 112, 26, 'вторая обувь', '...', 0, '2020-02-21 10:48:59', '2020-02-21 10:48:59'),
(1149, 0, 113, 27, 'найти невесту', '...', 0, '2020-02-21 10:48:59', '2020-02-21 10:48:59'),
(1150, 0, 113, 28, 'подобрать туфли', '...', 0, '2020-02-21 10:48:59', '2020-02-21 10:48:59'),
(1151, 0, 113, 29, 'записаться к парикмахеру', '...', 0, '2020-02-21 10:48:59', '2020-02-21 10:48:59'),
(1152, 0, 113, 30, 'выбрать свидетеля', '...', 0, '2020-02-21 10:48:59', '2020-02-21 10:48:59'),
(1153, 0, 113, 31, 'заказать кольца', '...', 0, '2020-02-21 10:48:59', '2020-02-21 10:48:59'),
(1154, 0, 113, 32, 'подобрать костюм', '...', 0, '2020-02-21 10:48:59', '2020-02-21 10:48:59'),
(1155, 0, 113, 33, 'подобрать аксессуары', '...', 0, '2020-02-21 10:48:59', '2020-02-21 10:48:59'),
(1156, 0, 113, 34, 'записаться на техн.маникюр', '...', 0, '2020-02-21 10:48:59', '2020-02-21 10:48:59'),
(1157, 0, 113, 35, 'подобрать транспорт до места рег-ии', '...', 0, '2020-02-21 10:48:59', '2020-02-21 10:48:59'),
(1158, 0, 114, 36, 'выбрать место регистрации', '...', 0, '2020-02-21 10:48:59', '2020-02-21 10:48:59'),
(1159, 0, 114, 37, 'роспись в день банкета', '...', 0, '2020-02-21 10:48:59', '2020-02-21 10:48:59'),
(1160, 0, 114, 38, 'оформление места для выездой росписи', '...', 0, '2020-02-21 10:48:59', '2020-02-21 10:48:59'),
(1161, 0, 114, 39, 'подобрать место для выездной регистрации', '...', 0, '2020-02-21 10:48:59', '2020-02-21 10:48:59'),
(1162, 0, 114, 40, 'роспись в удобный день', '...', 0, '2020-02-21 10:48:59', '2020-02-21 10:48:59'),
(1163, 0, 114, 41, 'выездная роспись в день банкета', '...', 0, '2020-02-21 10:48:59', '2020-02-21 10:48:59'),
(1164, 0, 114, 42, 'оборудование для выездной росписи', '...', 0, '2020-02-21 10:48:59', '2020-02-21 10:48:59');
INSERT INTO `jobs` (`id`, `seqid`, `category_id`, `default_job_id`, `name`, `note`, `done`, `created_at`, `updated_at`) VALUES
(1165, 0, 114, 43, 'венчание', '...', 0, '2020-02-21 10:48:59', '2020-02-21 10:48:59'),
(1166, 0, 115, 44, 'организовать девичник', '...', 0, '2020-02-21 10:48:59', '2020-02-21 10:48:59'),
(1167, 0, 115, 45, 'подобрать платье', '...', 0, '2020-02-21 10:48:59', '2020-02-21 10:48:59'),
(1168, 0, 115, 46, 'записаться к визажисту', '...', 0, '2020-02-21 10:48:59', '2020-02-21 10:48:59'),
(1169, 0, 115, 47, 'записаться на педикюр', '...', 0, '2020-02-21 10:48:59', '2020-02-21 10:48:59'),
(1170, 0, 115, 48, 'взять с собой расписание свадьбы', '...', 0, '2020-02-21 10:48:59', '2020-02-21 10:48:59'),
(1171, 0, 115, 49, 'организовать выкуп невесты', '...', 0, '2020-02-21 10:48:59', '2020-02-21 10:48:59'),
(1172, 0, 115, 50, 'записаться к парикмахеру', '...', 0, '2020-02-21 10:48:59', '2020-02-21 10:48:59'),
(1173, 0, 115, 51, 'записаться на маникюр', '...', 0, '2020-02-21 10:48:59', '2020-02-21 10:48:59'),
(1174, 0, 115, 52, 'подготовить рем-комплект невесты', '...', 0, '2020-02-21 10:48:59', '2020-02-21 10:48:59'),
(1175, 0, 116, 53, 'организовать мальчишник', '...', 0, '2020-02-21 10:48:59', '2020-02-21 10:48:59'),
(1176, 0, 116, 54, 'подобрать костюм', '...', 0, '2020-02-21 10:48:59', '2020-02-21 10:48:59'),
(1177, 0, 116, 55, 'записаться к парикмахеру', '...', 0, '2020-02-21 10:48:59', '2020-02-21 10:48:59'),
(1178, 0, 116, 56, 'хранить кольца до регистрации', '...', 0, '2020-02-21 10:48:59', '2020-02-21 10:48:59'),
(1179, 0, 116, 57, 'подготовится к выкупу', '...', 0, '2020-02-21 10:48:59', '2020-02-21 10:48:59'),
(1180, 0, 116, 58, 'подобрать аксессуары', '...', 0, '2020-02-21 10:48:59', '2020-02-21 10:48:59'),
(1181, 0, 116, 59, 'подготовить рем-комплект жениха', '...', 0, '2020-02-21 10:48:59', '2020-02-21 10:48:59'),
(1182, 0, 116, 60, 'взять с собой расписание свадьбы', '...', 0, '2020-02-21 10:48:59', '2020-02-21 10:48:59'),
(1183, 0, 117, 61, 'поставить первый танец', '...', 0, '2020-02-21 10:48:59', '2020-02-21 10:48:59'),
(1184, 0, 117, 62, 'свечи и подсвечники', '...', 0, '2020-02-21 10:48:59', '2020-02-21 10:48:59'),
(1185, 0, 117, 63, 'иконы', '...', 0, '2020-02-21 10:48:59', '2020-02-21 10:48:59'),
(1186, 0, 117, 64, 'нож и лопатка для торта', '...', 0, '2020-02-21 10:48:59', '2020-02-21 10:48:59'),
(1187, 0, 117, 65, 'сувенирное шампанское', '...', 0, '2020-02-21 10:48:59', '2020-02-21 10:48:59'),
(1188, 0, 117, 66, 'аксессуары для сбора денег', '...', 0, '2020-02-21 10:48:59', '2020-02-21 10:48:59'),
(1189, 0, 117, 67, 'портативная зарядка (Powerbank)', '...', 0, '2020-02-21 10:48:59', '2020-02-21 10:48:59'),
(1190, 0, 117, 68, 'заказать пригласительные', '...', 0, '2020-02-21 10:48:59', '2020-02-21 10:48:59'),
(1191, 0, 117, 69, 'бокалы для битья', '...', 0, '2020-02-21 10:48:59', '2020-02-21 10:48:59'),
(1192, 0, 117, 70, 'рушники', '...', 0, '2020-02-21 10:48:59', '2020-02-21 10:48:59'),
(1193, 0, 117, 71, 'фигурки на торт', '...', 0, '2020-02-21 10:48:59', '2020-02-21 10:48:59'),
(1194, 0, 117, 72, 'памятные подарки гостям', '...', 0, '2020-02-21 10:48:59', '2020-02-21 10:48:59'),
(1195, 0, 117, 73, 'аксессуар для сбора подарков', '...', 0, '2020-02-21 10:48:59', '2020-02-21 10:48:59'),
(1196, 0, 118, 74, 'подобрать фотографа', '...', 0, '2020-02-21 10:48:59', '2020-02-21 10:48:59'),
(1197, 0, 118, 75, 'выбрать места фото-сессии', '...', 0, '2020-02-21 10:48:59', '2020-02-21 10:48:59'),
(1198, 0, 118, 76, 'транспорт на фото-сессию', '...', 0, '2020-02-21 10:48:59', '2020-02-21 10:48:59'),
(1199, 0, 118, 77, 'подобрать видеографа', '...', 0, '2020-02-21 10:48:59', '2020-02-21 10:48:59'),
(1200, 0, 118, 78, 'снять Love Story', '...', 0, '2020-02-21 10:48:59', '2020-02-21 10:48:59'),
(1201, 0, 118, 79, 'Фото-сессия после свадьбы', '...', 0, '2020-02-21 10:48:59', '2020-02-21 10:48:59'),
(1202, 0, 119, 1, 'составить список гостей', '...', 0, '2020-02-21 10:54:42', '2020-02-21 10:54:42'),
(1203, 0, 119, 2, 'подобрать место проведения банкета', '...', 0, '2020-02-21 10:54:42', '2020-02-21 10:54:42'),
(1204, 0, 119, 3, 'продумать оформление зала', '...', 0, '2020-02-21 10:54:42', '2020-02-21 10:54:42'),
(1205, 0, 119, 4, 'подобрать ведущего', '...', 0, '2020-02-21 10:54:42', '2020-02-21 10:54:42'),
(1206, 0, 119, 5, 'подобрать музыкантов вечера', '...', 0, '2020-02-21 10:54:42', '2020-02-21 10:54:42'),
(1207, 0, 119, 6, 'арендовать оборудование', '...', 0, '2020-02-21 10:54:42', '2020-02-21 10:54:42'),
(1208, 0, 119, 7, 'подобрать звукооператора', '...', 0, '2020-02-21 10:54:42', '2020-02-21 10:54:42'),
(1209, 0, 119, 8, 'выбрать шоу-программу', '...', 0, '2020-02-21 10:54:42', '2020-02-21 10:54:42'),
(1210, 0, 119, 9, 'продумать оформление первого танца', '...', 0, '2020-02-21 10:54:42', '2020-02-21 10:54:42'),
(1211, 0, 119, 10, 'составить меню банкета', '...', 0, '2020-02-21 10:54:42', '2020-02-21 10:54:42'),
(1212, 0, 119, 11, 'заказать свадебный торт', '...', 0, '2020-02-21 10:54:42', '2020-02-21 10:54:42'),
(1213, 0, 119, 12, 'заказать каравай', '...', 0, '2020-02-21 10:54:42', '2020-02-21 10:54:42'),
(1214, 0, 119, 13, 'заказать напитки', '...', 0, '2020-02-21 10:54:42', '2020-02-21 10:54:42'),
(1215, 0, 120, 14, 'найти жениха', '...', 0, '2020-02-21 10:54:42', '2020-02-21 10:54:42'),
(1216, 0, 120, 15, 'выбрать туфли', '...', 0, '2020-02-21 10:54:42', '2020-02-21 10:54:42'),
(1217, 0, 120, 16, 'записаться к парихмахеру', '...', 0, '2020-02-21 10:54:42', '2020-02-21 10:54:42'),
(1218, 0, 120, 17, 'записаться на маникюр', '...', 0, '2020-02-21 10:54:42', '2020-02-21 10:54:42'),
(1219, 0, 120, 18, 'выбрать свидетельницу', '...', 0, '2020-02-21 10:54:42', '2020-02-21 10:54:42'),
(1220, 0, 120, 19, 'подобрать аксессуары', '...', 0, '2020-02-21 10:54:42', '2020-02-21 10:54:42'),
(1221, 0, 120, 20, 'транспорт до места регистрации', '...', 0, '2020-02-21 10:54:42', '2020-02-21 10:54:42'),
(1222, 0, 120, 21, 'выбрать платье', '...', 0, '2020-02-21 10:54:42', '2020-02-21 10:54:42'),
(1223, 0, 120, 22, 'заказать букет', '...', 0, '2020-02-21 10:54:42', '2020-02-21 10:54:42'),
(1224, 0, 120, 23, 'записаться к визажисту', '...', 0, '2020-02-21 10:54:42', '2020-02-21 10:54:42'),
(1225, 0, 120, 24, 'записаться на педикюр', '...', 0, '2020-02-21 10:54:42', '2020-02-21 10:54:42'),
(1226, 0, 120, 25, 'выбрать фоту', '...', 0, '2020-02-21 10:54:42', '2020-02-21 10:54:42'),
(1227, 0, 120, 26, 'вторая обувь', '...', 0, '2020-02-21 10:54:42', '2020-02-21 10:54:42'),
(1228, 0, 121, 27, 'найти невесту', '...', 0, '2020-02-21 10:54:42', '2020-02-21 10:54:42'),
(1229, 0, 121, 28, 'подобрать туфли', '...', 0, '2020-02-21 10:54:42', '2020-02-21 10:54:42'),
(1230, 0, 121, 29, 'записаться к парикмахеру', '...', 0, '2020-02-21 10:54:42', '2020-02-21 10:54:42'),
(1231, 0, 121, 30, 'выбрать свидетеля', '...', 0, '2020-02-21 10:54:42', '2020-02-21 10:54:42'),
(1232, 0, 121, 31, 'заказать кольца', '...', 0, '2020-02-21 10:54:42', '2020-02-21 10:54:42'),
(1233, 0, 121, 32, 'подобрать костюм', '...', 0, '2020-02-21 10:54:42', '2020-02-21 10:54:42'),
(1234, 0, 121, 33, 'подобрать аксессуары', '...', 0, '2020-02-21 10:54:42', '2020-02-21 10:54:42'),
(1235, 0, 121, 34, 'записаться на техн.маникюр', '...', 0, '2020-02-21 10:54:42', '2020-02-21 10:54:42'),
(1236, 0, 121, 35, 'подобрать транспорт до места рег-ии', '...', 0, '2020-02-21 10:54:42', '2020-02-21 10:54:42'),
(1237, 0, 122, 36, 'выбрать место регистрации', '...', 0, '2020-02-21 10:54:42', '2020-02-21 10:54:42'),
(1238, 0, 122, 37, 'роспись в день банкета', '...', 0, '2020-02-21 10:54:42', '2020-02-21 10:54:42'),
(1239, 0, 122, 38, 'оформление места для выездой росписи', '...', 0, '2020-02-21 10:54:42', '2020-02-21 10:54:42'),
(1240, 0, 122, 39, 'подобрать место для выездной регистрации', '...', 0, '2020-02-21 10:54:42', '2020-02-21 10:54:42'),
(1241, 0, 122, 40, 'роспись в удобный день', '...', 0, '2020-02-21 10:54:42', '2020-02-21 10:54:42'),
(1242, 0, 122, 41, 'выездная роспись в день банкета', '...', 0, '2020-02-21 10:54:42', '2020-02-21 10:54:42'),
(1243, 0, 122, 42, 'оборудование для выездной росписи', '...', 0, '2020-02-21 10:54:42', '2020-02-21 10:54:42'),
(1244, 0, 122, 43, 'венчание', '...', 0, '2020-02-21 10:54:42', '2020-02-21 10:54:42'),
(1245, 0, 123, 44, 'организовать девичник', '...', 0, '2020-02-21 10:54:42', '2020-02-21 10:54:42'),
(1246, 0, 123, 45, 'подобрать платье', '...', 0, '2020-02-21 10:54:42', '2020-02-21 10:54:42'),
(1247, 0, 123, 46, 'записаться к визажисту', '...', 0, '2020-02-21 10:54:42', '2020-02-21 10:54:42'),
(1248, 0, 123, 47, 'записаться на педикюр', '...', 0, '2020-02-21 10:54:42', '2020-02-21 10:54:42'),
(1249, 0, 123, 48, 'взять с собой расписание свадьбы', '...', 0, '2020-02-21 10:54:42', '2020-02-21 10:54:42'),
(1250, 0, 123, 49, 'организовать выкуп невесты', '...', 0, '2020-02-21 10:54:42', '2020-02-21 10:54:42'),
(1251, 0, 123, 50, 'записаться к парикмахеру', '...', 0, '2020-02-21 10:54:42', '2020-02-21 10:54:42'),
(1252, 0, 123, 51, 'записаться на маникюр', '...', 0, '2020-02-21 10:54:42', '2020-02-21 10:54:42'),
(1253, 0, 123, 52, 'подготовить рем-комплект невесты', '...', 0, '2020-02-21 10:54:42', '2020-02-21 10:54:42'),
(1254, 0, 124, 53, 'организовать мальчишник', '...', 0, '2020-02-21 10:54:42', '2020-02-21 10:54:42'),
(1255, 0, 124, 54, 'подобрать костюм', '...', 0, '2020-02-21 10:54:42', '2020-02-21 10:54:42'),
(1256, 0, 124, 55, 'записаться к парикмахеру', '...', 0, '2020-02-21 10:54:42', '2020-02-21 10:54:42'),
(1257, 0, 124, 56, 'хранить кольца до регистрации', '...', 0, '2020-02-21 10:54:42', '2020-02-21 10:54:42'),
(1258, 0, 124, 57, 'подготовится к выкупу', '...', 0, '2020-02-21 10:54:42', '2020-02-21 10:54:42'),
(1259, 0, 124, 58, 'подобрать аксессуары', '...', 0, '2020-02-21 10:54:42', '2020-02-21 10:54:42'),
(1260, 0, 124, 59, 'подготовить рем-комплект жениха', '...', 0, '2020-02-21 10:54:42', '2020-02-21 10:54:42'),
(1261, 0, 124, 60, 'взять с собой расписание свадьбы', '...', 0, '2020-02-21 10:54:42', '2020-02-21 10:54:42'),
(1262, 0, 125, 61, 'поставить первый танец', '...', 0, '2020-02-21 10:54:42', '2020-02-21 10:54:42'),
(1263, 0, 125, 62, 'свечи и подсвечники', '...', 0, '2020-02-21 10:54:42', '2020-02-21 10:54:42'),
(1264, 0, 125, 63, 'иконы', '...', 0, '2020-02-21 10:54:42', '2020-02-21 10:54:42'),
(1265, 0, 125, 64, 'нож и лопатка для торта', '...', 0, '2020-02-21 10:54:42', '2020-02-21 10:54:42'),
(1266, 0, 125, 65, 'сувенирное шампанское', '...', 0, '2020-02-21 10:54:42', '2020-02-21 10:54:42'),
(1267, 0, 125, 66, 'аксессуары для сбора денег', '...', 0, '2020-02-21 10:54:42', '2020-02-21 10:54:42'),
(1268, 0, 125, 67, 'портативная зарядка (Powerbank)', '...', 0, '2020-02-21 10:54:42', '2020-02-21 10:54:42'),
(1269, 0, 125, 68, 'заказать пригласительные', '...', 0, '2020-02-21 10:54:42', '2020-02-21 10:54:42'),
(1270, 0, 125, 69, 'бокалы для битья', '...', 0, '2020-02-21 10:54:42', '2020-02-21 10:54:42'),
(1271, 0, 125, 70, 'рушники', '...', 0, '2020-02-21 10:54:42', '2020-02-21 10:54:42'),
(1272, 0, 125, 71, 'фигурки на торт', '...', 0, '2020-02-21 10:54:42', '2020-02-21 10:54:42'),
(1273, 0, 125, 72, 'памятные подарки гостям', '...', 0, '2020-02-21 10:54:42', '2020-02-21 10:54:42'),
(1274, 0, 125, 73, 'аксессуар для сбора подарков', '...', 0, '2020-02-21 10:54:42', '2020-02-21 10:54:42'),
(1275, 0, 126, 74, 'подобрать фотографа', '...', 0, '2020-02-21 10:54:42', '2020-02-21 10:54:42'),
(1276, 0, 126, 75, 'выбрать места фото-сессии', '...', 0, '2020-02-21 10:54:42', '2020-02-21 10:54:42'),
(1277, 0, 126, 76, 'транспорт на фото-сессию', '...', 0, '2020-02-21 10:54:42', '2020-02-21 10:54:42'),
(1278, 0, 126, 77, 'подобрать видеографа', '...', 0, '2020-02-21 10:54:42', '2020-02-21 10:54:42'),
(1279, 0, 126, 78, 'снять Love Story', '...', 0, '2020-02-21 10:54:42', '2020-02-21 10:54:42'),
(1280, 0, 126, 79, 'Фото-сессия после свадьбы', '...', 0, '2020-02-21 10:54:42', '2020-02-21 10:54:42'),
(1281, 0, 127, 1, 'составить список гостей', '...', 0, '2020-02-21 10:55:41', '2020-02-21 10:55:41'),
(1282, 0, 127, 2, 'подобрать место проведения банкета', '...', 0, '2020-02-21 10:55:41', '2020-02-21 10:55:41'),
(1283, 0, 127, 3, 'продумать оформление зала', '...', 0, '2020-02-21 10:55:41', '2020-02-21 10:55:41'),
(1284, 0, 127, 4, 'подобрать ведущего', '...', 0, '2020-02-21 10:55:41', '2020-02-21 10:55:41'),
(1285, 0, 127, 5, 'подобрать музыкантов вечера', '...', 0, '2020-02-21 10:55:41', '2020-02-21 10:55:41'),
(1286, 0, 127, 6, 'арендовать оборудование', '...', 0, '2020-02-21 10:55:41', '2020-02-21 10:55:41'),
(1287, 0, 127, 7, 'подобрать звукооператора', '...', 0, '2020-02-21 10:55:41', '2020-02-21 10:55:41'),
(1288, 0, 127, 8, 'выбрать шоу-программу', '...', 0, '2020-02-21 10:55:41', '2020-02-21 10:55:41'),
(1289, 0, 127, 9, 'продумать оформление первого танца', '...', 0, '2020-02-21 10:55:41', '2020-02-21 10:55:41'),
(1290, 0, 127, 10, 'составить меню банкета', '...', 0, '2020-02-21 10:55:41', '2020-02-21 10:55:41'),
(1291, 0, 127, 11, 'заказать свадебный торт', '...', 0, '2020-02-21 10:55:41', '2020-02-21 10:55:41'),
(1292, 0, 127, 12, 'заказать каравай', '...', 0, '2020-02-21 10:55:41', '2020-02-21 10:55:41'),
(1293, 0, 127, 13, 'заказать напитки', '...', 0, '2020-02-21 10:55:41', '2020-02-21 10:55:41'),
(1294, 0, 128, 14, 'найти жениха', '...', 0, '2020-02-21 10:55:41', '2020-02-21 10:55:41'),
(1295, 0, 128, 15, 'выбрать туфли', '...', 0, '2020-02-21 10:55:41', '2020-02-21 10:55:41'),
(1296, 0, 128, 16, 'записаться к парихмахеру', '...', 0, '2020-02-21 10:55:41', '2020-02-21 10:55:41'),
(1297, 0, 128, 17, 'записаться на маникюр', '...', 0, '2020-02-21 10:55:41', '2020-02-21 10:55:41'),
(1298, 0, 128, 18, 'выбрать свидетельницу', '...', 0, '2020-02-21 10:55:41', '2020-02-21 10:55:41'),
(1299, 0, 128, 19, 'подобрать аксессуары', '...', 0, '2020-02-21 10:55:41', '2020-02-21 10:55:41'),
(1300, 0, 128, 20, 'транспорт до места регистрации', '...', 0, '2020-02-21 10:55:41', '2020-02-21 10:55:41'),
(1301, 0, 128, 21, 'выбрать платье', '...', 0, '2020-02-21 10:55:41', '2020-02-21 10:55:41'),
(1302, 0, 128, 22, 'заказать букет', '...', 0, '2020-02-21 10:55:41', '2020-02-21 10:55:41'),
(1303, 0, 128, 23, 'записаться к визажисту', '...', 0, '2020-02-21 10:55:41', '2020-02-21 10:55:41'),
(1304, 0, 128, 24, 'записаться на педикюр', '...', 0, '2020-02-21 10:55:41', '2020-02-21 10:55:41'),
(1305, 0, 128, 25, 'выбрать фоту', '...', 0, '2020-02-21 10:55:41', '2020-02-21 10:55:41'),
(1306, 0, 128, 26, 'вторая обувь', '...', 0, '2020-02-21 10:55:41', '2020-02-21 10:55:41'),
(1307, 0, 129, 27, 'найти невесту', '...', 0, '2020-02-21 10:55:41', '2020-02-21 10:55:41'),
(1308, 0, 129, 28, 'подобрать туфли', '...', 0, '2020-02-21 10:55:41', '2020-02-21 10:55:41'),
(1309, 0, 129, 29, 'записаться к парикмахеру', '...', 0, '2020-02-21 10:55:41', '2020-02-21 10:55:41'),
(1310, 0, 129, 30, 'выбрать свидетеля', '...', 0, '2020-02-21 10:55:41', '2020-02-21 10:55:41'),
(1311, 0, 129, 31, 'заказать кольца', '...', 0, '2020-02-21 10:55:41', '2020-02-21 10:55:41'),
(1312, 0, 129, 32, 'подобрать костюм', '...', 0, '2020-02-21 10:55:41', '2020-02-21 10:55:41'),
(1313, 0, 129, 33, 'подобрать аксессуары', '...', 0, '2020-02-21 10:55:41', '2020-02-21 10:55:41'),
(1314, 0, 129, 34, 'записаться на техн.маникюр', '...', 0, '2020-02-21 10:55:41', '2020-02-21 10:55:41'),
(1315, 0, 129, 35, 'подобрать транспорт до места рег-ии', '...', 0, '2020-02-21 10:55:41', '2020-02-21 10:55:41'),
(1316, 0, 130, 36, 'выбрать место регистрации', '...', 0, '2020-02-21 10:55:41', '2020-02-21 10:55:41'),
(1317, 0, 130, 37, 'роспись в день банкета', '...', 0, '2020-02-21 10:55:41', '2020-02-21 10:55:41'),
(1318, 0, 130, 38, 'оформление места для выездой росписи', '...', 0, '2020-02-21 10:55:41', '2020-02-21 10:55:41'),
(1319, 0, 130, 39, 'подобрать место для выездной регистрации', '...', 0, '2020-02-21 10:55:41', '2020-02-21 10:55:41'),
(1320, 0, 130, 40, 'роспись в удобный день', '...', 0, '2020-02-21 10:55:41', '2020-02-21 10:55:41'),
(1321, 0, 130, 41, 'выездная роспись в день банкета', '...', 0, '2020-02-21 10:55:41', '2020-02-21 10:55:41'),
(1322, 0, 130, 42, 'оборудование для выездной росписи', '...', 0, '2020-02-21 10:55:41', '2020-02-21 10:55:41'),
(1323, 0, 130, 43, 'венчание', '...', 0, '2020-02-21 10:55:41', '2020-02-21 10:55:41'),
(1324, 0, 131, 44, 'организовать девичник', '...', 0, '2020-02-21 10:55:41', '2020-02-21 10:55:41'),
(1325, 0, 131, 45, 'подобрать платье', '...', 0, '2020-02-21 10:55:41', '2020-02-21 10:55:41'),
(1326, 0, 131, 46, 'записаться к визажисту', '...', 0, '2020-02-21 10:55:41', '2020-02-21 10:55:41'),
(1327, 0, 131, 47, 'записаться на педикюр', '...', 0, '2020-02-21 10:55:41', '2020-02-21 10:55:41'),
(1328, 0, 131, 48, 'взять с собой расписание свадьбы', '...', 0, '2020-02-21 10:55:41', '2020-02-21 10:55:41'),
(1329, 0, 131, 49, 'организовать выкуп невесты', '...', 0, '2020-02-21 10:55:41', '2020-02-21 10:55:41'),
(1330, 0, 131, 50, 'записаться к парикмахеру', '...', 0, '2020-02-21 10:55:41', '2020-02-21 10:55:41'),
(1331, 0, 131, 51, 'записаться на маникюр', '...', 0, '2020-02-21 10:55:41', '2020-02-21 10:55:41'),
(1332, 0, 131, 52, 'подготовить рем-комплект невесты', '...', 0, '2020-02-21 10:55:41', '2020-02-21 10:55:41'),
(1333, 0, 132, 53, 'организовать мальчишник', '...', 0, '2020-02-21 10:55:41', '2020-02-21 10:55:41'),
(1334, 0, 132, 54, 'подобрать костюм', '...', 0, '2020-02-21 10:55:41', '2020-02-21 10:55:41'),
(1335, 0, 132, 55, 'записаться к парикмахеру', '...', 0, '2020-02-21 10:55:41', '2020-02-21 10:55:41'),
(1336, 0, 132, 56, 'хранить кольца до регистрации', '...', 0, '2020-02-21 10:55:41', '2020-02-21 10:55:41'),
(1337, 0, 132, 57, 'подготовится к выкупу', '...', 0, '2020-02-21 10:55:41', '2020-02-21 10:55:41'),
(1338, 0, 132, 58, 'подобрать аксессуары', '...', 0, '2020-02-21 10:55:41', '2020-02-21 10:55:41'),
(1339, 0, 132, 59, 'подготовить рем-комплект жениха', '...', 0, '2020-02-21 10:55:41', '2020-02-21 10:55:41'),
(1340, 0, 132, 60, 'взять с собой расписание свадьбы', '...', 0, '2020-02-21 10:55:41', '2020-02-21 10:55:41'),
(1341, 0, 133, 61, 'поставить первый танец', '...', 0, '2020-02-21 10:55:41', '2020-02-21 10:55:41'),
(1342, 0, 133, 62, 'свечи и подсвечники', '...', 0, '2020-02-21 10:55:41', '2020-02-21 10:55:41'),
(1343, 0, 133, 63, 'иконы', '...', 0, '2020-02-21 10:55:41', '2020-02-21 10:55:41'),
(1344, 0, 133, 64, 'нож и лопатка для торта', '...', 0, '2020-02-21 10:55:41', '2020-02-21 10:55:41'),
(1345, 0, 133, 65, 'сувенирное шампанское', '...', 0, '2020-02-21 10:55:41', '2020-02-21 10:55:41'),
(1346, 0, 133, 66, 'аксессуары для сбора денег', '...', 0, '2020-02-21 10:55:41', '2020-02-21 10:55:41'),
(1347, 0, 133, 67, 'портативная зарядка (Powerbank)', '...', 0, '2020-02-21 10:55:41', '2020-02-21 10:55:41'),
(1348, 0, 133, 68, 'заказать пригласительные', '...', 0, '2020-02-21 10:55:41', '2020-02-21 10:55:41'),
(1349, 0, 133, 69, 'бокалы для битья', '...', 0, '2020-02-21 10:55:41', '2020-02-21 10:55:41'),
(1350, 0, 133, 70, 'рушники', '...', 0, '2020-02-21 10:55:41', '2020-02-21 10:55:41'),
(1351, 0, 133, 71, 'фигурки на торт', '...', 0, '2020-02-21 10:55:41', '2020-02-21 10:55:41'),
(1352, 0, 133, 72, 'памятные подарки гостям', '...', 0, '2020-02-21 10:55:41', '2020-02-21 10:55:41'),
(1353, 0, 133, 73, 'аксессуар для сбора подарков', '...', 0, '2020-02-21 10:55:41', '2020-02-21 10:55:41'),
(1354, 0, 134, 74, 'подобрать фотографа', '...', 0, '2020-02-21 10:55:41', '2020-02-21 10:55:41'),
(1355, 0, 134, 75, 'выбрать места фото-сессии', '...', 0, '2020-02-21 10:55:41', '2020-02-21 10:55:41'),
(1356, 0, 134, 76, 'транспорт на фото-сессию', '...', 0, '2020-02-21 10:55:41', '2020-02-21 10:55:41'),
(1357, 0, 134, 77, 'подобрать видеографа', '...', 0, '2020-02-21 10:55:41', '2020-02-21 10:55:41'),
(1358, 0, 134, 78, 'снять Love Story', '...', 0, '2020-02-21 10:55:41', '2020-02-21 10:55:41'),
(1359, 0, 134, 79, 'Фото-сессия после свадьбы', '...', 0, '2020-02-21 10:55:41', '2020-02-21 10:55:41'),
(1360, 0, 135, 1, 'составить список гостей', '...', 0, '2020-02-21 11:04:37', '2020-02-21 11:04:37'),
(1361, 0, 135, 2, 'подобрать место проведения банкета', '...', 0, '2020-02-21 11:04:37', '2020-02-21 11:04:37'),
(1362, 0, 135, 3, 'продумать оформление зала', '...', 0, '2020-02-21 11:04:37', '2020-02-21 11:04:37'),
(1363, 0, 135, 4, 'подобрать ведущего', '...', 0, '2020-02-21 11:04:37', '2020-02-21 11:04:37'),
(1364, 0, 135, 5, 'подобрать музыкантов вечера', '...', 0, '2020-02-21 11:04:37', '2020-02-21 11:04:37'),
(1365, 0, 135, 6, 'арендовать оборудование', '...', 0, '2020-02-21 11:04:37', '2020-02-21 11:04:37'),
(1366, 0, 135, 7, 'подобрать звукооператора', '...', 0, '2020-02-21 11:04:37', '2020-02-21 11:04:37'),
(1367, 0, 135, 8, 'выбрать шоу-программу', '...', 0, '2020-02-21 11:04:37', '2020-02-21 11:04:37'),
(1368, 0, 135, 9, 'продумать оформление первого танца', '...', 0, '2020-02-21 11:04:37', '2020-02-21 11:04:37'),
(1369, 0, 135, 10, 'составить меню банкета', '...', 0, '2020-02-21 11:04:37', '2020-02-21 11:04:37'),
(1370, 0, 135, 11, 'заказать свадебный торт', '...', 0, '2020-02-21 11:04:37', '2020-02-21 11:04:37'),
(1371, 0, 135, 12, 'заказать каравай', '...', 0, '2020-02-21 11:04:37', '2020-02-21 11:04:37'),
(1372, 0, 135, 13, 'заказать напитки', '...', 0, '2020-02-21 11:04:37', '2020-02-21 11:04:37'),
(1373, 0, 136, 14, 'найти жениха', '...', 0, '2020-02-21 11:04:37', '2020-02-21 11:04:37'),
(1374, 0, 136, 15, 'выбрать туфли', '...', 0, '2020-02-21 11:04:37', '2020-02-21 11:04:37'),
(1375, 0, 136, 16, 'записаться к парихмахеру', '...', 0, '2020-02-21 11:04:37', '2020-02-21 11:04:37'),
(1376, 0, 136, 17, 'записаться на маникюр', '...', 0, '2020-02-21 11:04:37', '2020-02-21 11:04:37'),
(1377, 0, 136, 18, 'выбрать свидетельницу', '...', 0, '2020-02-21 11:04:37', '2020-02-21 11:04:37'),
(1378, 0, 136, 19, 'подобрать аксессуары', '...', 0, '2020-02-21 11:04:37', '2020-02-21 11:04:37'),
(1379, 0, 136, 20, 'транспорт до места регистрации', '...', 0, '2020-02-21 11:04:37', '2020-02-21 11:04:37'),
(1380, 0, 136, 21, 'выбрать платье', '...', 0, '2020-02-21 11:04:37', '2020-02-21 11:04:37'),
(1381, 0, 136, 22, 'заказать букет', '...', 0, '2020-02-21 11:04:37', '2020-02-21 11:04:37'),
(1382, 0, 136, 23, 'записаться к визажисту', '...', 0, '2020-02-21 11:04:37', '2020-02-21 11:04:37'),
(1383, 0, 136, 24, 'записаться на педикюр', '...', 0, '2020-02-21 11:04:37', '2020-02-21 11:04:37'),
(1384, 0, 136, 25, 'выбрать фоту', '...', 0, '2020-02-21 11:04:37', '2020-02-21 11:04:37'),
(1385, 0, 136, 26, 'вторая обувь', '...', 0, '2020-02-21 11:04:37', '2020-02-21 11:04:37'),
(1386, 0, 137, 27, 'найти невесту', '...', 0, '2020-02-21 11:04:37', '2020-02-21 11:04:37'),
(1387, 0, 137, 28, 'подобрать туфли', '...', 0, '2020-02-21 11:04:37', '2020-02-21 11:04:37'),
(1388, 0, 137, 29, 'записаться к парикмахеру', '...', 0, '2020-02-21 11:04:37', '2020-02-21 11:04:37'),
(1389, 0, 137, 30, 'выбрать свидетеля', '...', 0, '2020-02-21 11:04:37', '2020-02-21 11:04:37'),
(1390, 0, 137, 31, 'заказать кольца', '...', 0, '2020-02-21 11:04:37', '2020-02-21 11:04:37'),
(1391, 0, 137, 32, 'подобрать костюм', '...', 0, '2020-02-21 11:04:37', '2020-02-21 11:04:37'),
(1392, 0, 137, 33, 'подобрать аксессуары', '...', 0, '2020-02-21 11:04:37', '2020-02-21 11:04:37'),
(1393, 0, 137, 34, 'записаться на техн.маникюр', '...', 0, '2020-02-21 11:04:37', '2020-02-21 11:04:37'),
(1394, 0, 137, 35, 'подобрать транспорт до места рег-ии', '...', 0, '2020-02-21 11:04:37', '2020-02-21 11:04:37'),
(1395, 0, 138, 36, 'выбрать место регистрации', '...', 0, '2020-02-21 11:04:37', '2020-02-21 11:04:37'),
(1396, 0, 138, 37, 'роспись в день банкета', '...', 0, '2020-02-21 11:04:37', '2020-02-21 11:04:37'),
(1397, 0, 138, 38, 'оформление места для выездой росписи', '...', 0, '2020-02-21 11:04:37', '2020-02-21 11:04:37'),
(1398, 0, 138, 39, 'подобрать место для выездной регистрации', '...', 0, '2020-02-21 11:04:37', '2020-02-21 11:04:37'),
(1399, 0, 138, 40, 'роспись в удобный день', '...', 0, '2020-02-21 11:04:37', '2020-02-21 11:04:37'),
(1400, 0, 138, 41, 'выездная роспись в день банкета', '...', 0, '2020-02-21 11:04:37', '2020-02-21 11:04:37'),
(1401, 0, 138, 42, 'оборудование для выездной росписи', '...', 0, '2020-02-21 11:04:37', '2020-02-21 11:04:37'),
(1402, 0, 138, 43, 'венчание', '...', 0, '2020-02-21 11:04:37', '2020-02-21 11:04:37'),
(1403, 0, 139, 44, 'организовать девичник', '...', 0, '2020-02-21 11:04:37', '2020-02-21 11:04:37'),
(1404, 0, 139, 45, 'подобрать платье', '...', 0, '2020-02-21 11:04:37', '2020-02-21 11:04:37'),
(1405, 0, 139, 46, 'записаться к визажисту', '...', 0, '2020-02-21 11:04:37', '2020-02-21 11:04:37'),
(1406, 0, 139, 47, 'записаться на педикюр', '...', 0, '2020-02-21 11:04:37', '2020-02-21 11:04:37'),
(1407, 0, 139, 48, 'взять с собой расписание свадьбы', '...', 0, '2020-02-21 11:04:37', '2020-02-21 11:04:37'),
(1408, 0, 139, 49, 'организовать выкуп невесты', '...', 0, '2020-02-21 11:04:37', '2020-02-21 11:04:37'),
(1409, 0, 139, 50, 'записаться к парикмахеру', '...', 0, '2020-02-21 11:04:37', '2020-02-21 11:04:37'),
(1410, 0, 139, 51, 'записаться на маникюр', '...', 0, '2020-02-21 11:04:37', '2020-02-21 11:04:37'),
(1411, 0, 139, 52, 'подготовить рем-комплект невесты', '...', 0, '2020-02-21 11:04:37', '2020-02-21 11:04:37'),
(1412, 0, 140, 53, 'организовать мальчишник', '...', 0, '2020-02-21 11:04:37', '2020-02-21 11:04:37'),
(1413, 0, 140, 54, 'подобрать костюм', '...', 0, '2020-02-21 11:04:37', '2020-02-21 11:04:37'),
(1414, 0, 140, 55, 'записаться к парикмахеру', '...', 0, '2020-02-21 11:04:37', '2020-02-21 11:04:37'),
(1415, 0, 140, 56, 'хранить кольца до регистрации', '...', 0, '2020-02-21 11:04:37', '2020-02-21 11:04:37'),
(1416, 0, 140, 57, 'подготовится к выкупу', '...', 0, '2020-02-21 11:04:37', '2020-02-21 11:04:37'),
(1417, 0, 140, 58, 'подобрать аксессуары', '...', 0, '2020-02-21 11:04:37', '2020-02-21 11:04:37'),
(1418, 0, 140, 59, 'подготовить рем-комплект жениха', '...', 0, '2020-02-21 11:04:37', '2020-02-21 11:04:37'),
(1419, 0, 140, 60, 'взять с собой расписание свадьбы', '...', 0, '2020-02-21 11:04:37', '2020-02-21 11:04:37'),
(1420, 0, 141, 61, 'поставить первый танец', '...', 0, '2020-02-21 11:04:37', '2020-02-21 11:04:37'),
(1421, 0, 141, 62, 'свечи и подсвечники', '...', 0, '2020-02-21 11:04:37', '2020-02-21 11:04:37'),
(1422, 0, 141, 63, 'иконы', '...', 0, '2020-02-21 11:04:37', '2020-02-21 11:04:37'),
(1423, 0, 141, 64, 'нож и лопатка для торта', '...', 0, '2020-02-21 11:04:37', '2020-02-21 11:04:37'),
(1424, 0, 141, 65, 'сувенирное шампанское', '...', 0, '2020-02-21 11:04:37', '2020-02-21 11:04:37'),
(1425, 0, 141, 66, 'аксессуары для сбора денег', '...', 0, '2020-02-21 11:04:37', '2020-02-21 11:04:37'),
(1426, 0, 141, 67, 'портативная зарядка (Powerbank)', '...', 0, '2020-02-21 11:04:37', '2020-02-21 11:04:37'),
(1427, 0, 141, 68, 'заказать пригласительные', '...', 0, '2020-02-21 11:04:37', '2020-02-21 11:04:37'),
(1428, 0, 141, 69, 'бокалы для битья', '...', 0, '2020-02-21 11:04:37', '2020-02-21 11:04:37'),
(1429, 0, 141, 70, 'рушники', '...', 0, '2020-02-21 11:04:37', '2020-02-21 11:04:37'),
(1430, 0, 141, 71, 'фигурки на торт', '...', 0, '2020-02-21 11:04:37', '2020-02-21 11:04:37'),
(1431, 0, 141, 72, 'памятные подарки гостям', '...', 0, '2020-02-21 11:04:37', '2020-02-21 11:04:37'),
(1432, 0, 141, 73, 'аксессуар для сбора подарков', '...', 0, '2020-02-21 11:04:37', '2020-02-21 11:04:37'),
(1433, 0, 142, 74, 'подобрать фотографа', '...', 0, '2020-02-21 11:04:37', '2020-02-21 11:04:37'),
(1434, 0, 142, 75, 'выбрать места фото-сессии', '...', 0, '2020-02-21 11:04:37', '2020-02-21 11:04:37'),
(1435, 0, 142, 76, 'транспорт на фото-сессию', '...', 0, '2020-02-21 11:04:37', '2020-02-21 11:04:37'),
(1436, 0, 142, 77, 'подобрать видеографа', '...', 0, '2020-02-21 11:04:37', '2020-02-21 11:04:37'),
(1437, 0, 142, 78, 'снять Love Story', '...', 0, '2020-02-21 11:04:37', '2020-02-21 11:04:37'),
(1438, 0, 142, 79, 'Фото-сессия после свадьбы', '...', 0, '2020-02-21 11:04:37', '2020-02-21 11:04:37'),
(1439, 0, 143, 1, 'составить список гостей', '...', 0, '2020-02-21 11:07:07', '2020-02-21 11:07:07'),
(1440, 0, 143, 2, 'подобрать место проведения банкета', '...', 0, '2020-02-21 11:07:07', '2020-02-21 11:07:07'),
(1441, 0, 143, 3, 'продумать оформление зала', '...', 0, '2020-02-21 11:07:07', '2020-02-21 11:07:07'),
(1442, 0, 143, 4, 'подобрать ведущего', '...', 0, '2020-02-21 11:07:07', '2020-02-21 11:07:07'),
(1443, 0, 143, 5, 'подобрать музыкантов вечера', '...', 0, '2020-02-21 11:07:07', '2020-02-21 11:07:07'),
(1444, 0, 143, 6, 'арендовать оборудование', '...', 0, '2020-02-21 11:07:07', '2020-02-21 11:07:07'),
(1445, 0, 143, 7, 'подобрать звукооператора', '...', 0, '2020-02-21 11:07:07', '2020-02-21 11:07:07'),
(1446, 0, 143, 8, 'выбрать шоу-программу', '...', 0, '2020-02-21 11:07:07', '2020-02-21 11:07:07'),
(1447, 0, 143, 9, 'продумать оформление первого танца', '...', 0, '2020-02-21 11:07:07', '2020-02-21 11:07:07'),
(1448, 0, 143, 10, 'составить меню банкета', '...', 0, '2020-02-21 11:07:07', '2020-02-21 11:07:07'),
(1449, 0, 143, 11, 'заказать свадебный торт', '...', 0, '2020-02-21 11:07:07', '2020-02-21 11:07:07'),
(1450, 0, 143, 12, 'заказать каравай', '...', 0, '2020-02-21 11:07:07', '2020-02-21 11:07:07'),
(1451, 0, 143, 13, 'заказать напитки', '...', 0, '2020-02-21 11:07:07', '2020-02-21 11:07:07'),
(1452, 0, 144, 14, 'найти жениха', '...', 0, '2020-02-21 11:07:07', '2020-02-21 11:07:07'),
(1453, 0, 144, 15, 'выбрать туфли', '...', 0, '2020-02-21 11:07:07', '2020-02-21 11:07:07'),
(1454, 0, 144, 16, 'записаться к парихмахеру', '...', 0, '2020-02-21 11:07:07', '2020-02-21 11:07:07'),
(1455, 0, 144, 17, 'записаться на маникюр', '...', 0, '2020-02-21 11:07:07', '2020-02-21 11:07:07'),
(1456, 0, 144, 18, 'выбрать свидетельницу', '...', 0, '2020-02-21 11:07:07', '2020-02-21 11:07:07'),
(1457, 0, 144, 19, 'подобрать аксессуары', '...', 0, '2020-02-21 11:07:07', '2020-02-21 11:07:07'),
(1458, 0, 144, 20, 'транспорт до места регистрации', '...', 0, '2020-02-21 11:07:07', '2020-02-21 11:07:07'),
(1459, 0, 144, 21, 'выбрать платье', '...', 0, '2020-02-21 11:07:07', '2020-02-21 11:07:07'),
(1460, 0, 144, 22, 'заказать букет', '...', 0, '2020-02-21 11:07:07', '2020-02-21 11:07:07'),
(1461, 0, 144, 23, 'записаться к визажисту', '...', 0, '2020-02-21 11:07:07', '2020-02-21 11:07:07'),
(1462, 0, 144, 24, 'записаться на педикюр', '...', 0, '2020-02-21 11:07:07', '2020-02-21 11:07:07'),
(1463, 0, 144, 25, 'выбрать фоту', '...', 0, '2020-02-21 11:07:07', '2020-02-21 11:07:07'),
(1464, 0, 144, 26, 'вторая обувь', '...', 0, '2020-02-21 11:07:07', '2020-02-21 11:07:07'),
(1465, 0, 145, 27, 'найти невесту', '...', 0, '2020-02-21 11:07:07', '2020-02-21 11:07:07'),
(1466, 0, 145, 28, 'подобрать туфли', '...', 0, '2020-02-21 11:07:07', '2020-02-21 11:07:07'),
(1467, 0, 145, 29, 'записаться к парикмахеру', '...', 0, '2020-02-21 11:07:07', '2020-02-21 11:07:07'),
(1468, 0, 145, 30, 'выбрать свидетеля', '...', 0, '2020-02-21 11:07:07', '2020-02-21 11:07:07'),
(1469, 0, 145, 31, 'заказать кольца', '...', 0, '2020-02-21 11:07:07', '2020-02-21 11:07:07'),
(1470, 0, 145, 32, 'подобрать костюм', '...', 0, '2020-02-21 11:07:07', '2020-02-21 11:07:07'),
(1471, 0, 145, 33, 'подобрать аксессуары', '...', 0, '2020-02-21 11:07:07', '2020-02-21 11:07:07'),
(1472, 0, 145, 34, 'записаться на техн.маникюр', '...', 0, '2020-02-21 11:07:07', '2020-02-21 11:07:07'),
(1473, 0, 145, 35, 'подобрать транспорт до места рег-ии', '...', 0, '2020-02-21 11:07:07', '2020-02-21 11:07:07'),
(1474, 0, 146, 36, 'выбрать место регистрации', '...', 0, '2020-02-21 11:07:07', '2020-02-21 11:07:07'),
(1475, 0, 146, 37, 'роспись в день банкета', '...', 0, '2020-02-21 11:07:07', '2020-02-21 11:07:07'),
(1476, 0, 146, 38, 'оформление места для выездой росписи', '...', 1, '2020-02-21 11:07:07', '2020-02-26 07:50:16'),
(1477, 0, 146, 39, 'подобрать место для выездной регистрации', '...', 0, '2020-02-21 11:07:07', '2020-02-21 11:07:07'),
(1478, 0, 146, 40, 'роспись в удобный день', '...', 0, '2020-02-21 11:07:07', '2020-02-21 11:07:07'),
(1479, 0, 146, 41, 'выездная роспись в день банкета', '...', 0, '2020-02-21 11:07:07', '2020-02-21 11:07:07'),
(1480, 0, 146, 42, 'оборудование для выездной росписи', '...', 0, '2020-02-21 11:07:07', '2020-02-21 11:07:07'),
(1481, 0, 146, 43, 'венчание', '...', 0, '2020-02-21 11:07:07', '2020-02-21 11:07:07'),
(1482, 0, 147, 44, 'организовать девичник', '...', 0, '2020-02-21 11:07:07', '2020-02-21 11:07:07'),
(1483, 0, 147, 45, 'подобрать платье', '...', 0, '2020-02-21 11:07:07', '2020-02-21 11:07:07'),
(1484, 0, 147, 46, 'записаться к визажисту', '...', 0, '2020-02-21 11:07:07', '2020-02-21 11:07:07'),
(1485, 0, 147, 47, 'записаться на педикюр', '...', 0, '2020-02-21 11:07:07', '2020-02-21 11:07:07'),
(1486, 0, 147, 48, 'взять с собой расписание свадьбы', '...', 0, '2020-02-21 11:07:07', '2020-02-21 11:07:07'),
(1487, 0, 147, 49, 'организовать выкуп невесты', '...', 0, '2020-02-21 11:07:07', '2020-02-21 11:07:07'),
(1488, 0, 147, 50, 'записаться к парикмахеру', '...', 0, '2020-02-21 11:07:07', '2020-02-21 11:07:07'),
(1489, 0, 147, 51, 'записаться на маникюр', '...', 0, '2020-02-21 11:07:07', '2020-02-21 11:07:07'),
(1490, 0, 147, 52, 'подготовить рем-комплект невесты', '...', 0, '2020-02-21 11:07:07', '2020-02-21 11:07:07'),
(1491, 0, 148, 53, 'организовать мальчишник', '...', 0, '2020-02-21 11:07:07', '2020-02-21 11:07:07'),
(1492, 0, 148, 54, 'подобрать костюм', '...', 0, '2020-02-21 11:07:07', '2020-02-21 11:07:07'),
(1493, 0, 148, 55, 'записаться к парикмахеру', '...', 0, '2020-02-21 11:07:07', '2020-02-21 11:07:07'),
(1494, 0, 148, 56, 'хранить кольца до регистрации', '...', 0, '2020-02-21 11:07:07', '2020-02-21 11:07:07'),
(1495, 0, 148, 57, 'подготовится к выкупу', '...', 0, '2020-02-21 11:07:07', '2020-02-21 11:07:07'),
(1496, 0, 148, 58, 'подобрать аксессуары', '...', 0, '2020-02-21 11:07:07', '2020-02-21 11:07:07'),
(1497, 0, 148, 59, 'подготовить рем-комплект жениха', '...', 0, '2020-02-21 11:07:07', '2020-02-21 11:07:07'),
(1498, 0, 148, 60, 'взять с собой расписание свадьбы', '...', 0, '2020-02-21 11:07:07', '2020-02-21 11:07:07'),
(1499, 0, 149, 61, 'поставить первый танец', '...', 0, '2020-02-21 11:07:07', '2020-02-21 11:07:07'),
(1500, 0, 149, 62, 'свечи и подсвечники', '...', 0, '2020-02-21 11:07:07', '2020-02-21 11:07:07'),
(1501, 0, 149, 63, 'иконы', '...', 0, '2020-02-21 11:07:07', '2020-02-21 11:07:07'),
(1502, 0, 149, 64, 'нож и лопатка для торта', '...', 0, '2020-02-21 11:07:07', '2020-02-21 11:07:07'),
(1503, 0, 149, 65, 'сувенирное шампанское', '...', 0, '2020-02-21 11:07:07', '2020-02-21 11:07:07'),
(1504, 0, 149, 66, 'аксессуары для сбора денег', '...', 0, '2020-02-21 11:07:07', '2020-02-21 11:07:07'),
(1505, 0, 149, 67, 'портативная зарядка (Powerbank)', '...', 0, '2020-02-21 11:07:07', '2020-02-21 11:07:07'),
(1506, 0, 149, 68, 'заказать пригласительные', '...', 0, '2020-02-21 11:07:07', '2020-02-21 11:07:07'),
(1507, 0, 149, 69, 'бокалы для битья', '...', 0, '2020-02-21 11:07:07', '2020-02-21 11:07:07'),
(1508, 0, 149, 70, 'рушники', '...', 0, '2020-02-21 11:07:07', '2020-02-21 11:07:07'),
(1509, 0, 149, 71, 'фигурки на торт', '...', 0, '2020-02-21 11:07:07', '2020-02-21 11:07:07'),
(1510, 0, 149, 72, 'памятные подарки гостям', '...', 0, '2020-02-21 11:07:07', '2020-02-21 11:07:07'),
(1511, 0, 149, 73, 'аксессуар для сбора подарков', '...', 0, '2020-02-21 11:07:07', '2020-02-21 11:07:07'),
(1512, 0, 150, 74, 'подобрать фотографа', '...', 0, '2020-02-21 11:07:07', '2020-02-21 11:07:07'),
(1513, 0, 150, 75, 'выбрать места фото-сессии', '...', 0, '2020-02-21 11:07:07', '2020-02-21 11:07:07'),
(1514, 0, 150, 76, 'транспорт на фото-сессию', '...', 0, '2020-02-21 11:07:07', '2020-02-21 11:07:07'),
(1515, 0, 150, 77, 'подобрать видеографа', '...', 0, '2020-02-21 11:07:07', '2020-02-21 11:07:07'),
(1516, 0, 150, 78, 'снять Love Story', '...', 0, '2020-02-21 11:07:07', '2020-02-21 11:07:07'),
(1517, 0, 150, 79, 'Фото-сессия после свадьбы', '...', 0, '2020-02-21 11:07:07', '2020-02-21 11:07:07'),
(1519, 0, 143, NULL, 'Новое дело', '...', 0, '2020-02-26 09:44:45', '2020-02-26 09:44:45'),
(1520, 0, 143, NULL, 'Новое дело', '...', 0, '2020-02-26 09:46:34', '2020-02-26 09:46:34'),
(1521, 0, 157, 1, 'составить список гостей', '...', 0, '2020-02-27 06:04:41', '2020-02-27 06:04:41'),
(1522, 0, 157, 2, 'подобрать место проведения банкета', '...', 0, '2020-02-27 06:04:41', '2020-02-27 06:04:41'),
(1523, 0, 157, 3, 'продумать оформление зала', '...', 0, '2020-02-27 06:04:41', '2020-02-27 06:04:41'),
(1524, 0, 157, 4, 'подобрать ведущего', '...', 0, '2020-02-27 06:04:41', '2020-02-27 06:04:41'),
(1525, 0, 157, 5, 'подобрать музыкантов вечера', '...', 0, '2020-02-27 06:04:41', '2020-02-27 06:04:41'),
(1526, 0, 157, 6, 'арендовать оборудование', '...', 0, '2020-02-27 06:04:41', '2020-02-27 06:04:41'),
(1527, 0, 157, 7, 'подобрать звукооператора', '...', 0, '2020-02-27 06:04:41', '2020-02-27 06:04:41'),
(1528, 0, 157, 8, 'выбрать шоу-программу', '...', 0, '2020-02-27 06:04:41', '2020-02-27 06:04:41'),
(1529, 0, 157, 9, 'продумать оформление первого танца', '...', 0, '2020-02-27 06:04:41', '2020-02-27 06:04:41'),
(1530, 0, 157, 10, 'составить меню банкета', '...', 0, '2020-02-27 06:04:41', '2020-02-27 06:04:41'),
(1531, 0, 157, 11, 'заказать свадебный торт', '...', 0, '2020-02-27 06:04:41', '2020-02-27 06:04:41'),
(1532, 0, 157, 12, 'заказать каравай', '...', 0, '2020-02-27 06:04:41', '2020-02-27 06:04:41'),
(1533, 0, 157, 13, 'заказать напитки', '...', 0, '2020-02-27 06:04:41', '2020-02-27 06:04:41'),
(1534, 0, 158, 14, 'найти жениха', '...', 0, '2020-02-27 06:04:41', '2020-02-27 06:04:41'),
(1535, 0, 158, 15, 'выбрать туфли', '...', 0, '2020-02-27 06:04:41', '2020-02-27 06:04:41'),
(1536, 0, 158, 16, 'записаться к парихмахеру', '...', 0, '2020-02-27 06:04:41', '2020-02-27 06:04:41'),
(1537, 0, 158, 17, 'записаться на маникюр', '...', 0, '2020-02-27 06:04:41', '2020-02-27 06:04:41'),
(1538, 0, 158, 18, 'выбрать свидетельницу', '...', 0, '2020-02-27 06:04:41', '2020-02-27 06:04:41'),
(1539, 0, 158, 19, 'подобрать аксессуары', '...', 0, '2020-02-27 06:04:41', '2020-02-27 06:04:41'),
(1540, 0, 158, 20, 'транспорт до места регистрации', '...', 0, '2020-02-27 06:04:41', '2020-02-27 06:04:41'),
(1541, 0, 158, 21, 'выбрать платье', '...', 0, '2020-02-27 06:04:41', '2020-02-27 06:04:41'),
(1542, 0, 158, 22, 'заказать букет', '...', 0, '2020-02-27 06:04:41', '2020-02-27 06:04:41'),
(1543, 0, 158, 23, 'записаться к визажисту', '...', 0, '2020-02-27 06:04:41', '2020-02-27 06:04:41'),
(1544, 0, 158, 24, 'записаться на педикюр', '...', 0, '2020-02-27 06:04:41', '2020-02-27 06:04:41'),
(1545, 0, 158, 25, 'выбрать фоту', '...', 0, '2020-02-27 06:04:41', '2020-02-27 06:04:41'),
(1546, 0, 158, 26, 'вторая обувь', '...', 0, '2020-02-27 06:04:41', '2020-02-27 06:04:41'),
(1547, 0, 159, 27, 'найти невесту', '...', 0, '2020-02-27 06:04:41', '2020-02-27 06:04:41'),
(1548, 0, 159, 28, 'подобрать туфли', '...', 0, '2020-02-27 06:04:41', '2020-02-27 06:04:41'),
(1549, 0, 159, 29, 'записаться к парикмахеру', '...', 0, '2020-02-27 06:04:41', '2020-02-27 06:04:41'),
(1550, 0, 159, 30, 'выбрать свидетеля', '...', 0, '2020-02-27 06:04:41', '2020-02-27 06:04:41'),
(1551, 0, 159, 31, 'заказать кольца', '...', 0, '2020-02-27 06:04:41', '2020-02-27 06:04:41'),
(1552, 0, 159, 32, 'подобрать костюм', '...', 0, '2020-02-27 06:04:41', '2020-02-27 06:04:41'),
(1553, 0, 159, 33, 'подобрать аксессуары', '...', 0, '2020-02-27 06:04:41', '2020-02-27 06:04:41'),
(1554, 0, 159, 34, 'записаться на техн.маникюр', '...', 0, '2020-02-27 06:04:41', '2020-02-27 06:04:41'),
(1555, 0, 159, 35, 'подобрать транспорт до места рег-ии', '...', 0, '2020-02-27 06:04:41', '2020-02-27 06:04:41'),
(1556, 0, 160, 36, 'выбрать место регистрации', '...', 0, '2020-02-27 06:04:41', '2020-02-27 06:04:41'),
(1557, 0, 160, 37, 'роспись в день банкета', '...', 0, '2020-02-27 06:04:41', '2020-02-27 06:04:41'),
(1558, 0, 160, 38, 'оформление места для выездой росписи', '...', 0, '2020-02-27 06:04:41', '2020-02-27 06:04:41'),
(1559, 0, 160, 39, 'подобрать место для выездной регистрации', '...', 0, '2020-02-27 06:04:41', '2020-02-27 06:04:41'),
(1560, 0, 160, 40, 'роспись в удобный день', '...', 0, '2020-02-27 06:04:41', '2020-02-27 06:04:41'),
(1561, 0, 160, 41, 'выездная роспись в день банкета', '...', 0, '2020-02-27 06:04:41', '2020-02-27 06:04:41'),
(1562, 0, 160, 42, 'оборудование для выездной росписи', '...', 0, '2020-02-27 06:04:41', '2020-02-27 06:04:41'),
(1563, 0, 160, 43, 'венчание', '...', 0, '2020-02-27 06:04:41', '2020-02-27 06:04:41'),
(1564, 0, 161, 44, 'организовать девичник', '...', 0, '2020-02-27 06:04:41', '2020-02-27 06:04:41'),
(1565, 0, 161, 45, 'подобрать платье', '...', 0, '2020-02-27 06:04:41', '2020-02-27 06:04:41'),
(1566, 0, 161, 46, 'записаться к визажисту', '...', 0, '2020-02-27 06:04:41', '2020-02-27 06:04:41'),
(1567, 0, 161, 47, 'записаться на педикюр', '...', 0, '2020-02-27 06:04:41', '2020-02-27 06:04:41'),
(1568, 0, 161, 48, 'взять с собой расписание свадьбы', '...', 0, '2020-02-27 06:04:41', '2020-02-27 06:04:41'),
(1569, 0, 161, 49, 'организовать выкуп невесты', '...', 0, '2020-02-27 06:04:41', '2020-02-27 06:04:41'),
(1570, 0, 161, 50, 'записаться к парикмахеру', '...', 0, '2020-02-27 06:04:41', '2020-02-27 06:04:41'),
(1571, 0, 161, 51, 'записаться на маникюр', '...', 0, '2020-02-27 06:04:41', '2020-02-27 06:04:41'),
(1572, 0, 161, 52, 'подготовить рем-комплект невесты', '...', 0, '2020-02-27 06:04:41', '2020-02-27 06:04:41'),
(1573, 0, 162, 53, 'организовать мальчишник', '...', 0, '2020-02-27 06:04:41', '2020-02-27 06:04:41'),
(1574, 0, 162, 54, 'подобрать костюм', '...', 0, '2020-02-27 06:04:41', '2020-02-27 06:04:41'),
(1575, 0, 162, 55, 'записаться к парикмахеру', '...', 0, '2020-02-27 06:04:41', '2020-02-27 06:04:41'),
(1576, 0, 162, 56, 'хранить кольца до регистрации', '...', 0, '2020-02-27 06:04:41', '2020-02-27 06:04:41'),
(1577, 0, 162, 57, 'подготовится к выкупу', '...', 0, '2020-02-27 06:04:41', '2020-02-27 06:04:41'),
(1578, 0, 162, 58, 'подобрать аксессуары', '...', 0, '2020-02-27 06:04:41', '2020-02-27 06:04:41'),
(1579, 0, 162, 59, 'подготовить рем-комплект жениха', '...', 0, '2020-02-27 06:04:41', '2020-02-27 06:04:41'),
(1580, 0, 162, 60, 'взять с собой расписание свадьбы', '...', 0, '2020-02-27 06:04:41', '2020-02-27 06:04:41'),
(1581, 0, 163, 61, 'поставить первый танец', '...', 0, '2020-02-27 06:04:41', '2020-02-27 06:04:41'),
(1582, 0, 163, 62, 'свечи и подсвечники', '...', 0, '2020-02-27 06:04:41', '2020-02-27 06:04:41'),
(1583, 0, 163, 63, 'иконы', '...', 0, '2020-02-27 06:04:41', '2020-02-27 06:04:41'),
(1584, 0, 163, 64, 'нож и лопатка для торта', '...', 0, '2020-02-27 06:04:41', '2020-02-27 06:04:41'),
(1585, 0, 163, 65, 'сувенирное шампанское', '...', 0, '2020-02-27 06:04:41', '2020-02-27 06:04:41'),
(1586, 0, 163, 66, 'аксессуары для сбора денег', '...', 0, '2020-02-27 06:04:41', '2020-02-27 06:04:41'),
(1587, 0, 163, 67, 'портативная зарядка (Powerbank)', '...', 0, '2020-02-27 06:04:41', '2020-02-27 06:04:41'),
(1588, 0, 163, 68, 'заказать пригласительные', '...', 0, '2020-02-27 06:04:41', '2020-02-27 06:04:41'),
(1589, 0, 163, 69, 'бокалы для битья', '...', 0, '2020-02-27 06:04:41', '2020-02-27 06:04:41'),
(1590, 0, 163, 70, 'рушники', '...', 0, '2020-02-27 06:04:41', '2020-02-27 06:04:41'),
(1591, 0, 163, 71, 'фигурки на торт', '...', 0, '2020-02-27 06:04:41', '2020-02-27 06:04:41'),
(1592, 0, 163, 72, 'памятные подарки гостям', '...', 0, '2020-02-27 06:04:41', '2020-02-27 06:04:41'),
(1593, 0, 163, 73, 'аксессуар для сбора подарков', '...', 0, '2020-02-27 06:04:41', '2020-02-27 06:04:41'),
(1594, 0, 164, 74, 'подобрать фотографа', '...', 0, '2020-02-27 06:04:41', '2020-02-27 06:04:41'),
(1595, 0, 164, 75, 'выбрать места фото-сессии', '...', 0, '2020-02-27 06:04:41', '2020-02-27 06:04:41'),
(1596, 0, 164, 76, 'транспорт на фото-сессию', '...', 0, '2020-02-27 06:04:41', '2020-02-27 06:04:41'),
(1597, 0, 164, 77, 'подобрать видеографа', '...', 0, '2020-02-27 06:04:41', '2020-02-27 06:04:41'),
(1598, 0, 164, 78, 'снять Love Story', '...', 0, '2020-02-27 06:04:41', '2020-02-27 06:04:41'),
(1599, 0, 164, 79, 'Фото-сессия после свадьбы', '...', 0, '2020-02-27 06:04:41', '2020-02-27 06:04:41'),
(1600, 0, 157, NULL, 'Новое дело', '...', 0, '2020-02-27 06:06:57', '2020-02-27 06:06:57'),
(1601, 0, 165, 1, 'составить список гостей', '...', 1, '2020-06-14 17:39:34', '2020-06-14 17:39:39'),
(1602, 0, 165, 2, 'подобрать место проведения банкета', '...', 0, '2020-06-14 17:39:34', '2020-06-14 17:39:34'),
(1603, 0, 165, 3, 'продумать оформление зала', '...', 0, '2020-06-14 17:39:34', '2020-06-14 17:39:34'),
(1604, 0, 165, 4, 'подобрать ведущего', '...', 0, '2020-06-14 17:39:34', '2020-06-14 17:39:34'),
(1605, 0, 165, 5, 'подобрать музыкантов вечера', '...', 0, '2020-06-14 17:39:34', '2020-06-14 17:39:34'),
(1606, 0, 165, 6, 'арендовать оборудование', '...', 0, '2020-06-14 17:39:34', '2020-06-14 17:39:34'),
(1607, 0, 165, 7, 'подобрать звукооператора', '...', 0, '2020-06-14 17:39:34', '2020-06-14 17:39:34'),
(1608, 0, 165, 8, 'выбрать шоу-программу', '...', 0, '2020-06-14 17:39:34', '2020-06-14 17:39:34'),
(1609, 0, 165, 9, 'продумать оформление первого танца', '...', 0, '2020-06-14 17:39:34', '2020-06-14 17:39:34'),
(1610, 0, 165, 10, 'составить меню банкета', '...', 0, '2020-06-14 17:39:34', '2020-06-14 17:39:34'),
(1611, 0, 165, 11, 'заказать свадебный торт', '...', 0, '2020-06-14 17:39:34', '2020-06-14 17:39:34'),
(1612, 0, 165, 12, 'заказать каравай', '...', 0, '2020-06-14 17:39:34', '2020-06-14 17:39:34'),
(1613, 0, 165, 13, 'заказать напитки', '...', 0, '2020-06-14 17:39:34', '2020-06-14 17:39:34'),
(1614, 0, 166, 14, 'найти жениха', '...', 0, '2020-06-14 17:39:34', '2020-06-14 17:39:34'),
(1615, 0, 166, 15, 'выбрать туфли', '...', 0, '2020-06-14 17:39:34', '2020-06-14 17:39:34'),
(1616, 0, 166, 16, 'записаться к парихмахеру', '...', 0, '2020-06-14 17:39:34', '2020-06-14 17:39:34'),
(1617, 0, 166, 17, 'записаться на маникюр', '...', 0, '2020-06-14 17:39:34', '2020-06-14 17:39:34'),
(1618, 0, 166, 18, 'выбрать свидетельницу', '...', 0, '2020-06-14 17:39:34', '2020-06-14 17:39:34'),
(1619, 0, 166, 19, 'подобрать аксессуары', '...', 0, '2020-06-14 17:39:34', '2020-06-14 17:39:34'),
(1620, 0, 166, 20, 'транспорт до места регистрации', '...', 0, '2020-06-14 17:39:34', '2020-06-14 17:39:34'),
(1621, 0, 166, 21, 'выбрать платье', '...', 0, '2020-06-14 17:39:34', '2020-06-14 17:39:34'),
(1622, 0, 166, 22, 'заказать букет', '...', 0, '2020-06-14 17:39:34', '2020-06-14 17:39:34'),
(1623, 0, 166, 23, 'записаться к визажисту', '...', 0, '2020-06-14 17:39:34', '2020-06-14 17:39:34'),
(1624, 0, 166, 24, 'записаться на педикюр', '...', 0, '2020-06-14 17:39:34', '2020-06-14 17:39:34'),
(1625, 0, 166, 25, 'выбрать фоту', '...', 0, '2020-06-14 17:39:34', '2020-06-14 17:39:34'),
(1626, 0, 166, 26, 'вторая обувь', '...', 0, '2020-06-14 17:39:34', '2020-06-14 17:39:34'),
(1627, 0, 167, 27, 'найти невесту', '...', 0, '2020-06-14 17:39:34', '2020-06-14 17:39:34'),
(1628, 0, 167, 28, 'подобрать туфли', '...', 0, '2020-06-14 17:39:34', '2020-06-14 17:39:34'),
(1629, 0, 167, 29, 'записаться к парикмахеру', '...', 0, '2020-06-14 17:39:34', '2020-06-14 17:39:34'),
(1630, 0, 167, 30, 'выбрать свидетеля', '...', 0, '2020-06-14 17:39:34', '2020-06-14 17:39:34'),
(1631, 0, 167, 31, 'заказать кольца', '...', 0, '2020-06-14 17:39:34', '2020-06-14 17:39:34'),
(1632, 0, 167, 32, 'подобрать костюм', '...', 0, '2020-06-14 17:39:34', '2020-06-14 17:39:34'),
(1633, 0, 167, 33, 'подобрать аксессуары', '...', 0, '2020-06-14 17:39:34', '2020-06-14 17:39:34'),
(1634, 0, 167, 34, 'записаться на техн.маникюр', '...', 0, '2020-06-14 17:39:34', '2020-06-14 17:39:34'),
(1635, 0, 167, 35, 'подобрать транспорт до места рег-ии', '...', 0, '2020-06-14 17:39:34', '2020-06-14 17:39:34'),
(1636, 0, 168, 36, 'выбрать место регистрации', '...', 0, '2020-06-14 17:39:34', '2020-06-14 17:39:34'),
(1637, 0, 168, 37, 'роспись в день банкета', '...', 0, '2020-06-14 17:39:34', '2020-06-14 17:39:34'),
(1638, 0, 168, 38, 'оформление места для выездой росписи', '...', 0, '2020-06-14 17:39:34', '2020-06-14 17:39:34'),
(1639, 0, 168, 39, 'подобрать место для выездной регистрации', '...', 0, '2020-06-14 17:39:34', '2020-06-14 17:39:34'),
(1640, 0, 168, 40, 'роспись в удобный день', '...', 0, '2020-06-14 17:39:34', '2020-06-14 17:39:34'),
(1641, 0, 168, 41, 'выездная роспись в день банкета', '...', 0, '2020-06-14 17:39:34', '2020-06-14 17:39:34'),
(1642, 0, 168, 42, 'оборудование для выездной росписи', '...', 0, '2020-06-14 17:39:34', '2020-06-14 17:39:34'),
(1643, 0, 168, 43, 'венчание', '...', 0, '2020-06-14 17:39:34', '2020-06-14 17:39:34'),
(1644, 0, 169, 44, 'организовать девичник', '...', 0, '2020-06-14 17:39:34', '2020-06-14 17:39:34'),
(1645, 0, 169, 45, 'подобрать платье', '...', 0, '2020-06-14 17:39:34', '2020-06-14 17:39:34'),
(1646, 0, 169, 46, 'записаться к визажисту', '...', 0, '2020-06-14 17:39:34', '2020-06-14 17:39:34'),
(1647, 0, 169, 47, 'записаться на педикюр', '...', 0, '2020-06-14 17:39:34', '2020-06-14 17:39:34'),
(1648, 0, 169, 48, 'взять с собой расписание свадьбы', '...', 0, '2020-06-14 17:39:34', '2020-06-14 17:39:34'),
(1649, 0, 169, 49, 'организовать выкуп невесты', '...', 0, '2020-06-14 17:39:34', '2020-06-14 17:39:34'),
(1650, 0, 169, 50, 'записаться к парикмахеру', '...', 0, '2020-06-14 17:39:34', '2020-06-14 17:39:34'),
(1651, 0, 169, 51, 'записаться на маникюр', '...', 0, '2020-06-14 17:39:34', '2020-06-14 17:39:34'),
(1652, 0, 169, 52, 'подготовить рем-комплект невесты', '...', 0, '2020-06-14 17:39:34', '2020-06-14 17:39:34'),
(1653, 0, 170, 53, 'организовать мальчишник', '...', 0, '2020-06-14 17:39:34', '2020-06-14 17:39:34'),
(1654, 0, 170, 54, 'подобрать костюм', '...', 0, '2020-06-14 17:39:34', '2020-06-14 17:39:34'),
(1655, 0, 170, 55, 'записаться к парикмахеру', '...', 0, '2020-06-14 17:39:34', '2020-06-14 17:39:34'),
(1656, 0, 170, 56, 'хранить кольца до регистрации', '...', 0, '2020-06-14 17:39:34', '2020-06-14 17:39:34'),
(1657, 0, 170, 57, 'подготовится к выкупу', '...', 0, '2020-06-14 17:39:34', '2020-06-14 17:39:34'),
(1658, 0, 170, 58, 'подобрать аксессуары', '...', 0, '2020-06-14 17:39:34', '2020-06-14 17:39:34'),
(1659, 0, 170, 59, 'подготовить рем-комплект жениха', '...', 0, '2020-06-14 17:39:34', '2020-06-14 17:39:34'),
(1660, 0, 170, 60, 'взять с собой расписание свадьбы', '...', 0, '2020-06-14 17:39:34', '2020-06-14 17:39:34'),
(1661, 0, 171, 61, 'поставить первый танец', '...', 0, '2020-06-14 17:39:34', '2020-06-14 17:39:34'),
(1662, 0, 171, 62, 'свечи и подсвечники', '...', 0, '2020-06-14 17:39:34', '2020-06-14 17:39:34'),
(1663, 0, 171, 63, 'иконы', '...', 0, '2020-06-14 17:39:34', '2020-06-14 17:39:34'),
(1664, 0, 171, 64, 'нож и лопатка для торта', '...', 0, '2020-06-14 17:39:34', '2020-06-14 17:39:34');
INSERT INTO `jobs` (`id`, `seqid`, `category_id`, `default_job_id`, `name`, `note`, `done`, `created_at`, `updated_at`) VALUES
(1665, 0, 171, 65, 'сувенирное шампанское', '...', 0, '2020-06-14 17:39:34', '2020-06-14 17:39:34'),
(1666, 0, 171, 66, 'аксессуары для сбора денег', '...', 0, '2020-06-14 17:39:34', '2020-06-14 17:39:34'),
(1667, 0, 171, 67, 'портативная зарядка (Powerbank)', '...', 0, '2020-06-14 17:39:34', '2020-06-14 17:39:34'),
(1668, 0, 171, 68, 'заказать пригласительные', '...', 0, '2020-06-14 17:39:34', '2020-06-14 17:39:34'),
(1669, 0, 171, 69, 'бокалы для битья', '...', 0, '2020-06-14 17:39:34', '2020-06-14 17:39:34'),
(1670, 0, 171, 70, 'рушники', '...', 0, '2020-06-14 17:39:34', '2020-06-14 17:39:34'),
(1671, 0, 171, 71, 'фигурки на торт', '...', 0, '2020-06-14 17:39:34', '2020-06-14 17:39:34'),
(1672, 0, 171, 72, 'памятные подарки гостям', '...', 0, '2020-06-14 17:39:34', '2020-06-14 17:39:34'),
(1673, 0, 171, 73, 'аксессуар для сбора подарков', '...', 0, '2020-06-14 17:39:34', '2020-06-14 17:39:34'),
(1674, 0, 172, 74, 'подобрать фотографа', '...', 0, '2020-06-14 17:39:34', '2020-06-14 17:39:34'),
(1675, 0, 172, 75, 'выбрать места фото-сессии', '...', 0, '2020-06-14 17:39:34', '2020-06-14 17:39:34'),
(1676, 0, 172, 76, 'транспорт на фото-сессию', '...', 0, '2020-06-14 17:39:34', '2020-06-14 17:39:34'),
(1677, 0, 172, 77, 'подобрать видеографа', '...', 0, '2020-06-14 17:39:34', '2020-06-14 17:39:34'),
(1678, 0, 172, 78, 'снять Love Story', '...', 0, '2020-06-14 17:39:34', '2020-06-14 17:39:34'),
(1679, 0, 172, 79, 'Фото-сессия после свадьбы', '...', 0, '2020-06-14 17:39:34', '2020-06-14 17:39:34'),
(1680, 0, 173, 1, 'составить список гостей', '...', 0, '2020-06-16 17:03:49', '2020-06-16 17:03:49'),
(1681, 0, 173, 2, 'подобрать место проведения банкета', '...', 0, '2020-06-16 17:03:49', '2020-06-16 17:03:49'),
(1682, 0, 173, 3, 'продумать оформление зала', '...', 0, '2020-06-16 17:03:49', '2020-06-16 17:03:49'),
(1683, 0, 173, 4, 'подобрать ведущего', '...', 0, '2020-06-16 17:03:49', '2020-06-16 17:03:49'),
(1684, 0, 173, 5, 'подобрать музыкантов вечера', '...', 0, '2020-06-16 17:03:49', '2020-06-16 17:03:49'),
(1685, 0, 173, 6, 'арендовать оборудование', '...', 0, '2020-06-16 17:03:49', '2020-06-16 17:03:49'),
(1686, 0, 173, 7, 'подобрать звукооператора', '...', 0, '2020-06-16 17:03:49', '2020-06-16 17:03:49'),
(1687, 0, 173, 8, 'выбрать шоу-программу', '...', 0, '2020-06-16 17:03:49', '2020-06-16 17:03:49'),
(1688, 0, 173, 9, 'продумать оформление первого танца', '...', 0, '2020-06-16 17:03:49', '2020-06-16 17:03:49'),
(1689, 0, 173, 10, 'составить меню банкета', '...', 0, '2020-06-16 17:03:49', '2020-06-16 17:03:49'),
(1690, 0, 173, 11, 'заказать свадебный торт', '...', 0, '2020-06-16 17:03:49', '2020-06-16 17:03:49'),
(1691, 0, 173, 12, 'заказать каравай', '...', 0, '2020-06-16 17:03:49', '2020-06-16 17:03:49'),
(1692, 0, 173, 13, 'заказать напитки', '...', 0, '2020-06-16 17:03:49', '2020-06-16 17:03:49'),
(1693, 0, 174, 14, 'найти жениха', '...', 0, '2020-06-16 17:03:49', '2020-06-16 17:03:49'),
(1694, 0, 174, 15, 'выбрать туфли', '...', 0, '2020-06-16 17:03:49', '2020-06-16 17:03:49'),
(1695, 0, 174, 16, 'записаться к парихмахеру', '...', 0, '2020-06-16 17:03:49', '2020-06-16 17:03:49'),
(1696, 0, 174, 17, 'записаться на маникюр', '...', 0, '2020-06-16 17:03:49', '2020-06-16 17:03:49'),
(1697, 0, 174, 18, 'выбрать свидетельницу', '...', 0, '2020-06-16 17:03:49', '2020-06-16 17:03:49'),
(1698, 0, 174, 19, 'подобрать аксессуары', '...', 0, '2020-06-16 17:03:49', '2020-06-16 17:03:49'),
(1699, 0, 174, 20, 'транспорт до места регистрации', '...', 0, '2020-06-16 17:03:49', '2020-06-16 17:03:49'),
(1700, 0, 174, 21, 'выбрать платье', '...', 0, '2020-06-16 17:03:49', '2020-06-16 17:03:49'),
(1701, 0, 174, 22, 'заказать букет', '...', 0, '2020-06-16 17:03:49', '2020-06-16 17:03:49'),
(1702, 0, 174, 23, 'записаться к визажисту', '...', 0, '2020-06-16 17:03:49', '2020-06-16 17:03:49'),
(1703, 0, 174, 24, 'записаться на педикюр', '...', 0, '2020-06-16 17:03:49', '2020-06-16 17:03:49'),
(1704, 0, 174, 25, 'выбрать фоту', '...', 0, '2020-06-16 17:03:49', '2020-06-16 17:03:49'),
(1705, 0, 174, 26, 'вторая обувь', '...', 0, '2020-06-16 17:03:49', '2020-06-16 17:03:49'),
(1706, 0, 175, 27, 'найти невесту', '...', 0, '2020-06-16 17:03:49', '2020-06-16 17:03:49'),
(1707, 0, 175, 28, 'подобрать туфли', '...', 0, '2020-06-16 17:03:49', '2020-06-16 17:03:49'),
(1708, 0, 175, 29, 'записаться к парикмахеру', '...', 0, '2020-06-16 17:03:49', '2020-06-16 17:03:49'),
(1709, 0, 175, 30, 'выбрать свидетеля', '...', 0, '2020-06-16 17:03:49', '2020-06-16 17:03:49'),
(1710, 0, 175, 31, 'заказать кольца', '...', 0, '2020-06-16 17:03:49', '2020-06-16 17:03:49'),
(1711, 0, 175, 32, 'подобрать костюм', '...', 0, '2020-06-16 17:03:49', '2020-06-16 17:03:49'),
(1712, 0, 175, 33, 'подобрать аксессуары', '...', 0, '2020-06-16 17:03:49', '2020-06-16 17:03:49'),
(1713, 0, 175, 34, 'записаться на техн.маникюр', '...', 0, '2020-06-16 17:03:49', '2020-06-16 17:03:49'),
(1714, 0, 175, 35, 'подобрать транспорт до места рег-ии', '...', 0, '2020-06-16 17:03:49', '2020-06-16 17:03:49'),
(1715, 0, 176, 36, 'выбрать место регистрации', '...', 0, '2020-06-16 17:03:49', '2020-06-16 17:03:49'),
(1716, 0, 176, 37, 'роспись в день банкета', '...', 0, '2020-06-16 17:03:49', '2020-06-16 17:03:49'),
(1717, 0, 176, 38, 'оформление места для выездой росписи', '...', 0, '2020-06-16 17:03:49', '2020-06-16 17:03:49'),
(1718, 0, 176, 39, 'подобрать место для выездной регистрации', '...', 0, '2020-06-16 17:03:49', '2020-06-16 17:03:49'),
(1719, 0, 176, 40, 'роспись в удобный день', '...', 0, '2020-06-16 17:03:49', '2020-06-16 17:03:49'),
(1720, 0, 176, 41, 'выездная роспись в день банкета', '...', 0, '2020-06-16 17:03:49', '2020-06-16 17:03:49'),
(1721, 0, 176, 42, 'оборудование для выездной росписи', '...', 0, '2020-06-16 17:03:49', '2020-06-16 17:03:49'),
(1722, 0, 176, 43, 'венчание', '...', 0, '2020-06-16 17:03:49', '2020-06-16 17:03:49'),
(1723, 0, 177, 44, 'организовать девичник', '...', 0, '2020-06-16 17:03:49', '2020-06-16 17:03:49'),
(1724, 0, 177, 45, 'подобрать платье', '...', 0, '2020-06-16 17:03:49', '2020-06-16 17:03:49'),
(1725, 0, 177, 46, 'записаться к визажисту', '...', 0, '2020-06-16 17:03:49', '2020-06-16 17:03:49'),
(1726, 0, 177, 47, 'записаться на педикюр', '...', 0, '2020-06-16 17:03:49', '2020-06-16 17:03:49'),
(1727, 0, 177, 48, 'взять с собой расписание свадьбы', '...', 0, '2020-06-16 17:03:49', '2020-06-16 17:03:49'),
(1728, 0, 177, 49, 'организовать выкуп невесты', '...', 0, '2020-06-16 17:03:49', '2020-06-16 17:03:49'),
(1729, 0, 177, 50, 'записаться к парикмахеру', '...', 0, '2020-06-16 17:03:49', '2020-06-16 17:03:49'),
(1730, 0, 177, 51, 'записаться на маникюр', '...', 0, '2020-06-16 17:03:49', '2020-06-16 17:03:49'),
(1731, 0, 177, 52, 'подготовить рем-комплект невесты', '...', 0, '2020-06-16 17:03:49', '2020-06-16 17:03:49'),
(1732, 0, 178, 53, 'организовать мальчишник', '...', 0, '2020-06-16 17:03:49', '2020-06-16 17:03:49'),
(1733, 0, 178, 54, 'подобрать костюм', '...', 0, '2020-06-16 17:03:49', '2020-06-16 17:03:49'),
(1734, 0, 178, 55, 'записаться к парикмахеру', '...', 0, '2020-06-16 17:03:49', '2020-06-16 17:03:49'),
(1735, 0, 178, 56, 'хранить кольца до регистрации', '...', 0, '2020-06-16 17:03:49', '2020-06-16 17:03:49'),
(1736, 0, 178, 57, 'подготовится к выкупу', '...', 0, '2020-06-16 17:03:50', '2020-06-16 17:03:50'),
(1737, 0, 178, 58, 'подобрать аксессуары', '...', 0, '2020-06-16 17:03:50', '2020-06-16 17:03:50'),
(1738, 0, 178, 59, 'подготовить рем-комплект жениха', '...', 0, '2020-06-16 17:03:50', '2020-06-16 17:03:50'),
(1739, 0, 178, 60, 'взять с собой расписание свадьбы', '...', 0, '2020-06-16 17:03:50', '2020-06-16 17:03:50'),
(1740, 0, 179, 61, 'поставить первый танец', '...', 0, '2020-06-16 17:03:50', '2020-06-16 17:03:50'),
(1741, 0, 179, 62, 'свечи и подсвечники', '...', 0, '2020-06-16 17:03:50', '2020-06-16 17:03:50'),
(1742, 0, 179, 63, 'иконы', '...', 0, '2020-06-16 17:03:50', '2020-06-16 17:03:50'),
(1743, 0, 179, 64, 'нож и лопатка для торта', '...', 0, '2020-06-16 17:03:50', '2020-06-16 17:03:50'),
(1744, 0, 179, 65, 'сувенирное шампанское', '...', 0, '2020-06-16 17:03:50', '2020-06-16 17:03:50'),
(1745, 0, 179, 66, 'аксессуары для сбора денег', '...', 0, '2020-06-16 17:03:50', '2020-06-16 17:03:50'),
(1746, 0, 179, 67, 'портативная зарядка (Powerbank)', '...', 0, '2020-06-16 17:03:50', '2020-06-16 17:03:50'),
(1747, 0, 179, 68, 'заказать пригласительные', '...', 0, '2020-06-16 17:03:50', '2020-06-16 17:03:50'),
(1748, 0, 179, 69, 'бокалы для битья', '...', 0, '2020-06-16 17:03:50', '2020-06-16 17:03:50'),
(1749, 0, 179, 70, 'рушники', '...', 0, '2020-06-16 17:03:50', '2020-06-16 17:03:50'),
(1750, 0, 179, 71, 'фигурки на торт', '...', 0, '2020-06-16 17:03:50', '2020-06-16 17:03:50'),
(1751, 0, 179, 72, 'памятные подарки гостям', '...', 0, '2020-06-16 17:03:50', '2020-06-16 17:03:50'),
(1752, 0, 179, 73, 'аксессуар для сбора подарков', '...', 0, '2020-06-16 17:03:50', '2020-06-16 17:03:50'),
(1753, 0, 180, 74, 'подобрать фотографа', '...', 0, '2020-06-16 17:03:50', '2020-06-16 17:03:50'),
(1754, 0, 180, 75, 'выбрать места фото-сессии', '...', 0, '2020-06-16 17:03:50', '2020-06-16 17:03:50'),
(1755, 0, 180, 76, 'транспорт на фото-сессию', '...', 0, '2020-06-16 17:03:50', '2020-06-16 17:03:50'),
(1756, 0, 180, 77, 'подобрать видеографа', '...', 0, '2020-06-16 17:03:50', '2020-06-16 17:03:50'),
(1757, 0, 180, 78, 'снять Love Story', '...', 0, '2020-06-16 17:03:50', '2020-06-16 17:03:50'),
(1758, 0, 180, 79, 'Фото-сессия после свадьбы', '...', 0, '2020-06-16 17:03:50', '2020-06-16 17:03:50');

-- --------------------------------------------------------

--
-- Структура таблицы `jobs_default`
--

CREATE TABLE `jobs_default` (
  `id` int(10) UNSIGNED NOT NULL,
  `category_id` int(10) UNSIGNED NOT NULL,
  `name` varchar(100) COLLATE utf8mb4_unicode_ci NOT NULL,
  `link_name` varchar(100) COLLATE utf8mb4_unicode_ci NOT NULL DEFAULT '',
  `link_href` varchar(150) COLLATE utf8mb4_unicode_ci NOT NULL DEFAULT '#',
  `priority` int(11) NOT NULL DEFAULT '1'
) ENGINE=MyISAM DEFAULT CHARSET=utf8mb4 COLLATE=utf8mb4_unicode_ci;

--
-- Дамп данных таблицы `jobs_default`
--

INSERT INTO `jobs_default` (`id`, `category_id`, `name`, `link_name`, `link_href`, `priority`) VALUES
(1, 1, 'составить список гостей', 'как составить список?', '#', 1),
(2, 1, 'подобрать место проведения банкета', 'как выбрать место?', '#', 1),
(3, 1, 'продумать оформление зала', 'как оформить зал?', '#', 1),
(4, 1, 'подобрать ведущего', 'как выбрать ведущего?', '#', 1),
(5, 1, 'подобрать музыкантов вечера', 'как подобрать музыку?', '#', 1),
(6, 1, 'арендовать оборудование', 'для чего арендовать оборудование?', '#', 1),
(7, 1, 'подобрать звукооператора', 'для чего нужен звукооператор?', '#', 1),
(8, 1, 'выбрать шоу-программу', 'как подобрать шоу?', '#', 1),
(9, 1, 'продумать оформление первого танца', 'как оформить танец?', '#', 1),
(10, 1, 'составить меню банкета', 'как составить меню?', '#', 1),
(11, 1, 'заказать свадебный торт', 'как выбрать торт?', '#', 1),
(12, 1, 'заказать каравай', 'какой должен быть каравай?', '#', 1),
(13, 1, 'заказать напитки', 'сколько брать?', '#', 1),
(14, 2, 'найти жениха', 'как найти жениха?', '#', 1),
(15, 2, 'выбрать туфли', 'как подобрать туфли?', '#', 1),
(16, 2, 'записаться к парихмахеру', 'на какое время записаться?', '#', 1),
(17, 2, 'записаться на маникюр', 'когда и какой делать маникюр?', '#', 1),
(18, 2, 'выбрать свидетельницу', 'кого брать в свидетельницы?', '#', 1),
(19, 2, 'подобрать аксессуары', 'какие аксессуары нужны?', '#', 1),
(20, 2, 'транспорт до места регистрации', 'какой транспорт выбрать?', '#', 1),
(21, 2, 'выбрать платье', 'как подобрать платье?', '#', 1),
(22, 2, 'заказать букет', 'где заказать букет?', '#', 1),
(23, 2, 'записаться к визажисту', 'как выбрать визажиста?', '#', 1),
(24, 2, 'записаться на педикюр', 'когда и какой делать педикюр?', '#', 1),
(25, 2, 'выбрать фоту', 'как выбрать фату?', '#', 1),
(26, 2, 'вторая обувь', 'какую обувь брать?', '#', 1),
(27, 3, 'найти невесту', 'как выбрать невесту?', '#', 1),
(28, 3, 'подобрать туфли', 'как выбрать туфли?', '#', 1),
(29, 3, 'записаться к парикмахеру', 'на какое время записываться?', '#', 1),
(30, 3, 'выбрать свидетеля', 'кого брать в свидетели?', '#', 1),
(31, 3, 'заказать кольца', 'как правильно выбрать кольца?', '#', 1),
(32, 3, 'подобрать костюм', 'как подобрать костюм?', '#', 1),
(33, 3, 'подобрать аксессуары', 'какие аксессуары выбрать?', '#', 1),
(34, 3, 'записаться на техн.маникюр', 'на когда записываться?', '#', 1),
(35, 3, 'подобрать транспорт до места рег-ии', 'какой выбрать транспорт?', '#', 1),
(36, 4, 'выбрать место регистрации', 'как выбрать ЗАГС?', '#', 1),
(37, 4, 'роспись в день банкета', 'почему проводят роспись в день банкета?', '#', 1),
(38, 4, 'оформление места для выездой росписи', 'как оформить место выездной росписи?', '#', 1),
(39, 4, 'подобрать место для выездной регистрации', 'как выбрать место?', '#', 1),
(40, 4, 'роспись в удобный день', 'почему лучше проводить роспись в др. день?', '#', 1),
(41, 4, 'выездная роспись в день банкета', 'как подготовить выездную роспись?', '#', 1),
(42, 4, 'оборудование для выездной росписи', 'какое необходимо оборудование для росписи?', '#', 1),
(43, 4, 'венчание', 'что нужно для венчания?', '#', 1),
(44, 5, 'организовать девичник', 'как организовать девичник?', '#', 1),
(45, 5, 'подобрать платье', 'как подобрать платье?', '#', 1),
(46, 5, 'записаться к визажисту', 'как выбрать визажиста?', '#', 1),
(47, 5, 'записаться на педикюр', 'когда и какой педикюр делать?', '#', 1),
(48, 5, 'взять с собой расписание свадьбы', 'для чего это нужно?', '#', 1),
(49, 5, 'организовать выкуп невесты', 'как организовать выкуп?', '#', 1),
(50, 5, 'записаться к парикмахеру', 'на какое время записаться?', '#', 1),
(51, 5, 'записаться на маникюр', 'когда и какой делать маникюр?', '#', 1),
(52, 5, 'подготовить рем-комплект невесты', 'что бывает очень нужно в день свадьбы?', '#', 1),
(53, 6, 'организовать мальчишник', 'как организовать мальчишник?', '#', 1),
(54, 6, 'подобрать костюм', 'как подобрать костюм?', '#', 1),
(55, 6, 'записаться к парикмахеру', 'на какое время записаться?', '#', 1),
(56, 6, 'хранить кольца до регистрации', 'как не потерять кольца?', '#', 1),
(57, 6, 'подготовится к выкупу', 'к чему быть готовым?', '#', 1),
(58, 6, 'подобрать аксессуары', 'как подобрать аксессуары?', '#', 1),
(59, 6, 'подготовить рем-комплект жениха', 'что бывает очень нужно в день свадьбы?', '#', 1),
(60, 6, 'взять с собой расписание свадьбы', 'для чего это нужно?', '#', 1),
(61, 7, 'поставить первый танец', 'как поставить первый танец и не поссориться?', '#', 1),
(62, 7, 'свечи и подсвечники', 'для чего и какие нужны свечи?', '#', 1),
(63, 7, 'иконы', 'для чего и какие нужны  иконы?', '#', 1),
(64, 7, 'нож и лопатка для торта', 'неужели это важно?', '#', 1),
(65, 7, 'сувенирное шампанское', 'где заказать и зачем оно нужно?', '#', 1),
(66, 7, 'аксессуары для сбора денег', 'на что и во что обычно собирают на свадьбах?', '#', 1),
(67, 7, 'портативная зарядка (Powerbank)', 'мелочь, а очень выручает?', '#', 1),
(68, 7, 'заказать пригласительные', 'где и как делать пригласительные?', '#', 1),
(69, 7, 'бокалы для битья', 'какие брать бокалы?', '#', 1),
(70, 7, 'рушники', 'для чего и какие рушники?', '#', 1),
(71, 7, 'фигурки на торт', 'где и какие заказывать фигурки?', '#', 1),
(72, 7, 'памятные подарки гостям', 'какие подобрать подарки?', '#', 1),
(73, 7, 'аксессуар для сбора подарков', 'что это и для чего оно нужно?', '#', 1),
(74, 8, 'подобрать фотографа', 'как подобрать фотографа?', '#', 1),
(75, 8, 'выбрать места фото-сессии', 'как подобрать места?', '#', 1),
(76, 8, 'транспорт на фото-сессию', 'какой выбрать транспорт?', '#', 1),
(77, 8, 'подобрать видеографа', 'как подобрать видеографа?', '#', 1),
(78, 8, 'снять Love Story', 'на что обратить внимание при создании?', '#', 1),
(79, 8, 'Фото-сессия после свадьбы', 'для чего нужна фото-сессия после свадьбы?', '#', 1);

-- --------------------------------------------------------

--
-- Структура таблицы `job_categories`
--

CREATE TABLE `job_categories` (
  `id` int(10) UNSIGNED NOT NULL,
  `event_id` int(10) UNSIGNED NOT NULL,
  `name` varchar(100) COLLATE utf8mb4_unicode_ci NOT NULL,
  `color` varchar(20) COLLATE utf8mb4_unicode_ci NOT NULL,
  `created_at` timestamp NULL DEFAULT NULL,
  `updated_at` timestamp NULL DEFAULT NULL
) ENGINE=MyISAM DEFAULT CHARSET=utf8mb4 COLLATE=utf8mb4_unicode_ci;

--
-- Дамп данных таблицы `job_categories`
--

INSERT INTO `job_categories` (`id`, `event_id`, `name`, `color`, `created_at`, `updated_at`) VALUES
(1, 1, 'банкет', 'blue', '2017-05-29 10:36:43', '2017-05-29 10:36:43'),
(2, 1, 'невеста', 'coral', '2017-05-29 10:36:43', '2017-05-29 10:36:43'),
(3, 1, 'жених', 'purple', '2017-05-29 10:36:43', '2017-05-29 10:36:43'),
(4, 1, 'регистрация', 'violet', '2017-05-29 10:36:43', '2017-05-29 10:36:43'),
(5, 1, 'свидетельница', 'pink', '2017-05-29 10:36:43', '2017-05-29 10:36:43'),
(6, 1, 'свидетель', 'purple', '2017-05-29 10:36:43', '2017-05-29 10:36:43'),
(7, 1, 'дополнительно', 'red', '2017-05-29 10:36:43', '2017-05-29 10:36:43'),
(8, 1, 'фото видео', 'red', '2017-05-29 10:36:43', '2017-05-29 10:36:43'),
(22, 1, 'ff', 'purple', '2017-06-25 09:34:19', '2017-06-25 09:34:19'),
(23, 3, 'банкет', 'blue', '2017-06-25 10:41:10', '2017-06-25 10:41:10'),
(24, 3, 'невеста', 'coral', '2017-06-25 10:41:10', '2017-06-25 10:41:10'),
(25, 3, 'жених', 'purple', '2017-06-25 10:41:10', '2017-06-25 10:41:10'),
(26, 3, 'регистрация', 'violet', '2017-06-25 10:41:10', '2017-06-25 10:41:10'),
(27, 3, 'свидетельница', 'pink', '2017-06-25 10:41:10', '2017-06-25 10:41:10'),
(28, 3, 'свидетель', 'purple', '2017-06-25 10:41:10', '2017-06-25 10:41:10'),
(29, 3, 'дополнительно', 'red', '2017-06-25 10:41:10', '2017-06-25 10:41:10'),
(30, 3, 'фото видео', 'red', '2017-06-25 10:41:10', '2017-06-25 10:41:10'),
(31, 4, 'банкет', 'blue', '2017-08-19 21:49:38', '2017-08-19 21:49:38'),
(32, 4, 'невеста', 'coral', '2017-08-19 21:49:38', '2017-08-19 21:49:38'),
(33, 4, 'жених', 'purple', '2017-08-19 21:49:38', '2017-08-19 21:49:38'),
(34, 4, 'регистрация', 'violet', '2017-08-19 21:49:38', '2017-08-19 21:49:38'),
(35, 4, 'свидетельница', 'pink', '2017-08-19 21:49:38', '2017-08-19 21:49:38'),
(36, 4, 'свидетель', 'purple', '2017-08-19 21:49:38', '2017-08-19 21:49:38'),
(37, 4, 'дополнительно', 'red', '2017-08-19 21:49:38', '2017-08-19 21:49:38'),
(38, 4, 'фото видео', 'red', '2017-08-19 21:49:39', '2017-08-19 21:49:39'),
(39, 5, 'банкет', 'blue', '2020-02-04 05:42:44', '2020-02-04 05:42:44'),
(40, 5, 'невеста', 'coral', '2020-02-04 05:42:44', '2020-02-04 05:42:44'),
(41, 5, 'жених', 'purple', '2020-02-04 05:42:44', '2020-02-04 05:42:44'),
(42, 5, 'регистрация', 'violet', '2020-02-04 05:42:44', '2020-02-04 05:42:44'),
(43, 5, 'свидетельница', 'pink', '2020-02-04 05:42:44', '2020-02-04 05:42:44'),
(44, 5, 'свидетель', 'purple', '2020-02-04 05:42:44', '2020-02-04 05:42:44'),
(45, 5, 'дополнительно', 'red', '2020-02-04 05:42:44', '2020-02-04 05:42:44'),
(46, 5, 'фото видео', 'red', '2020-02-04 05:42:44', '2020-02-04 05:42:44'),
(47, 6, 'банкет', 'blue', '2020-02-10 17:02:47', '2020-02-10 17:02:47'),
(48, 6, 'невеста', 'coral', '2020-02-10 17:02:47', '2020-02-10 17:02:47'),
(49, 6, 'жених', 'purple', '2020-02-10 17:02:47', '2020-02-10 17:02:47'),
(50, 6, 'регистрация', 'violet', '2020-02-10 17:02:47', '2020-02-10 17:02:47'),
(51, 6, 'свидетельница', 'pink', '2020-02-10 17:02:47', '2020-02-10 17:02:47'),
(52, 6, 'свидетель', 'purple', '2020-02-10 17:02:47', '2020-02-10 17:02:47'),
(53, 6, 'дополнительно', 'red', '2020-02-10 17:02:47', '2020-02-10 17:02:47'),
(54, 6, 'фото видео', 'red', '2020-02-10 17:02:47', '2020-02-10 17:02:47'),
(55, 7, 'банкет', 'blue', '2020-02-17 06:24:53', '2020-02-17 06:24:53'),
(56, 7, 'невеста', 'coral', '2020-02-17 06:24:53', '2020-02-17 06:24:53'),
(57, 7, 'жених', 'purple', '2020-02-17 06:24:53', '2020-02-17 06:24:53'),
(58, 7, 'регистрация', 'violet', '2020-02-17 06:24:53', '2020-02-17 06:24:53'),
(59, 7, 'свидетельница', 'pink', '2020-02-17 06:24:53', '2020-02-17 06:24:53'),
(60, 7, 'свидетель', 'purple', '2020-02-17 06:24:53', '2020-02-17 06:24:53'),
(61, 7, 'дополнительно', 'red', '2020-02-17 06:24:53', '2020-02-17 06:24:53'),
(62, 7, 'фото видео', 'red', '2020-02-17 06:24:53', '2020-02-17 06:24:53'),
(63, 8, 'банкет', 'blue', '2020-02-18 09:24:43', '2020-02-18 09:24:43'),
(64, 8, 'невеста', 'coral', '2020-02-18 09:24:43', '2020-02-18 09:24:43'),
(65, 8, 'жених', 'purple', '2020-02-18 09:24:43', '2020-02-18 09:24:43'),
(66, 8, 'регистрация', 'violet', '2020-02-18 09:24:43', '2020-02-18 09:24:43'),
(67, 8, 'свидетельница', 'pink', '2020-02-18 09:24:43', '2020-02-18 09:24:43'),
(68, 8, 'свидетель', 'purple', '2020-02-18 09:24:43', '2020-02-18 09:24:43'),
(69, 8, 'дополнительно', 'red', '2020-02-18 09:24:43', '2020-02-18 09:24:43'),
(70, 8, 'фото видео', 'red', '2020-02-18 09:24:43', '2020-02-18 09:24:43'),
(71, 9, 'банкет', 'blue', '2020-02-21 10:01:25', '2020-02-21 10:01:25'),
(72, 9, 'невеста', 'coral', '2020-02-21 10:01:25', '2020-02-21 10:01:25'),
(73, 9, 'жених', 'purple', '2020-02-21 10:01:25', '2020-02-21 10:01:25'),
(74, 9, 'регистрация', 'violet', '2020-02-21 10:01:25', '2020-02-21 10:01:25'),
(75, 9, 'свидетельница', 'pink', '2020-02-21 10:01:25', '2020-02-21 10:01:25'),
(76, 9, 'свидетель', 'purple', '2020-02-21 10:01:25', '2020-02-21 10:01:25'),
(77, 9, 'дополнительно', 'red', '2020-02-21 10:01:25', '2020-02-21 10:01:25'),
(78, 9, 'фото видео', 'red', '2020-02-21 10:01:25', '2020-02-21 10:01:25'),
(79, 10, 'банкет', 'blue', '2020-02-21 10:20:44', '2020-02-21 10:20:44'),
(80, 10, 'невеста', 'coral', '2020-02-21 10:20:44', '2020-02-21 10:20:44'),
(81, 10, 'жених', 'purple', '2020-02-21 10:20:44', '2020-02-21 10:20:44'),
(82, 10, 'регистрация', 'violet', '2020-02-21 10:20:44', '2020-02-21 10:20:44'),
(83, 10, 'свидетельница', 'pink', '2020-02-21 10:20:44', '2020-02-21 10:20:44'),
(84, 10, 'свидетель', 'purple', '2020-02-21 10:20:44', '2020-02-21 10:20:44'),
(85, 10, 'дополнительно', 'red', '2020-02-21 10:20:44', '2020-02-21 10:20:44'),
(86, 10, 'фото видео', 'red', '2020-02-21 10:20:44', '2020-02-21 10:20:44'),
(87, 11, 'банкет', 'blue', '2020-02-21 10:44:27', '2020-02-21 10:44:27'),
(88, 11, 'невеста', 'coral', '2020-02-21 10:44:27', '2020-02-21 10:44:27'),
(89, 11, 'жених', 'purple', '2020-02-21 10:44:27', '2020-02-21 10:44:27'),
(90, 11, 'регистрация', 'violet', '2020-02-21 10:44:27', '2020-02-21 10:44:27'),
(91, 11, 'свидетельница', 'pink', '2020-02-21 10:44:27', '2020-02-21 10:44:27'),
(92, 11, 'свидетель', 'purple', '2020-02-21 10:44:27', '2020-02-21 10:44:27'),
(93, 11, 'дополнительно', 'red', '2020-02-21 10:44:27', '2020-02-21 10:44:27'),
(94, 11, 'фото видео', 'red', '2020-02-21 10:44:27', '2020-02-21 10:44:27'),
(95, 12, 'банкет', 'blue', '2020-02-21 10:46:02', '2020-02-21 10:46:02'),
(96, 12, 'невеста', 'coral', '2020-02-21 10:46:02', '2020-02-21 10:46:02'),
(97, 12, 'жених', 'purple', '2020-02-21 10:46:02', '2020-02-21 10:46:02'),
(98, 12, 'регистрация', 'violet', '2020-02-21 10:46:02', '2020-02-21 10:46:02'),
(99, 12, 'свидетельница', 'pink', '2020-02-21 10:46:02', '2020-02-21 10:46:02'),
(100, 12, 'свидетель', 'purple', '2020-02-21 10:46:02', '2020-02-21 10:46:02'),
(101, 12, 'дополнительно', 'red', '2020-02-21 10:46:02', '2020-02-21 10:46:02'),
(102, 12, 'фото видео', 'red', '2020-02-21 10:46:02', '2020-02-21 10:46:02'),
(103, 13, 'банкет', 'blue', '2020-02-21 10:47:05', '2020-02-21 10:47:05'),
(104, 13, 'невеста', 'coral', '2020-02-21 10:47:05', '2020-02-21 10:47:05'),
(105, 13, 'жених', 'purple', '2020-02-21 10:47:05', '2020-02-21 10:47:05'),
(106, 13, 'регистрация', 'violet', '2020-02-21 10:47:05', '2020-02-21 10:47:05'),
(107, 13, 'свидетельница', 'pink', '2020-02-21 10:47:05', '2020-02-21 10:47:05'),
(108, 13, 'свидетель', 'purple', '2020-02-21 10:47:05', '2020-02-21 10:47:05'),
(109, 13, 'дополнительно', 'red', '2020-02-21 10:47:05', '2020-02-21 10:47:05'),
(110, 13, 'фото видео', 'red', '2020-02-21 10:47:05', '2020-02-21 10:47:05'),
(111, 14, 'банкет', 'blue', '2020-02-21 10:48:59', '2020-02-21 10:48:59'),
(112, 14, 'невеста', 'coral', '2020-02-21 10:48:59', '2020-02-21 10:48:59'),
(113, 14, 'жених', 'purple', '2020-02-21 10:48:59', '2020-02-21 10:48:59'),
(114, 14, 'регистрация', 'violet', '2020-02-21 10:48:59', '2020-02-21 10:48:59'),
(115, 14, 'свидетельница', 'pink', '2020-02-21 10:48:59', '2020-02-21 10:48:59'),
(116, 14, 'свидетель', 'purple', '2020-02-21 10:48:59', '2020-02-21 10:48:59'),
(117, 14, 'дополнительно', 'red', '2020-02-21 10:48:59', '2020-02-21 10:48:59'),
(118, 14, 'фото видео', 'red', '2020-02-21 10:48:59', '2020-02-21 10:48:59'),
(119, 15, 'банкет', 'blue', '2020-02-21 10:54:42', '2020-02-21 10:54:42'),
(120, 15, 'невеста', 'coral', '2020-02-21 10:54:42', '2020-02-21 10:54:42'),
(121, 15, 'жених', 'purple', '2020-02-21 10:54:42', '2020-02-21 10:54:42'),
(122, 15, 'регистрация', 'violet', '2020-02-21 10:54:42', '2020-02-21 10:54:42'),
(123, 15, 'свидетельница', 'pink', '2020-02-21 10:54:42', '2020-02-21 10:54:42'),
(124, 15, 'свидетель', 'purple', '2020-02-21 10:54:42', '2020-02-21 10:54:42'),
(125, 15, 'дополнительно', 'red', '2020-02-21 10:54:42', '2020-02-21 10:54:42'),
(126, 15, 'фото видео', 'red', '2020-02-21 10:54:42', '2020-02-21 10:54:42'),
(127, 16, 'банкет', 'blue', '2020-02-21 10:55:41', '2020-02-21 10:55:41'),
(128, 16, 'невеста', 'coral', '2020-02-21 10:55:41', '2020-02-21 10:55:41'),
(129, 16, 'жених', 'purple', '2020-02-21 10:55:41', '2020-02-21 10:55:41'),
(130, 16, 'регистрация', 'violet', '2020-02-21 10:55:41', '2020-02-21 10:55:41'),
(131, 16, 'свидетельница', 'pink', '2020-02-21 10:55:41', '2020-02-21 10:55:41'),
(132, 16, 'свидетель', 'purple', '2020-02-21 10:55:41', '2020-02-21 10:55:41'),
(133, 16, 'дополнительно', 'red', '2020-02-21 10:55:41', '2020-02-21 10:55:41'),
(134, 16, 'фото видео', 'red', '2020-02-21 10:55:41', '2020-02-21 10:55:41'),
(135, 17, 'банкет', 'blue', '2020-02-21 11:04:37', '2020-02-21 11:04:37'),
(136, 17, 'невеста', 'coral', '2020-02-21 11:04:37', '2020-02-21 11:04:37'),
(137, 17, 'жених', 'purple', '2020-02-21 11:04:37', '2020-02-21 11:04:37'),
(138, 17, 'регистрация', 'violet', '2020-02-21 11:04:37', '2020-02-21 11:04:37'),
(139, 17, 'свидетельница', 'pink', '2020-02-21 11:04:37', '2020-02-21 11:04:37'),
(140, 17, 'свидетель', 'purple', '2020-02-21 11:04:37', '2020-02-21 11:04:37'),
(141, 17, 'дополнительно', 'red', '2020-02-21 11:04:37', '2020-02-21 11:04:37'),
(142, 17, 'фото видео', 'red', '2020-02-21 11:04:37', '2020-02-21 11:04:37'),
(143, 18, 'банкет', 'blue', '2020-02-21 11:07:07', '2020-02-21 11:07:07'),
(144, 18, 'невеста', 'coral', '2020-02-21 11:07:07', '2020-02-21 11:07:07'),
(145, 18, 'жених', 'purple', '2020-02-21 11:07:07', '2020-02-21 11:07:07'),
(146, 18, 'регистрация', 'violet', '2020-02-21 11:07:07', '2020-02-21 11:07:07'),
(147, 18, 'свидетельница', 'pink', '2020-02-21 11:07:07', '2020-02-21 11:07:07'),
(148, 18, 'свидетель', 'purple', '2020-02-21 11:07:07', '2020-02-21 11:07:07'),
(149, 18, 'дополнительно', 'red', '2020-02-21 11:07:07', '2020-02-21 11:07:07'),
(150, 18, 'фото видео', 'red', '2020-02-21 11:07:07', '2020-02-21 11:07:07'),
(152, 18, '14545', 'blue', '2020-02-26 09:43:06', '2020-02-26 09:43:06'),
(153, 18, '1', 'blue', '2020-02-26 11:03:32', '2020-02-26 11:03:32'),
(154, 18, '1', 'blue', '2020-02-26 11:05:44', '2020-02-26 11:05:44'),
(155, 18, '1', 'blue', '2020-02-26 11:17:47', '2020-02-26 11:17:47'),
(156, 18, '1', 'blue', '2020-02-26 11:18:33', '2020-02-26 11:18:33'),
(157, 19, 'банкет', 'blue', '2020-02-27 06:04:41', '2020-02-27 06:04:41'),
(158, 19, 'невеста', 'coral', '2020-02-27 06:04:41', '2020-02-27 06:04:41'),
(159, 19, 'жених', 'purple', '2020-02-27 06:04:41', '2020-02-27 06:04:41'),
(160, 19, 'регистрация', 'violet', '2020-02-27 06:04:41', '2020-02-27 06:04:41'),
(161, 19, 'свидетельница', 'pink', '2020-02-27 06:04:41', '2020-02-27 06:04:41'),
(162, 19, 'свидетель', 'purple', '2020-02-27 06:04:41', '2020-02-27 06:04:41'),
(163, 19, 'дополнительно', 'red', '2020-02-27 06:04:41', '2020-02-27 06:04:41'),
(164, 19, 'фото видео', 'red', '2020-02-27 06:04:41', '2020-02-27 06:04:41'),
(165, 20, 'банкет', 'blue', '2020-06-14 17:39:34', '2020-06-14 17:39:34'),
(166, 20, 'невеста', 'coral', '2020-06-14 17:39:34', '2020-06-14 17:39:34'),
(167, 20, 'жених', 'purple', '2020-06-14 17:39:34', '2020-06-14 17:39:34'),
(168, 20, 'регистрация', 'violet', '2020-06-14 17:39:34', '2020-06-14 17:39:34'),
(169, 20, 'свидетельница', 'pink', '2020-06-14 17:39:34', '2020-06-14 17:39:34'),
(170, 20, 'свидетель', 'purple', '2020-06-14 17:39:34', '2020-06-14 17:39:34'),
(171, 20, 'дополнительно', 'red', '2020-06-14 17:39:34', '2020-06-14 17:39:34'),
(172, 20, 'фото видео', 'red', '2020-06-14 17:39:34', '2020-06-14 17:39:34'),
(173, 21, 'банкет', 'blue', '2020-06-16 17:03:49', '2020-06-16 17:03:49'),
(174, 21, 'невеста', 'coral', '2020-06-16 17:03:49', '2020-06-16 17:03:49'),
(175, 21, 'жених', 'purple', '2020-06-16 17:03:49', '2020-06-16 17:03:49'),
(176, 21, 'регистрация', 'violet', '2020-06-16 17:03:49', '2020-06-16 17:03:49'),
(177, 21, 'свидетельница', 'pink', '2020-06-16 17:03:49', '2020-06-16 17:03:49'),
(178, 21, 'свидетель', 'purple', '2020-06-16 17:03:49', '2020-06-16 17:03:49'),
(179, 21, 'дополнительно', 'red', '2020-06-16 17:03:50', '2020-06-16 17:03:50'),
(180, 21, 'фото видео', 'red', '2020-06-16 17:03:50', '2020-06-16 17:03:50');

-- --------------------------------------------------------

--
-- Структура таблицы `job_categories_default`
--

CREATE TABLE `job_categories_default` (
  `id` int(10) UNSIGNED NOT NULL,
  `name` varchar(100) COLLATE utf8mb4_unicode_ci NOT NULL,
  `color` varchar(20) COLLATE utf8mb4_unicode_ci NOT NULL
) ENGINE=MyISAM DEFAULT CHARSET=utf8mb4 COLLATE=utf8mb4_unicode_ci;

--
-- Дамп данных таблицы `job_categories_default`
--

INSERT INTO `job_categories_default` (`id`, `name`, `color`) VALUES
(1, 'банкет', 'blue'),
(2, 'невеста', 'coral'),
(3, 'жених', 'purple'),
(4, 'регистрация', 'violet'),
(5, 'свидетельница', 'pink'),
(6, 'свидетель', 'purple'),
(7, 'дополнительно', 'red'),
(8, 'фото видео', 'red');

-- --------------------------------------------------------

--
-- Структура таблицы `menus`
--

CREATE TABLE `menus` (
  `id` int(10) UNSIGNED NOT NULL,
  `menu_group_id` int(11) NOT NULL,
  `name` varchar(255) COLLATE utf8mb4_unicode_ci NOT NULL,
  `kolvo` int(11) NOT NULL,
  `weight` int(11) NOT NULL,
  `price` int(11) NOT NULL,
  `summ` int(11) NOT NULL,
  `created_at` timestamp NULL DEFAULT NULL,
  `updated_at` timestamp NULL DEFAULT NULL
) ENGINE=InnoDB DEFAULT CHARSET=utf8mb4 COLLATE=utf8mb4_unicode_ci;

--
-- Дамп данных таблицы `menus`
--

INSERT INTO `menus` (`id`, `menu_group_id`, `name`, `kolvo`, `weight`, `price`, `summ`, `created_at`, `updated_at`) VALUES
(38, 2, '123', 343, 500, 343, 1000, '2020-02-20 10:08:22', '2020-02-20 10:08:22'),
(44, 1, 'Курятина', 5, 1000, 500, 2500, '2020-02-20 11:15:57', '2020-02-20 11:15:57'),
(82, 30, 'Водка', 111, 111, 111, 12321, '2020-02-21 11:09:14', '2020-02-21 11:09:14'),
(83, 26, 'Манка', 5, 100, 100, 500, '2020-02-26 03:36:37', '2020-02-26 03:36:37'),
(87, 45, '32423', 23, 343, 34343, 789889, '2020-03-04 10:42:00', '2020-03-04 10:42:00');

-- --------------------------------------------------------

--
-- Структура таблицы `menu_groups`
--

CREATE TABLE `menu_groups` (
  `id` int(10) UNSIGNED NOT NULL,
  `name` varchar(255) COLLATE utf8mb4_unicode_ci NOT NULL,
  `user_id` int(11) NOT NULL,
  `created_at` timestamp NULL DEFAULT NULL,
  `updated_at` timestamp NULL DEFAULT NULL
) ENGINE=InnoDB DEFAULT CHARSET=utf8mb4 COLLATE=utf8mb4_unicode_ci;

--
-- Дамп данных таблицы `menu_groups`
--

INSERT INTO `menu_groups` (`id`, `name`, `user_id`, `created_at`, `updated_at`) VALUES
(1, 'Холодные закуски', 1, NULL, NULL),
(23, 'Холодные закуски', 23, '2020-02-21 11:04:37', '2020-02-21 11:04:37'),
(24, 'Фуршет', 23, '2020-02-21 11:04:37', '2020-02-21 11:04:37'),
(25, 'Салаты', 23, '2020-02-21 11:04:37', '2020-02-21 11:04:37'),
(26, 'Холодные закуски', 24, '2020-02-21 11:07:07', '2020-02-21 11:07:07'),
(27, 'Фуршет', 24, '2020-02-21 11:07:07', '2020-02-21 11:07:07'),
(28, 'Салаты', 24, '2020-02-21 11:07:07', '2020-02-21 11:07:07'),
(29, 'Горячие закуски', 24, '2020-02-21 11:07:07', '2020-02-21 11:07:07'),
(30, 'Горячие основные блюда', 24, '2020-02-21 11:07:07', '2020-02-21 11:07:07'),
(31, 'Гарниры', 24, '2020-02-21 11:07:07', '2020-02-21 11:07:07'),
(32, 'Десерты', 24, '2020-02-21 11:07:07', '2020-02-21 11:07:07'),
(33, 'Безалкогольные напитки', 24, '2020-02-21 11:07:07', '2020-02-21 11:07:07'),
(34, 'Алкогольные напитки', 24, '2020-02-21 11:07:07', '2020-02-21 11:07:07'),
(35, 'Холодные закуски', 25, '2020-02-27 06:04:41', '2020-02-27 06:04:41'),
(36, 'Фуршет', 25, '2020-02-27 06:04:41', '2020-02-27 06:04:41'),
(37, 'Салаты', 25, '2020-02-27 06:04:41', '2020-02-27 06:04:41'),
(38, 'Горячие закуски', 25, '2020-02-27 06:04:41', '2020-02-27 06:04:41'),
(39, 'Горячие основные блюда', 25, '2020-02-27 06:04:41', '2020-02-27 06:04:41'),
(40, 'Гарниры', 25, '2020-02-27 06:04:41', '2020-02-27 06:04:41'),
(41, 'Десерты', 25, '2020-02-27 06:04:41', '2020-02-27 06:04:41'),
(42, 'Безалкогольные напитки', 25, '2020-02-27 06:04:41', '2020-02-27 06:04:41'),
(43, 'Алкогольные напитки', 25, '2020-02-27 06:04:41', '2020-02-27 06:04:41'),
(45, 'Cold', 11, NULL, NULL),
(46, 'Холодные закуски', 26, '2020-06-14 17:39:33', '2020-06-14 17:39:33'),
(47, 'Фуршет', 26, '2020-06-14 17:39:33', '2020-06-14 17:39:33'),
(48, 'Салаты', 26, '2020-06-14 17:39:33', '2020-06-14 17:39:33'),
(49, 'Горячие закуски', 26, '2020-06-14 17:39:33', '2020-06-14 17:39:33'),
(50, 'Горячие основные блюда', 26, '2020-06-14 17:39:33', '2020-06-14 17:39:33'),
(51, 'Гарниры', 26, '2020-06-14 17:39:33', '2020-06-14 17:39:33'),
(52, 'Десерты', 26, '2020-06-14 17:39:33', '2020-06-14 17:39:33'),
(53, 'Безалкогольные напитки', 26, '2020-06-14 17:39:33', '2020-06-14 17:39:33'),
(54, 'Алкогольные напитки', 26, '2020-06-14 17:39:33', '2020-06-14 17:39:33'),
(55, 'Холодные закуски', 27, '2020-06-16 17:03:48', '2020-06-16 17:03:48'),
(56, 'Фуршет', 27, '2020-06-16 17:03:49', '2020-06-16 17:03:49'),
(57, 'Салаты', 27, '2020-06-16 17:03:49', '2020-06-16 17:03:49'),
(58, 'Горячие закуски', 27, '2020-06-16 17:03:49', '2020-06-16 17:03:49'),
(59, 'Горячие основные блюда', 27, '2020-06-16 17:03:49', '2020-06-16 17:03:49'),
(60, 'Гарниры', 27, '2020-06-16 17:03:49', '2020-06-16 17:03:49'),
(61, 'Десерты', 27, '2020-06-16 17:03:49', '2020-06-16 17:03:49'),
(62, 'Безалкогольные напитки', 27, '2020-06-16 17:03:49', '2020-06-16 17:03:49'),
(63, 'Алкогольные напитки', 27, '2020-06-16 17:03:49', '2020-06-16 17:03:49');

-- --------------------------------------------------------

--
-- Структура таблицы `migrations`
--

CREATE TABLE `migrations` (
  `id` int(10) UNSIGNED NOT NULL,
  `migration` varchar(255) COLLATE utf8mb4_unicode_ci NOT NULL,
  `batch` int(11) NOT NULL
) ENGINE=MyISAM DEFAULT CHARSET=utf8mb4 COLLATE=utf8mb4_unicode_ci;

--
-- Дамп данных таблицы `migrations`
--

INSERT INTO `migrations` (`id`, `migration`, `batch`) VALUES
(43, '2014_10_12_000000_create_users_table', 1),
(44, '2014_10_12_100000_create_password_resets_table', 1),
(45, '2017_04_26_155351_create_cities_table', 1),
(46, '2017_04_26_155503_create_event_types_table', 1),
(47, '2017_04_26_155539_create_events_table', 1),
(48, '2017_05_01_080407_create_default_job_categories', 1),
(49, '2017_05_01_084757_create_default_jobs_table', 1),
(50, '2017_05_01_101305_create_job_categories_table', 1),
(51, '2017_05_01_102825_create_jobs_table', 1),
(52, '2017_05_07_101733_create_calendar_event_table', 1),
(53, '2017_05_07_102139_add_prirority_column_to_jobs', 1),
(54, '2017_05_07_164940_create_budgets_table', 1),
(55, '2017_05_15_191453_create_guests_table', 1),
(56, '2017_06_05_140345_add_contacts_columns_to_guests', 2),
(57, '2020_02_04_083612_create_calendars_table', 3),
(58, '2020_02_12_085302_create_inivations_table', 4),
(59, '2020_02_14_114414_create_invitees_table', 4),
(60, '2020_02_19_113628_create_menus_table', 5),
(61, '2020_02_19_125456_create_menu_groups_table', 5),
(62, '2020_02_26_125835_create_notes_categories_table', 6),
(63, '2020_02_27_055414_create_notes_table', 6),
(64, '2020_02_27_115339_add_contact_colums_to_guests', 7),
(65, '2020_03_03_141059_create_contacts_table', 7),
(66, '2020_03_04_092919_create_days_table', 8),
(69, '2020_03_06_092737_create_catalogs_table', 9),
(70, '2020_03_06_093511_create_catalog_groups_table', 9);

-- --------------------------------------------------------

--
-- Структура таблицы `notes`
--

CREATE TABLE `notes` (
  `id` int(10) UNSIGNED NOT NULL,
  `seqid` text COLLATE utf8mb4_unicode_ci,
  `category_id` int(10) UNSIGNED NOT NULL,
  `default_job_id` int(10) UNSIGNED DEFAULT NULL,
  `name` varchar(100) COLLATE utf8mb4_unicode_ci NOT NULL,
  `note` text COLLATE utf8mb4_unicode_ci NOT NULL,
  `done` tinyint(1) NOT NULL DEFAULT '0',
  `created_at` timestamp NULL DEFAULT NULL,
  `updated_at` timestamp NULL DEFAULT NULL
) ENGINE=InnoDB DEFAULT CHARSET=utf8mb4 COLLATE=utf8mb4_unicode_ci;

--
-- Дамп данных таблицы `notes`
--

INSERT INTO `notes` (`id`, `seqid`, `category_id`, `default_job_id`, `name`, `note`, `done`, `created_at`, `updated_at`) VALUES
(15, '23.05.2020', 8, NULL, '666', '666', 0, NULL, '2020-02-27 06:01:22'),
(16, '2029-05-20', 7, NULL, 'Новая заметка', '...', 0, '2020-02-27 05:47:51', '2020-02-27 05:47:51'),
(17, '2029-05-20', 7, NULL, 'Новая заметка', '...', 0, '2020-02-27 05:48:35', '2020-02-27 05:48:35'),
(18, '2029-05-20', 7, NULL, 'Привет', '...', 0, '2020-02-27 05:51:29', '2020-02-27 05:51:29'),
(19, '2029-05-20', 7, NULL, 'Новая заметка', '...', 0, '2020-02-27 05:52:42', '2020-02-27 05:52:42'),
(20, '29.05.2018', 7, NULL, 'Новая заметка', '...', 0, '2020-02-27 05:53:10', '2020-02-27 05:53:10'),
(21, '29.05.2010', 7, NULL, '66666', '...', 0, '2020-02-27 05:53:28', '2020-02-27 05:53:28'),
(22, '22.22.2224', 7, NULL, 'Привет мир', '...', 0, '2020-02-27 05:58:09', '2020-02-27 06:00:10');

-- --------------------------------------------------------

--
-- Структура таблицы `notes_categories`
--

CREATE TABLE `notes_categories` (
  `id` int(10) UNSIGNED NOT NULL,
  `event_id` int(10) UNSIGNED NOT NULL,
  `name` varchar(100) COLLATE utf8mb4_unicode_ci NOT NULL,
  `color` varchar(20) COLLATE utf8mb4_unicode_ci NOT NULL,
  `created_at` timestamp NULL DEFAULT NULL,
  `updated_at` timestamp NULL DEFAULT NULL
) ENGINE=InnoDB DEFAULT CHARSET=utf8mb4 COLLATE=utf8mb4_unicode_ci;

--
-- Дамп данных таблицы `notes_categories`
--

INSERT INTO `notes_categories` (`id`, `event_id`, `name`, `color`, `created_at`, `updated_at`) VALUES
(1, 18, 'Заметочки', 'red', NULL, NULL),
(2, 18, 'Вторая', 'blue', '2020-02-26 11:37:53', '2020-02-26 11:37:53'),
(3, 18, 'Третья', 'cora    l', '2020-02-26 11:41:06', '2020-02-26 11:41:06'),
(5, 18, 'Четвертая', 'blue', '2020-02-27 02:59:03', '2020-02-27 02:59:03'),
(6, 18, 'Пятая', 'pink', '2020-02-27 04:57:24', '2020-02-27 04:57:24'),
(7, 5, 'Главная', 'blue', '2020-02-27 05:25:23', '2020-02-27 05:25:23'),
(8, 5, 'Маврин', 'blue', '2020-02-27 06:00:42', '2020-02-27 06:00:42');

-- --------------------------------------------------------

--
-- Структура таблицы `password_resets`
--

CREATE TABLE `password_resets` (
  `email` varchar(255) COLLATE utf8mb4_unicode_ci NOT NULL,
  `token` varchar(255) COLLATE utf8mb4_unicode_ci NOT NULL,
  `created_at` timestamp NULL DEFAULT NULL
) ENGINE=MyISAM DEFAULT CHARSET=utf8mb4 COLLATE=utf8mb4_unicode_ci;

-- --------------------------------------------------------

--
-- Структура таблицы `users`
--

CREATE TABLE `users` (
  `id` int(10) UNSIGNED NOT NULL,
  `username` varchar(100) COLLATE utf8mb4_unicode_ci NOT NULL,
  `email` varchar(100) COLLATE utf8mb4_unicode_ci NOT NULL,
  `password` varchar(255) COLLATE utf8mb4_unicode_ci NOT NULL,
  `remember_token` varchar(100) COLLATE utf8mb4_unicode_ci DEFAULT NULL,
  `created_at` timestamp NULL DEFAULT NULL,
  `updated_at` timestamp NULL DEFAULT NULL
) ENGINE=MyISAM DEFAULT CHARSET=utf8mb4 COLLATE=utf8mb4_unicode_ci;

--
-- Дамп данных таблицы `users`
--

INSERT INTO `users` (`id`, `username`, `email`, `password`, `remember_token`, `created_at`, `updated_at`) VALUES
(1, 'ghgh', 'df@proverstka.com', '$2y$10$7hBhofBsgG30LaHKwBaKn.fnigubCYj0e99zcwKgoZjgCVFD/PNsa', NULL, '2017-05-28 21:13:10', '2017-05-28 21:13:10'),
(3, 'bestervuld', 'bester_trash@mail.ru', '$2y$10$ETy8gZ/9tFLIwyQcKmKmm.Uglr6YiBOWPFuuqS81B/zOdopEeS2A6', 'yijU37dv7Posq7chlrzXuwovLVqPKmxd4r3vRuwlpEMhMfbPSkozxBKDWepm', '2017-05-29 10:36:43', '2017-05-29 10:36:43'),
(5, 'Isya', 'Ilona.maltseva@gmail.com', '$2y$10$jmjm59KXZaoioWF/LMgZ1edbLJh7Q.r/g9j9Dy2vahCcU8tEnswpq', NULL, '2017-05-29 22:40:25', '2017-05-29 22:40:25'),
(6, 'qwe8', 'candymisspoem@mail.ru', '$2y$10$p1spRszA82odCsqo43.gI.BKMnypTgabK46r4KCCh5yvbjb14Gy2m', NULL, '2017-05-30 08:31:39', '2017-05-30 08:31:39'),
(7, 'Ddddf', 'maltseva32@gmail.com', '$2y$10$hr1/Nr53qfZpl6CHTZ/E9.3fb9B6vp/TOpdfGbHW7y.GaytPwNbvi', NULL, '2017-06-01 08:19:29', '2017-06-01 08:19:29'),
(8, 'Test28', 'chetvorskiy@gmail.com', '$2y$10$D3eCM/JG.NQkypToE0P.xeumxEh21mkuy211qHkedlYH4aGzw3t7C', 'n3IjlVLxKiJCRqABJAhvSIrJ3sCW2u46bWsTW0uCni2tAZVrXKVjEQYRrXDx', '2017-06-25 10:41:10', '2017-08-19 22:04:11'),
(9, 'Тест 33', 'romulya2013@gmail.com', '$2y$10$7IEu1iPjDDeWmYrXROW6l.wQDhPz5/yntJIoACbTpZ0uSFG/dHZSu', NULL, '2017-06-25 14:00:28', '2017-06-25 14:00:28'),
(10, 'telega', 'ddd@telega.od.ua', '$2y$10$.cS78atA5Q8LjTRaR2mH3Ow1IfGlPq7GDBSwM4DaFMgh7J7NUblVW', '6cnjqULVO36HXfxnor35NshUY16rrwq32PiLmXuPrEr3FMmkqspSbx8cz7s3', '2017-08-19 21:49:38', '2017-08-19 21:49:38'),
(11, 'admin1', 'admin1@mail.ru', '$2y$10$JHaA1LOJ9skie8kSjeB..OmmNQ4QnfOnlEcmM0AxtH9FpuLKVOlxG', '6N9uNk1aqoLwm3PXIUQGt91NAxRGbOVUku9cLR2Er9jSiYzVxMoKZcS87luR', '2020-02-04 05:42:44', '2020-02-04 05:42:44'),
(12, 'admin2', 'admin2@mail.ru', '$2y$10$FQtkKB2CycqA45RUJiENsuOcZCL5u0N.vvYMgWjCs6rWmLiB/PzwC', 'H1ULcy96vAN7TbEHp2EvGOukVUElEHKURteitJwLSLuhLKvHElCbrXGIpe4D', '2020-02-10 17:02:47', '2020-02-10 17:02:47'),
(13, 'admin3', 'test3@mail.ru', '$2y$10$2vYfqa6VpLIVi4qHS0QbdOYoBU1Dt1sV7eUdPDl5N/gf/avhaoOP6', 'bcW62KfeKiw8nJNIrvXZ8Oebqr6uHbm5BT0rQI6njuA51L1mVTS0m20AK88S', '2020-02-17 06:24:53', '2020-02-17 06:24:53'),
(14, 'admin111', 'admin111@mail.ru', '$2y$10$6FomAq3iaTrCGVJkEGZ3quU9yyiT4chk0UzBNjulVpblFYst8Fw96', 'RYhJmmvmbo8nLr5c3WAIMD79pnCi6CCNbANSsQ9ABmUVffBiEQD2KwpSRvZR', '2020-02-18 09:24:43', '2020-02-18 09:24:43'),
(15, '111', '111@mail.ru', '$2y$10$A5Nr2St5fcQNONii7gynOuWUxUXQ2I9QlguHZj07/iPncosW82aqa', 'mDLfN5lbBIubkewGC12HwRK8Al4DbHwcLy5hVADkxBbVAle0WJRmVRRndAmz', '2020-02-21 10:01:25', '2020-02-21 10:01:25'),
(16, 'qwer', 'qwer@mail.ru', '$2y$10$X0SwR5ZX30huMwm943rIvelbzZVez3pqHLdXHs06/lOO9DGTmQCO.', 'thsUfVJQbyQ2WKpDU8VoeE5jXVwskFZRaSdIBk6LWSIrG0YGvnKVSePoRtnY', '2020-02-21 10:20:44', '2020-02-21 10:20:44'),
(17, 'construkt', 'construkt@mail.ru', '$2y$10$Xwr5LT3dJgT64d0YKiMKeOnNQdOXXnYI5eX463Jb0lrOeWL36qCM2', 'wQjCCNL82OXtHWNHOG1vTTlXY1bHF4AYqpUHpN3dpg5zADOIFJb3krg9vEMN', '2020-02-21 10:44:27', '2020-02-21 10:44:27'),
(18, '1212', '1212@mail.ru', '$2y$10$VAKCSU1b16fp0/T1UjPQ7u/xP66EI8a89bGK7u.Unzg32Z1zrhNN.', 'e0xMiu4uG4eSLiudZHwMlCHVlOR3SgQwkf6vbiIxkrei2lfyqeOzQvDoXTSs', '2020-02-21 10:46:02', '2020-02-21 10:46:02'),
(19, '000', '000@mail.ru', '$2y$10$957tEJOVhUy/wvZnADXa/uuufw8FCIO9pB37qntBx/nvU/J.bo.ee', 'K41rek01uy3MTQaQjNvrgPRK0WB4OZXJYjANXxJ2M6COhOzXJc2YEmWdrbka', '2020-02-21 10:47:05', '2020-02-21 10:47:05'),
(20, 'qwas', 'qwas@mail.ru', '$2y$10$9kqNZkEKCybdP3x5BWkWrOIwohvUmjfL9UyYxMCsF8Dw6IoEFoKUG', 'myfAXZa77vVPIRxeXZIIBh4hDl4OXHNIrje2kuqGaXD7XdFQfbNlGKGsyNZn', '2020-02-21 10:48:59', '2020-02-21 10:48:59'),
(21, 'zxc', 'zxc@mail.ru', '$2y$10$69rzK0PK40wbCTSB4zYOH.2NZhsjdhpHahHWPG4B/YTOnOF.rvrJe', '2AJTQMmz4EPCOTtN1Pb5h1EInPeda0sMkAOm2Mhr5r1oJOy4nfXgNUKJkzrC', '2020-02-21 10:54:42', '2020-02-21 10:54:42'),
(22, 'zzz', 'zzz@mail.ru', '$2y$10$cbM3AZHowaawRwSLQAsCQOx3D628CYmJXWO7x9dhImrZyRcrwu7T.', '1UHHDkHGP4mosqG6ZTQQ0XTDcGE8YYmxClhzISlzLCYx6PAfdXu1kEYXGcle', '2020-02-21 10:55:41', '2020-02-21 10:55:41'),
(23, 'ddd', 'ddd@mail.ru', '$2y$10$1g2M7wrdpOABe7GTD8ggPuy..H6abkiHgQ6r9o/QOvuXSaoUdlAge', 'xFJzvJb6Bgv8Emi4swrntkJeuTmsED3rn3poEf6LnNqwuQeKXQpBEKx0cc3p', '2020-02-21 11:04:37', '2020-02-21 11:04:37'),
(24, 'sss', 'sss@mail.ru', '$2y$10$Uew4mPeEF3vv0Rr2AyAa/eO6MUvv/WQUgWa8nExxKawXsnOuvfGb6', 'pvZ67tGYIT0zhNBbKOVkjTF96t63H0U7Z5R0uK6UiZokacqsXQLccQ64mgih', '2020-02-21 11:07:07', '2020-02-21 11:07:07'),
(25, 'test@mail.ru', 'test@mail.ru', '$2y$10$3UQm2ckOXJGf2HhLcToRKOoNzzUu35zhm9bTPS/sam0JlBVx6eJCe', NULL, '2020-02-27 06:04:41', '2020-02-27 06:04:41'),
(26, '789456', '789456@mail.ru', '$2y$10$6tXyluQfquAPyijxhVxnZ.IQOqL5/cU7cj8AXaVbvitBAqoKTp3mK', '5aP9EefHUn5yzFkRnN2CYXSjzfaIDsHnuYxweS6wSY0vHZAhL0fug58mc7oC', '2020-06-14 17:39:33', '2020-06-14 17:39:33'),
(27, 'Tester1544', 'dir_test@mail.ru', '$2y$10$V71g9PAZHki4ebh5FlbOgOdjRvg1mAQHnjnnLSYeN82enhcCBORTm', NULL, '2020-06-16 17:03:48', '2020-06-16 17:03:48');

--
-- Индексы сохранённых таблиц
--

--
-- Индексы таблицы `budgets`
--
ALTER TABLE `budgets`
  ADD PRIMARY KEY (`id`),
  ADD KEY `budgets_job_id_foreign` (`job_id`);

--
-- Индексы таблицы `calendars`
--
ALTER TABLE `calendars`
  ADD PRIMARY KEY (`id`);

--
-- Индексы таблицы `calendar_events`
--
ALTER TABLE `calendar_events`
  ADD PRIMARY KEY (`id`),
  ADD KEY `calendar_events_job_id_foreign` (`job_id`);

--
-- Индексы таблицы `catalogs`
--
ALTER TABLE `catalogs`
  ADD PRIMARY KEY (`id`);

--
-- Индексы таблицы `catalog_groups`
--
ALTER TABLE `catalog_groups`
  ADD PRIMARY KEY (`id`);

--
-- Индексы таблицы `cities`
--
ALTER TABLE `cities`
  ADD PRIMARY KEY (`id`);

--
-- Индексы таблицы `contacts`
--
ALTER TABLE `contacts`
  ADD PRIMARY KEY (`id`);

--
-- Индексы таблицы `days`
--
ALTER TABLE `days`
  ADD PRIMARY KEY (`id`);

--
-- Индексы таблицы `events`
--
ALTER TABLE `events`
  ADD PRIMARY KEY (`id`),
  ADD KEY `events_user_id_foreign` (`user_id`),
  ADD KEY `events_city_id_foreign` (`city_id`),
  ADD KEY `events_event_type_id_foreign` (`event_type_id`);

--
-- Индексы таблицы `event_types`
--
ALTER TABLE `event_types`
  ADD PRIMARY KEY (`id`);

--
-- Индексы таблицы `guests`
--
ALTER TABLE `guests`
  ADD PRIMARY KEY (`id`),
  ADD KEY `guests_event_id_foreign` (`event_id`);

--
-- Индексы таблицы `inivations`
--
ALTER TABLE `inivations`
  ADD PRIMARY KEY (`id`);

--
-- Индексы таблицы `invitees`
--
ALTER TABLE `invitees`
  ADD PRIMARY KEY (`id`);

--
-- Индексы таблицы `jobs`
--
ALTER TABLE `jobs`
  ADD PRIMARY KEY (`id`),
  ADD KEY `jobs_category_id_foreign` (`category_id`),
  ADD KEY `jobs_default_job_id_foreign` (`default_job_id`);

--
-- Индексы таблицы `jobs_default`
--
ALTER TABLE `jobs_default`
  ADD PRIMARY KEY (`id`),
  ADD KEY `jobs_default_category_id_foreign` (`category_id`);

--
-- Индексы таблицы `job_categories`
--
ALTER TABLE `job_categories`
  ADD PRIMARY KEY (`id`),
  ADD KEY `job_categories_event_id_foreign` (`event_id`);

--
-- Индексы таблицы `job_categories_default`
--
ALTER TABLE `job_categories_default`
  ADD PRIMARY KEY (`id`);

--
-- Индексы таблицы `menus`
--
ALTER TABLE `menus`
  ADD PRIMARY KEY (`id`);

--
-- Индексы таблицы `menu_groups`
--
ALTER TABLE `menu_groups`
  ADD PRIMARY KEY (`id`);

--
-- Индексы таблицы `migrations`
--
ALTER TABLE `migrations`
  ADD PRIMARY KEY (`id`);

--
-- Индексы таблицы `notes`
--
ALTER TABLE `notes`
  ADD PRIMARY KEY (`id`);

--
-- Индексы таблицы `notes_categories`
--
ALTER TABLE `notes_categories`
  ADD PRIMARY KEY (`id`);

--
-- Индексы таблицы `password_resets`
--
ALTER TABLE `password_resets`
  ADD KEY `password_resets_email_index` (`email`(250));

--
-- Индексы таблицы `users`
--
ALTER TABLE `users`
  ADD PRIMARY KEY (`id`),
  ADD UNIQUE KEY `users_email_unique` (`email`);

--
-- AUTO_INCREMENT для сохранённых таблиц
--

--
-- AUTO_INCREMENT для таблицы `budgets`
--
ALTER TABLE `budgets`
  MODIFY `id` int(10) UNSIGNED NOT NULL AUTO_INCREMENT, AUTO_INCREMENT=166;
--
-- AUTO_INCREMENT для таблицы `calendars`
--
ALTER TABLE `calendars`
  MODIFY `id` int(10) UNSIGNED NOT NULL AUTO_INCREMENT, AUTO_INCREMENT=42;
--
-- AUTO_INCREMENT для таблицы `calendar_events`
--
ALTER TABLE `calendar_events`
  MODIFY `id` int(10) UNSIGNED NOT NULL AUTO_INCREMENT, AUTO_INCREMENT=1759;
--
-- AUTO_INCREMENT для таблицы `catalogs`
--
ALTER TABLE `catalogs`
  MODIFY `id` int(10) UNSIGNED NOT NULL AUTO_INCREMENT, AUTO_INCREMENT=11;
--
-- AUTO_INCREMENT для таблицы `catalog_groups`
--
ALTER TABLE `catalog_groups`
  MODIFY `id` int(10) UNSIGNED NOT NULL AUTO_INCREMENT, AUTO_INCREMENT=12;
--
-- AUTO_INCREMENT для таблицы `cities`
--
ALTER TABLE `cities`
  MODIFY `id` int(10) UNSIGNED NOT NULL AUTO_INCREMENT, AUTO_INCREMENT=23;
--
-- AUTO_INCREMENT для таблицы `contacts`
--
ALTER TABLE `contacts`
  MODIFY `id` int(10) UNSIGNED NOT NULL AUTO_INCREMENT, AUTO_INCREMENT=4;
--
-- AUTO_INCREMENT для таблицы `days`
--
ALTER TABLE `days`
  MODIFY `id` int(10) UNSIGNED NOT NULL AUTO_INCREMENT, AUTO_INCREMENT=14;
--
-- AUTO_INCREMENT для таблицы `events`
--
ALTER TABLE `events`
  MODIFY `id` int(10) UNSIGNED NOT NULL AUTO_INCREMENT, AUTO_INCREMENT=22;
--
-- AUTO_INCREMENT для таблицы `event_types`
--
ALTER TABLE `event_types`
  MODIFY `id` int(10) UNSIGNED NOT NULL AUTO_INCREMENT, AUTO_INCREMENT=6;
--
-- AUTO_INCREMENT для таблицы `guests`
--
ALTER TABLE `guests`
  MODIFY `id` int(10) UNSIGNED NOT NULL AUTO_INCREMENT, AUTO_INCREMENT=67;
--
-- AUTO_INCREMENT для таблицы `inivations`
--
ALTER TABLE `inivations`
  MODIFY `id` int(10) UNSIGNED NOT NULL AUTO_INCREMENT, AUTO_INCREMENT=116;
--
-- AUTO_INCREMENT для таблицы `invitees`
--
ALTER TABLE `invitees`
  MODIFY `id` int(10) UNSIGNED NOT NULL AUTO_INCREMENT, AUTO_INCREMENT=110;
--
-- AUTO_INCREMENT для таблицы `jobs`
--
ALTER TABLE `jobs`
  MODIFY `id` int(10) UNSIGNED NOT NULL AUTO_INCREMENT, AUTO_INCREMENT=1759;
--
-- AUTO_INCREMENT для таблицы `jobs_default`
--
ALTER TABLE `jobs_default`
  MODIFY `id` int(10) UNSIGNED NOT NULL AUTO_INCREMENT, AUTO_INCREMENT=80;
--
-- AUTO_INCREMENT для таблицы `job_categories`
--
ALTER TABLE `job_categories`
  MODIFY `id` int(10) UNSIGNED NOT NULL AUTO_INCREMENT, AUTO_INCREMENT=181;
--
-- AUTO_INCREMENT для таблицы `job_categories_default`
--
ALTER TABLE `job_categories_default`
  MODIFY `id` int(10) UNSIGNED NOT NULL AUTO_INCREMENT, AUTO_INCREMENT=9;
--
-- AUTO_INCREMENT для таблицы `menus`
--
ALTER TABLE `menus`
  MODIFY `id` int(10) UNSIGNED NOT NULL AUTO_INCREMENT, AUTO_INCREMENT=88;
--
-- AUTO_INCREMENT для таблицы `menu_groups`
--
ALTER TABLE `menu_groups`
  MODIFY `id` int(10) UNSIGNED NOT NULL AUTO_INCREMENT, AUTO_INCREMENT=64;
--
-- AUTO_INCREMENT для таблицы `migrations`
--
ALTER TABLE `migrations`
  MODIFY `id` int(10) UNSIGNED NOT NULL AUTO_INCREMENT, AUTO_INCREMENT=71;
--
-- AUTO_INCREMENT для таблицы `notes`
--
ALTER TABLE `notes`
  MODIFY `id` int(10) UNSIGNED NOT NULL AUTO_INCREMENT, AUTO_INCREMENT=23;
--
-- AUTO_INCREMENT для таблицы `notes_categories`
--
ALTER TABLE `notes_categories`
  MODIFY `id` int(10) UNSIGNED NOT NULL AUTO_INCREMENT, AUTO_INCREMENT=9;
--
-- AUTO_INCREMENT для таблицы `users`
--
ALTER TABLE `users`
  MODIFY `id` int(10) UNSIGNED NOT NULL AUTO_INCREMENT, AUTO_INCREMENT=28;
/*!40101 SET CHARACTER_SET_CLIENT=@OLD_CHARACTER_SET_CLIENT */;
/*!40101 SET CHARACTER_SET_RESULTS=@OLD_CHARACTER_SET_RESULTS */;
/*!40101 SET COLLATION_CONNECTION=@OLD_COLLATION_CONNECTION */;
